# audited-working-tree	2026-08-14T02:15:00-06:00
# snapshot-assignment	41e18afe74afa570b67a3e670a1a38863c486a00
# current-head	906d7aa125130e1c4691a7097c6725d8d31d113d
# kind	lines	bytes	sha256	path
OWNED	126	4595	1ab0249cb912958fe4c9b750322ec75e889342c57d0906192ae516c31096c8a9	.devcontainer/Dockerfile
OWNED	109	5237	227782b4009d2b1f27dd1148e08de819e1cee3467e6759141f4d00ca1481ffc6	.devcontainer/README.md
OWNED	96	6175	ee5ebd8efb3794000d1f1721cc5a52c385ada3a0c099eaf81643d43013295f4b	.devcontainer/devcontainer.json
OWNED	165	6486	ae877d28275f7c64d0015565de87184b906e8f8053b1ca5c60513dc128236810	.devcontainer/init-firewall.sh
OWNED	37	1673	bc2cc3d2d3ae7bc42f67e5ef16d591939b4d08927c096a2fb19cc8ff5112aae6	.github/workflows/ci.yml
OWNED	10	207	13f840657ef3ebe8cf69f0d1d17bd068d4cee67d9d1dc3ee3d9c749731b5ad0b	.vscode/extensions.json
OWNED	45	1272	5705d38fbf0e84c1dc79b2661818ba61a82d1516cd7e6c1df316b51d0b6ed44f	.vscode/settings.json
OWNED	93	6057	d6f401982cfaae921ea532466d6cf61c3b368be51b0a6ccb692ba3051be0e664	docker/README.md
OWNED	55	2917	4769e002eff8982e966516baad57a9d6ae5dcbb4ee4bc8961064345ec0280e04	docker/entrypoint.sh
OWNED	97	7075	2c2cedc07f3925e08d6258d033aba96a856cb7adb175005981179885748ea6a4	docker/orbweaver.env
OWNED	24	1251	02773d2356492aff92e60f78fcd6164282c40935a43d768b85e824a901f0b99f	docker/secrets/README.md
OWNED	0	0	e3b0c44298fc1c149afbf4c8996fb92427ae41e4649b934ca495991b7852b855	docker/secrets/credentials_key
OWNED	0	0	e3b0c44298fc1c149afbf4c8996fb92427ae41e4649b934ca495991b7852b855	docker/secrets/local_initial_password
OWNED	0	0	e3b0c44298fc1c149afbf4c8996fb92427ae41e4649b934ca495991b7852b855	docker/secrets/oidc_client_secret
OWNED	0	0	e3b0c44298fc1c149afbf4c8996fb92427ae41e4649b934ca495991b7852b855	docker/secrets/openrouter_api_key
OWNED	0	0	e3b0c44298fc1c149afbf4c8996fb92427ae41e4649b934ca495991b7852b855	docker/secrets/session_secret
OWNED	73	4381	7d91f89381c0b6e40d69cb3546fd6b597193f5b8101b3aff7d8f996d0cac8354	patches/@stryker-mutator__core@9.6.1.patch
OWNED	3	186	4ba1816e5116d8c5ecfaca03ec63f68bf54047fd77b1be9f8adfe54af2081c2f	playwright/globals.d.ts
OWNED	15	1153	6a80fd6139ca148586f56e75ce563c027c6ae792cf2209cc589afad0cd127463	playwright/index.css
OWNED	13	481	3f978477e200a09231edc359ef8013f1c6aa94a5589dd06b2a86aca7a1144d7a	playwright/index.html
OWNED	19	970	32751aa19aa6dff45a7d0df1919644dde0fe672c03e8225b7eeb1552dd6cdfa3	playwright/index.tsx
OWNED	10	567	625d9807edf7ab23b9ebfcd2abbf33ff9b44126829b782c55ef675e58ded4fa6	reports/README.md
