kind	path	manifest_lines	manifest_bytes	manifest_sha256	current_lines	current_bytes	current_sha256	status
OWNED	packages/server/src/domain/tag/context.ts	7	573	ffeae9d86e131d0844b2ea6b0637315517f9c09c956bdda4b9bc114b137f0b96	7	573	ffeae9d86e131d0844b2ea6b0637315517f9c09c956bdda4b9bc114b137f0b96	match
OWNED	packages/server/src/domain/tag/contract/.gitkeep	0	0	e3b0c44298fc1c149afbf4c8996fb92427ae41e4649b934ca495991b7852b855	0	0	e3b0c44298fc1c149afbf4c8996fb92427ae41e4649b934ca495991b7852b855	match
OWNED	packages/server/src/domain/tag/contract/errors.ts	15	739	1b3e7937dbda676dd4708c4442667aeecb6517c1ea296ee660ab1a73a7dfc2bf	15	739	1b3e7937dbda676dd4708c4442667aeecb6517c1ea296ee660ab1a73a7dfc2bf	match
OWNED	packages/server/src/domain/tag/contract/params.ts	114	5171	761f09731bac84df3b103005be43e1c89063ed859fcedfe473f67fd19210c995	114	5171	761f09731bac84df3b103005be43e1c89063ed859fcedfe473f67fd19210c995	match
OWNED	packages/server/src/domain/tag/contract/results.ts	15	753	7803c9074d206a10606528850c28ef8ee1fe0ba9358aec388df0daf62982b4cf	15	753	7803c9074d206a10606528850c28ef8ee1fe0ba9358aec388df0daf62982b4cf	match
OWNED	packages/server/src/domain/tag/contract/service.ts	76	4571	5feeb4dfdfddbf326a556c2f365ecbef12ea76c3ad0029cec1e583533457b11d	76	4571	5feeb4dfdfddbf326a556c2f365ecbef12ea76c3ad0029cec1e583533457b11d	match
OWNED	packages/server/src/domain/tag/contract/views.ts	7	533	8734067f1334de38ba8f962856930501cea966d37d337790aad8eaed9300aac6	7	533	8734067f1334de38ba8f962856930501cea966d37d337790aad8eaed9300aac6	match
OWNED	packages/server/src/domain/tag/index.ts	20	895	49231db8a58ce5f688dca8f909de0074268128cb7351760e4772bf628ac66829	20	895	49231db8a58ce5f688dca8f909de0074268128cb7351760e4772bf628ac66829	match
OWNED	packages/server/src/domain/tag/persistence/.gitkeep	0	0	e3b0c44298fc1c149afbf4c8996fb92427ae41e4649b934ca495991b7852b855	0	0	e3b0c44298fc1c149afbf4c8996fb92427ae41e4649b934ca495991b7852b855	match
OWNED	packages/server/src/domain/tag/persistence/junctions.ts	254	10658	fa50c9960c4cd44c77bb12dd14e940db823eab13ef84370021d038535649b498	254	10658	fa50c9960c4cd44c77bb12dd14e940db823eab13ef84370021d038535649b498	match
OWNED	packages/server/src/domain/tag/persistence/queries.ts	328	13850	3c73b52cda9b7aa1441388c9d01ae9f233ea4e3ee18c9707f471f71b7504570a	328	13850	3c73b52cda9b7aa1441388c9d01ae9f233ea4e3ee18c9707f471f71b7504570a	match
OWNED	packages/server/src/domain/tag/service.ts	40	2032	2807611907fb306838104595aca6196c3346a2c4e9c2dbfdbba82f52beaa39d3	40	2032	2807611907fb306838104595aca6196c3346a2c4e9c2dbfdbba82f52beaa39d3	match
OWNED	packages/server/src/domain/tag/substrate/.gitkeep	0	0	e3b0c44298fc1c149afbf4c8996fb92427ae41e4649b934ca495991b7852b855	0	0	e3b0c44298fc1c149afbf4c8996fb92427ae41e4649b934ca495991b7852b855	match
OWNED	packages/server/src/domain/tag/verbs/.gitkeep	0	0	e3b0c44298fc1c149afbf4c8996fb92427ae41e4649b934ca495991b7852b855	0	0	e3b0c44298fc1c149afbf4c8996fb92427ae41e4649b934ca495991b7852b855	match
OWNED	packages/server/src/domain/tag/verbs/attach-card-tag-by-name.ts	48	2395	4b62a7836f44811ba1b7eac14c04ea7c0760d5fd94fd49480f29e0b36370095d	48	2395	4b62a7836f44811ba1b7eac14c04ea7c0760d5fd94fd49480f29e0b36370095d	match
OWNED	packages/server/src/domain/tag/verbs/attach-chat-tag-by-name.ts	40	2661	be6ce68d8e4457dd3f7dae49a1b350957cfa59c581d3f2cb2f8b4401ed319af2	40	2661	be6ce68d8e4457dd3f7dae49a1b350957cfa59c581d3f2cb2f8b4401ed319af2	match
OWNED	packages/server/src/domain/tag/verbs/attach.ts	124	4460	e603ee3480a40680dd09833e7a60a297cd231730afaae13946fcc0e6f9df8417	124	4460	e603ee3480a40680dd09833e7a60a297cd231730afaae13946fcc0e6f9df8417	match
OWNED	packages/server/src/domain/tag/verbs/create.ts	55	2055	490432f66a256e6a2955ed35f4e4ba5b84009ea14192e7c8d4c917146f0bd430	55	2055	490432f66a256e6a2955ed35f4e4ba5b84009ea14192e7c8d4c917146f0bd430	match
OWNED	packages/server/src/domain/tag/verbs/detach-card-tag-by-name.ts	34	1460	7b14fd4de738d2068028823e6c5a47fe9f21c605971a4e5a13e5a57917836e53	34	1460	7b14fd4de738d2068028823e6c5a47fe9f21c605971a4e5a13e5a57917836e53	match
OWNED	packages/server/src/domain/tag/verbs/export.ts	29	1495	5691829c8386575761390cd6bc0d097edc9e1737c1325645ded83c52273b72e9	29	1495	5691829c8386575761390cd6bc0d097edc9e1737c1325645ded83c52273b72e9	match
OWNED	packages/server/src/domain/tag/verbs/import.ts	65	2571	65f251e9762ca4fb9b1e8e797c0e6300c5ea6ee4984f85f0b881cd6e293f46bc	65	2571	65f251e9762ca4fb9b1e8e797c0e6300c5ea6ee4984f85f0b881cd6e293f46bc	match
OWNED	packages/server/src/domain/tag/verbs/list-pending-suggestions.ts	16	1282	bb42926de8f5df740cbe5b3e1de659e134911f7aee35e7d5a7979377b22f362f	16	1282	bb42926de8f5df740cbe5b3e1de659e134911f7aee35e7d5a7979377b22f362f	match
OWNED	packages/server/src/domain/tag/verbs/list-with-usage.ts	9	513	e7365445128583f7785ec9197f47c858263ed768c97db043a5a73e07d045d039	9	513	e7365445128583f7785ec9197f47c858263ed768c97db043a5a73e07d045d039	match
OWNED	packages/server/src/domain/tag/verbs/list.ts	12	532	ed933a0ff811b14516e2163424eb71368f24ab339a6f307efe03aa2d871e6446	12	532	ed933a0ff811b14516e2163424eb71368f24ab339a6f307efe03aa2d871e6446	match
OWNED	packages/server/src/domain/tag/verbs/merge.ts	35	1632	4a258337e6b952fd10c85952e669495e159f64178f1e0d0adff74f319112f165	35	1632	4a258337e6b952fd10c85952e669495e159f64178f1e0d0adff74f319112f165	match
OWNED	packages/server/src/domain/tag/verbs/prune.ts	26	1226	8b2b55fee49c4f883fafa58b616e44dd58bdaf7b94e7ce66b164d71c831ac75c	26	1226	8b2b55fee49c4f883fafa58b616e44dd58bdaf7b94e7ce66b164d71c831ac75c	match
OWNED	packages/server/src/domain/tag/verbs/remove.ts	24	1124	14ed667e52adecd5175f4f287556b944e28856091a2ad62c464b303a6485c695	24	1124	14ed667e52adecd5175f4f287556b944e28856091a2ad62c464b303a6485c695	match
OWNED	packages/server/src/domain/tag/verbs/set-order.ts	17	787	604c1d7766fd5a4e6803288007f34b0a8562830d719f8d2cc32f6a0fc1aff035	17	787	604c1d7766fd5a4e6803288007f34b0a8562830d719f8d2cc32f6a0fc1aff035	match
OWNED	packages/server/src/domain/tag/verbs/update.ts	71	2731	b6d7be6f0441b262cad17ee329ea20fb0014060ab280a6f051ec56cb328f1ca4	71	2731	b6d7be6f0441b262cad17ee329ea20fb0014060ab280a6f051ec56cb328f1ca4	match
OWNED	packages/server/src/domain/tool-use/context.ts	4	232	b6a7bf59eb245e43f840034e438d8bb8bd3cba768eabb48812afffc43ceec02f	4	232	b6a7bf59eb245e43f840034e438d8bb8bd3cba768eabb48812afffc43ceec02f	match
OWNED	packages/server/src/domain/tool-use/contract/errors.ts	24	973	f9bda8df30d3b887bd31fb68a7fc8aa2c442828049838a2f11158fbc87b4b6d4	24	973	f9bda8df30d3b887bd31fb68a7fc8aa2c442828049838a2f11158fbc87b4b6d4	match
OWNED	packages/server/src/domain/tool-use/contract/params.ts	89	5788	e7aa1e47be6f8b820cfd908dcc6268b7f2051609d88cac6b787debbeb0d9495c	89	5788	e7aa1e47be6f8b820cfd908dcc6268b7f2051609d88cac6b787debbeb0d9495c	match
OWNED	packages/server/src/domain/tool-use/contract/results.ts	49	2636	35cd7735f98b9a97fe6cc039f7463f6a7400ed7173a3a6f4005118c22a44256b	49	2636	35cd7735f98b9a97fe6cc039f7463f6a7400ed7173a3a6f4005118c22a44256b	match
OWNED	packages/server/src/domain/tool-use/contract/service.ts	38	2483	e1335717ccedaecde9cf250fc029930739263061ac43a80afa017611b44c15a0	38	2483	e1335717ccedaecde9cf250fc029930739263061ac43a80afa017611b44c15a0	match
OWNED	packages/server/src/domain/tool-use/index.ts	24	1163	21bb78ec23471fe993707f2115f711a7f4efe5ac4f657dc748d0316065e0d51d	24	1163	21bb78ec23471fe993707f2115f711a7f4efe5ac4f657dc748d0316065e0d51d	match
OWNED	packages/server/src/domain/tool-use/service.ts	28	1548	6e70d13bd3961cbbf8672f88fac0a9aa754dab1ab397eefb010efedf88ceb76f	28	1548	6e70d13bd3961cbbf8672f88fac0a9aa754dab1ab397eefb010efedf88ceb76f	match
OWNED	packages/server/src/domain/tool-use/substrate/capability.ts	22	1084	14f726261adbe9e3d6a256ff73ba5dc9cb5fe44c72eed551418473f50e0531d8	22	1084	14f726261adbe9e3d6a256ff73ba5dc9cb5fe44c72eed551418473f50e0531d8	match
OWNED	packages/server/src/domain/tool-use/verbs/execute-tool-calls.ts	75	3153	abca230e8ede6eff5ef036efe3abd1fd782c330ed816fa9c586307c9b929d570	75	3153	abca230e8ede6eff5ef036efe3abd1fd782c330ed816fa9c586307c9b929d570	match
OWNED	packages/server/src/domain/tool-use/verbs/project-mcp.ts	51	2875	c8f31c1fcf747eb3e1dbaad3a98ee415e5ef532f06eb0885e616ea6a6c1e1640	51	2875	c8f31c1fcf747eb3e1dbaad3a98ee415e5ef532f06eb0885e616ea6a6c1e1640	match
OWNED	packages/server/src/domain/tool-use/verbs/register-plugin-tool.ts	107	6124	03fe5073b162e495592d22d929b893c6447b563221a22863d01f0d7500fa90eb	107	6124	03fe5073b162e495592d22d929b893c6447b563221a22863d01f0d7500fa90eb	match
OWNED	packages/server/src/domain/tool-use/verbs/register.ts	66	3166	529ba246a55eda9bfebd577de10af27352685853171c0fe16ea9835f4c677335	66	3166	529ba246a55eda9bfebd577de10af27352685853171c0fe16ea9835f4c677335	match
OWNED	packages/server/src/domain/tool-use/verbs/resolve-tools.ts	24	1283	f2d7276d60d4efb22725105b3528e3481584f42a559c1c78bcb0e43573a59802	24	1283	f2d7276d60d4efb22725105b3528e3481584f42a559c1c78bcb0e43573a59802	match
OWNED	packages/server/src/domain/tool-use/verbs/to-wire-tools.ts	17	842	6be1b11b9800a7050c26e213deaf1b6154ed73bb052b1481ff9fa2decce2846d	17	842	6be1b11b9800a7050c26e213deaf1b6154ed73bb052b1481ff9fa2decce2846d	match
OWNED	packages/server/src/domain/workloads/context.ts	13	945	b69abba232d9d94facb625007e0a0ce238b6b426a18e38c39e09ab5bb0178440	13	945	b69abba232d9d94facb625007e0a0ce238b6b426a18e38c39e09ab5bb0178440	match
OWNED	packages/server/src/domain/workloads/contract/.gitkeep	0	0	e3b0c44298fc1c149afbf4c8996fb92427ae41e4649b934ca495991b7852b855	0	0	e3b0c44298fc1c149afbf4c8996fb92427ae41e4649b934ca495991b7852b855	match
OWNED	packages/server/src/domain/workloads/contract/contribution.ts	69	4440	397ccb079d914a2c42f8b03e6eeacf06893cbaa4663de97b84d3dec33be3f7df	69	4440	397ccb079d914a2c42f8b03e6eeacf06893cbaa4663de97b84d3dec33be3f7df	match
OWNED	packages/server/src/domain/workloads/contract/params.ts	49	1849	42b71c0ee015d110832319c51b499bca328b2f5e24fd6fa9a75da72b860c18c0	49	1849	42b71c0ee015d110832319c51b499bca328b2f5e24fd6fa9a75da72b860c18c0	match
OWNED	packages/server/src/domain/workloads/contract/schedule.ts	65	2901	7855aeb5e51baf9ba010b370d9650a27c94aa10f98cbbdf5608393c61f62166a	65	2901	7855aeb5e51baf9ba010b370d9650a27c94aa10f98cbbdf5608393c61f62166a	match
OWNED	packages/server/src/domain/workloads/contract/service.ts	63	3831	a35b74b35cad253ed21d3db8cceb51634ec1a379041a58fa4c279e95e45b1c7d	63	3831	a35b74b35cad253ed21d3db8cceb51634ec1a379041a58fa4c279e95e45b1c7d	match
OWNED	packages/server/src/domain/workloads/contract/workload-row.ts	61	2978	50b5932e2a6ac80d75b1e09de49265775f9c79ee830bde79dbf5ccea1392b86d	61	2978	50b5932e2a6ac80d75b1e09de49265775f9c79ee830bde79dbf5ccea1392b86d	match
OWNED	packages/server/src/domain/workloads/engine/.gitkeep	0	0	e3b0c44298fc1c149afbf4c8996fb92427ae41e4649b934ca495991b7852b855	0	0	e3b0c44298fc1c149afbf4c8996fb92427ae41e4649b934ca495991b7852b855	match
OWNED	packages/server/src/domain/workloads/engine/progress-bus.ts	42	1977	635c67a2b862f4222f8111102103fe2c9b09dd9f1950149cebaf9d1d4281eaeb	42	1977	635c67a2b862f4222f8111102103fe2c9b09dd9f1950149cebaf9d1d4281eaeb	match
OWNED	packages/server/src/domain/workloads/engine/reaper.ts	40	1723	d61f92bd0f2afa6b247be843e535317cf12bde9220b9742d937c68b872992ba5	40	1723	d61f92bd0f2afa6b247be843e535317cf12bde9220b9742d937c68b872992ba5	match
OWNED	packages/server/src/domain/workloads/engine/runner.ts	244	10324	c5d43d1be9b98223c22f4e6d43b93cdd6748029950f6988c1136b560fc169629	244	10324	c5d43d1be9b98223c22f4e6d43b93cdd6748029950f6988c1136b560fc169629	match
OWNED	packages/server/src/domain/workloads/engine/schedule-tick.ts	48	2228	620cf7dbb5c87f40696e25110d5c12edf2468ef81ae9100e0000a84a55e79eac	48	2228	620cf7dbb5c87f40696e25110d5c12edf2468ef81ae9100e0000a84a55e79eac	match
OWNED	packages/server/src/domain/workloads/index.ts	40	1805	8c4fe6a020171b47871c43cef18e75bb6571519e0b36e949eecdf33e25739cda	40	1805	8c4fe6a020171b47871c43cef18e75bb6571519e0b36e949eecdf33e25739cda	match
OWNED	packages/server/src/domain/workloads/persistence/.gitkeep	0	0	e3b0c44298fc1c149afbf4c8996fb92427ae41e4649b934ca495991b7852b855	0	0	e3b0c44298fc1c149afbf4c8996fb92427ae41e4649b934ca495991b7852b855	match
OWNED	packages/server/src/domain/workloads/persistence/constraints.ts	14	665	423f111e8e62c446682928eaacc4ee3ecd33978085dd11d7d8fd5b44c3844db8	14	665	423f111e8e62c446682928eaacc4ee3ecd33978085dd11d7d8fd5b44c3844db8	match
OWNED	packages/server/src/domain/workloads/persistence/queries.ts	387	20864	7c958cd68e7c38ac3004ba50c3cc28803532d741af2908e34dd98adf736d6e68	387	20864	7c958cd68e7c38ac3004ba50c3cc28803532d741af2908e34dd98adf736d6e68	match
OWNED	packages/server/src/domain/workloads/persistence/schedule-queries.ts	165	8597	736d7414e76b7b71d553bcc119b9399c616fd083334b7e1019779e1a83c8b5c1	165	8597	736d7414e76b7b71d553bcc119b9399c616fd083334b7e1019779e1a83c8b5c1	match
OWNED	packages/server/src/domain/workloads/service.ts	34	1716	8448bccf5ba35495c3457f7bf615fdcbdc8960210ef297c089b96d19f9eff9e6	34	1716	8448bccf5ba35495c3457f7bf615fdcbdc8960210ef297c089b96d19f9eff9e6	match
OWNED	packages/server/src/domain/workloads/substrate/authorize.ts	53	2812	6aebda8b44788aa3ab0cccaff245e100a44662785627380f1f76979f0b1ab984	53	2812	6aebda8b44788aa3ab0cccaff245e100a44662785627380f1f76979f0b1ab984	match
OWNED	packages/server/src/domain/workloads/substrate/params.ts	56	3513	19a9d5a56dfc32b803f88d77ef7ab535a35aab2bf779516cfeefddde8dff1408	56	3513	19a9d5a56dfc32b803f88d77ef7ab535a35aab2bf779516cfeefddde8dff1408	match
OWNED	packages/server/src/domain/workloads/substrate/reserved-contributions.ts	32	1719	097ed8a604ef05905795bacc31662a248473da2b678d9196b35493bd6ce857f4	32	1719	097ed8a604ef05905795bacc31662a248473da2b678d9196b35493bd6ce857f4	match
OWNED	packages/server/src/domain/workloads/verbs/.gitkeep	0	0	e3b0c44298fc1c149afbf4c8996fb92427ae41e4649b934ca495991b7852b855	0	0	e3b0c44298fc1c149afbf4c8996fb92427ae41e4649b934ca495991b7852b855	match
OWNED	packages/server/src/domain/workloads/verbs/cancel.ts	23	1284	e5ec927a9a36c4eacfc87dce0e22f3401d8af2d3d6cce13ad36f7ac546f4e7ca	23	1284	e5ec927a9a36c4eacfc87dce0e22f3401d8af2d3d6cce13ad36f7ac546f4e7ca	match
OWNED	packages/server/src/domain/workloads/verbs/create-schedule.ts	46	2480	eb51b0231151d9e53f304e3071cfcdd9f11a550f4571dec652d1e0353f0f209a	46	2480	eb51b0231151d9e53f304e3071cfcdd9f11a550f4571dec652d1e0353f0f209a	match
OWNED	packages/server/src/domain/workloads/verbs/delete-schedule.ts	22	1199	26291a46a18526b78b431ba3d6064a8a2e7532966e082a63e1d1b1fbfc7b5f59	22	1199	26291a46a18526b78b431ba3d6064a8a2e7532966e082a63e1d1b1fbfc7b5f59	match
OWNED	packages/server/src/domain/workloads/verbs/get.ts	26	1316	b8d66031f9405d0c540f8cf3e8094faed8779ab7336e9fbd4f306115f701caba	26	1316	b8d66031f9405d0c540f8cf3e8094faed8779ab7336e9fbd4f306115f701caba	match
OWNED	packages/server/src/domain/workloads/verbs/list-schedules.ts	21	1379	67691fe1d8b447a29249e19df0b159b80eb67c243cf9cd8826d41779cff4338d	21	1379	67691fe1d8b447a29249e19df0b159b80eb67c243cf9cd8826d41779cff4338d	match
OWNED	packages/server/src/domain/workloads/verbs/list.ts	26	1608	e8445d05a85ef54761bd866dc7ec24189fce032be1885d61d2769a79a40b8c00	26	1608	e8445d05a85ef54761bd866dc7ec24189fce032be1885d61d2769a79a40b8c00	match
OWNED	packages/server/src/domain/workloads/verbs/retry.ts	80	3874	4b28ede499536430710ba345736e3536f78d42c7f2ad1ffa03c2cfc82ce41478	80	3874	4b28ede499536430710ba345736e3536f78d42c7f2ad1ffa03c2cfc82ce41478	match
OWNED	packages/server/src/domain/workloads/verbs/set-schedule-enabled.ts	26	1398	187591b2cc5636918584ba21b91a7dbb7280aa9bc710d0cd187963f7adb1e022	26	1398	187591b2cc5636918584ba21b91a7dbb7280aa9bc710d0cd187963f7adb1e022	match
OWNED	packages/server/src/domain/workloads/verbs/start.ts	86	4417	cba4589ef0beb5be8894a9da6e51654c8d68b72114a6d487307530f27a43720f	86	4417	cba4589ef0beb5be8894a9da6e51654c8d68b72114a6d487307530f27a43720f	match
OWNED	packages/server/src/domain/workloads/verbs/update-schedule.ts	69	3269	aac0faa144dfd025d5b01a52feba819158301ff9d56232a6aaa08882727976e5	69	3269	aac0faa144dfd025d5b01a52feba819158301ff9d56232a6aaa08882727976e5	match
OWNED	packages/server/src/domain/world-info/context.ts	11	936	7f221d77f530d7e1074eb62d4dae19384d1a993a34ef4626388479ce0f17bf81	11	936	7f221d77f530d7e1074eb62d4dae19384d1a993a34ef4626388479ce0f17bf81	match
OWNED	packages/server/src/domain/world-info/contract/errors.ts	19	835	bab4e3b59bdc8fd01f9d1f80a1f420c5e7eaf5bfb7c9f1b5b8aedd47575b9ad4	19	835	bab4e3b59bdc8fd01f9d1f80a1f420c5e7eaf5bfb7c9f1b5b8aedd47575b9ad4	match
OWNED	packages/server/src/domain/world-info/contract/export.ts	31	2030	bd89af6c4b161091c099b3cbc5d84484ade8b4fb34cfe16b0f8a957299d267ab	31	2030	bd89af6c4b161091c099b3cbc5d84484ade8b4fb34cfe16b0f8a957299d267ab	match
OWNED	packages/server/src/domain/world-info/contract/handoff-copy.ts	61	3948	0e369f0ae013257d167eec7d786e68887d117bd8fc256095951dc3338e0b714c	61	3948	0e369f0ae013257d167eec7d786e68887d117bd8fc256095951dc3338e0b714c	match
OWNED	packages/server/src/domain/world-info/contract/import.ts	81	4312	5a5b9e53043296893e3508b7e2742d8777acec8bf40438ce5fe9df1d286fc408	81	4312	5a5b9e53043296893e3508b7e2742d8777acec8bf40438ce5fe9df1d286fc408	match
OWNED	packages/server/src/domain/world-info/contract/params.ts	157	5288	97157efe53f7d6a2ae215e65f59071ad2e328e176742e8f914a9fac04c9e672c	157	5288	97157efe53f7d6a2ae215e65f59071ad2e328e176742e8f914a9fac04c9e672c	match
OWNED	packages/server/src/domain/world-info/contract/results.ts	26	1185	6752b4c2b042ddacb7116d21b9a25872077b2d2b97f42fe0ad3fd1e2d00c322f	26	1185	6752b4c2b042ddacb7116d21b9a25872077b2d2b97f42fe0ad3fd1e2d00c322f	match
OWNED	packages/server/src/domain/world-info/contract/service.ts	128	7573	5bfb7d212f02c0abf60bc8cdd8bd5b0c1ad516ab57f734a64423f45822616c53	128	7573	5bfb7d212f02c0abf60bc8cdd8bd5b0c1ad516ab57f734a64423f45822616c53	match
OWNED	packages/server/src/domain/world-info/contract/views.ts	11	323	74bf55b8bed54eaa9233aa147915b32564b695616967279aaefdb489329b2090	11	323	74bf55b8bed54eaa9233aa147915b32564b695616967279aaefdb489329b2090	match
OWNED	packages/server/src/domain/world-info/index.ts	40	1861	484854339e6a151258ec1a74fafc9e8fb180275f51485dbdb4b1758d44415431	40	1861	484854339e6a151258ec1a74fafc9e8fb180275f51485dbdb4b1758d44415431	match
OWNED	packages/server/src/domain/world-info/persistence/duplicate-carry.ts	60	3331	af1f7e8965662e3255146a353214bd756e54d03c0af6772562af6d9258386398	60	3331	af1f7e8965662e3255146a353214bd756e54d03c0af6772562af6d9258386398	match
OWNED	packages/server/src/domain/world-info/persistence/handoff-copy-write.ts	172	8384	2c3fe51ded80bf121286a873ff3d7d29d9676a3ab7cd2ed3bf920696f0e2d756	172	8384	2c3fe51ded80bf121286a873ff3d7d29d9676a3ab7cd2ed3bf920696f0e2d756	match
OWNED	packages/server/src/domain/world-info/persistence/import-write.ts	158	6949	c94ac026330ac75b58bc1a9cf1547568c3e93ae17b4102ddd356ec594eeb241a	158	6949	c94ac026330ac75b58bc1a9cf1547568c3e93ae17b4102ddd356ec594eeb241a	match
OWNED	packages/server/src/domain/world-info/persistence/link-carried-books.ts	58	2750	483a898d845dd894251596c721858990f554b7c481fb51850434978f2cc9cc0c	58	2750	483a898d845dd894251596c721858990f554b7c481fb51850434978f2cc9cc0c	match
OWNED	packages/server/src/domain/world-info/persistence/ownership.ts	27	1439	8113e6b75643df6d3d973b15ef3b1e88344b04b1b399e62d1d49d2fb99cd5e07	27	1439	8113e6b75643df6d3d973b15ef3b1e88344b04b1b399e62d1d49d2fb99cd5e07	match
OWNED	packages/server/src/domain/world-info/persistence/queries.ts	197	9122	9cc8620cc799f128d189ced1fd64b75d62322270357ee0bf82d4ee4d9005bfd5	197	9122	9cc8620cc799f128d189ced1fd64b75d62322270357ee0bf82d4ee4d9005bfd5	match
OWNED	packages/server/src/domain/world-info/service.ts	90	3962	fbedb4b9b2e41823061981dcc06e968eb071a72873bd28b230e4e6ad2f31bdb0	90	3962	fbedb4b9b2e41823061981dcc06e968eb071a72873bd28b230e4e6ad2f31bdb0	match
OWNED	packages/server/src/domain/world-info/substrate/.gitkeep	0	0	e3b0c44298fc1c149afbf4c8996fb92427ae41e4649b934ca495991b7852b855	0	0	e3b0c44298fc1c149afbf4c8996fb92427ae41e4649b934ca495991b7852b855	match
OWNED	packages/server/src/domain/world-info/verbs/attachments/attach-global.ts	33	1555	1b87db1ba6de08c8bcb93817fc0883926110261d3c7db048b41048390d275574	33	1555	1b87db1ba6de08c8bcb93817fc0883926110261d3c7db048b41048390d275574	match
OWNED	packages/server/src/domain/world-info/verbs/attachments/attach-to-character.ts	62	2795	e343ff36e98d243e079e009fbea84af83e5da410bc5750f0fa1cad55be4f4c7d	62	2795	e343ff36e98d243e079e009fbea84af83e5da410bc5750f0fa1cad55be4f4c7d	match
OWNED	packages/server/src/domain/world-info/verbs/attachments/attach-to-chat.ts	45	2230	7e7164b520fdde1bd1f9b95f8946235e4e5f039280a83b2ea4c5696ca34bc4e0	45	2230	7e7164b520fdde1bd1f9b95f8946235e4e5f039280a83b2ea4c5696ca34bc4e0	match
OWNED	packages/server/src/domain/world-info/verbs/attachments/attach-to-persona.ts	35	1763	711a2ec486c5c351b1e31d224d7cc7a8e5505830db4002cd8affdb9979a4b4d1	35	1763	711a2ec486c5c351b1e31d224d7cc7a8e5505830db4002cd8affdb9979a4b4d1	match
OWNED	packages/server/src/domain/world-info/verbs/attachments/detach-from-character.ts	37	1585	0731fa1afc78cadfc69f168666983384d980de7c445c4015a407aa6b91a7789e	37	1585	0731fa1afc78cadfc69f168666983384d980de7c445c4015a407aa6b91a7789e	match
OWNED	packages/server/src/domain/world-info/verbs/attachments/detach-from-chat.ts	39	1842	392e18c9af747a58ac3ad36f1899c1f59211784f22dc3a307ec2ffa4b09224b0	39	1842	392e18c9af747a58ac3ad36f1899c1f59211784f22dc3a307ec2ffa4b09224b0	match
OWNED	packages/server/src/domain/world-info/verbs/attachments/detach-from-persona.ts	36	1476	bdefbbb052b117addbddb2b156c33f66c690d6ee7ae3c77a27a225222c008665	36	1476	bdefbbb052b117addbddb2b156c33f66c690d6ee7ae3c77a27a225222c008665	match
OWNED	packages/server/src/domain/world-info/verbs/attachments/detach-global.ts	37	1527	5d15b841a2e86a780b982e0f656e9a4c6b6214b600d3c0b22b1b6edd00e3ac4a	37	1527	5d15b841a2e86a780b982e0f656e9a4c6b6214b600d3c0b22b1b6edd00e3ac4a	match
OWNED	packages/server/src/domain/world-info/verbs/attachments/index.ts	17	1108	0dbe8bf03579f43372ac60f4cc2f64253e7bb3b5ea1a88151aba14554a4aa550	17	1108	0dbe8bf03579f43372ac60f4cc2f64253e7bb3b5ea1a88151aba14554a4aa550	match
OWNED	packages/server/src/domain/world-info/verbs/attachments/list-for-character.ts	16	885	34490d7d2c5554274046a0558506590df301a57f8e61ae54cae13e18b1df994b	16	885	34490d7d2c5554274046a0558506590df301a57f8e61ae54cae13e18b1df994b	match
OWNED	packages/server/src/domain/world-info/verbs/attachments/list-for-chat.ts	16	876	9ec11b0b184f11a4fcf16639f12e576474f1e608c61cdd87757ad65df646ed20	16	876	9ec11b0b184f11a4fcf16639f12e576474f1e608c61cdd87757ad65df646ed20	match
OWNED	packages/server/src/domain/world-info/verbs/attachments/list-for-persona.ts	16	839	8c0b94d31d2e9080dbddee92c0f528e8f46e7b6034488d93aec4e03bd822ba20	16	839	8c0b94d31d2e9080dbddee92c0f528e8f46e7b6034488d93aec4e03bd822ba20	match
OWNED	packages/server/src/domain/world-info/verbs/attachments/list-global.ts	11	582	736d8971457c409ef47d0f514a65fc30f5db618b8ac8cc5f6567821a3f0ceab9	11	582	736d8971457c409ef47d0f514a65fc30f5db618b8ac8cc5f6567821a3f0ceab9	match
OWNED	packages/server/src/domain/world-info/verbs/books/create.ts	40	1441	39cb84be8caf0ac8efdfa5a694dc6922f2da9bb8f2c5476d2e7fcb8cc529dab4	40	1441	39cb84be8caf0ac8efdfa5a694dc6922f2da9bb8f2c5476d2e7fcb8cc529dab4	match
OWNED	packages/server/src/domain/world-info/verbs/books/duplicate.ts	54	2333	b1915cd521a0cbb23ddd8dac00be43e1e001235e4ff8678f30e729fb3e5b5cb4	54	2333	b1915cd521a0cbb23ddd8dac00be43e1e001235e4ff8678f30e729fb3e5b5cb4	match
OWNED	packages/server/src/domain/world-info/verbs/books/get.ts	18	894	1f1a747eba0c6fc621fd5eafdc073fe1fa30fde55bfe93e7b45fbf1859243de8	18	894	1f1a747eba0c6fc621fd5eafdc073fe1fa30fde55bfe93e7b45fbf1859243de8	match
OWNED	packages/server/src/domain/world-info/verbs/books/index.ts	11	715	b0d259edf9f621248c7840a9c9a1537d0ed440c0b0ed56d4986417bc210eaec6	11	715	b0d259edf9f621248c7840a9c9a1537d0ed440c0b0ed56d4986417bc210eaec6	match
OWNED	packages/server/src/domain/world-info/verbs/books/list-with-usage.ts	20	1361	d57acaaaa78e635b4eccdc8d2850c70c899d92d1258fbc7e6b12fb7b7bb003b3	20	1361	d57acaaaa78e635b4eccdc8d2850c70c899d92d1258fbc7e6b12fb7b7bb003b3	match
OWNED	packages/server/src/domain/world-info/verbs/books/list.ts	13	621	62afacce76de1f21939bb08c666fe2c67058fb7aaf1afa99ec76595a466da3a7	13	621	62afacce76de1f21939bb08c666fe2c67058fb7aaf1afa99ec76595a466da3a7	match
OWNED	packages/server/src/domain/world-info/verbs/books/remove.ts	36	1460	9a300e79be06abfaf50a869a025b757608268ef697857b5f4bfd60eb8158e0cc	36	1460	9a300e79be06abfaf50a869a025b757608268ef697857b5f4bfd60eb8158e0cc	match
OWNED	packages/server/src/domain/world-info/verbs/books/update.ts	54	2161	cffcd0d533b1e03cd214a2e7d2fb90ebbe0d76da60f59c3efc16b72e5b007588	54	2161	cffcd0d533b1e03cd214a2e7d2fb90ebbe0d76da60f59c3efc16b72e5b007588	match
OWNED	packages/server/src/domain/world-info/verbs/entries/backfill-titles.ts	52	2257	5632881b819f0bafa5ba52da13f1d268e97ea5f5d5d3390cf62fb698b0ad8473	52	2257	5632881b819f0bafa5ba52da13f1d268e97ea5f5d5d3390cf62fb698b0ad8473	match
OWNED	packages/server/src/domain/world-info/verbs/entries/create.ts	78	2882	22039a17925146b9a2693394a945099628cc2eb325d1ae34993de2c11e043426	78	2882	22039a17925146b9a2693394a945099628cc2eb325d1ae34993de2c11e043426	match
OWNED	packages/server/src/domain/world-info/verbs/entries/get.ts	18	889	5a394af218da40a2e66a3c2b74948289b96bb2759cbace6cf771861d44553115	18	889	5a394af218da40a2e66a3c2b74948289b96bb2759cbace6cf771861d44553115	match
OWNED	packages/server/src/domain/world-info/verbs/entries/index.ts	14	860	1ec29ac20427e299f7872976fc71623a74b1d749ab76b8b9fda6d246689c5703	14	860	1ec29ac20427e299f7872976fc71623a74b1d749ab76b8b9fda6d246689c5703	match
OWNED	packages/server/src/domain/world-info/verbs/entries/list-constant-canon.ts	14	1004	2fd5132e9da9480715d41f228cd49975f14655147c927d4bd3e8c0b99f20e83e	14	1004	2fd5132e9da9480715d41f228cd49975f14655147c927d4bd3e8c0b99f20e83e	match
OWNED	packages/server/src/domain/world-info/verbs/entries/list-entry-index.ts	22	1341	2c3724c49cd2ff5213fbe3b6fd3dd7e7d4cbaa75653f4fde15f1de5c6c05d7e8	22	1341	2c3724c49cd2ff5213fbe3b6fd3dd7e7d4cbaa75653f4fde15f1de5c6c05d7e8	match
OWNED	packages/server/src/domain/world-info/verbs/entries/list.ts	20	1005	b2a464e2061342b38f79a5eb80469fb59e11576736b8313e1fe61e11558df927	20	1005	b2a464e2061342b38f79a5eb80469fb59e11576736b8313e1fe61e11558df927	match
OWNED	packages/server/src/domain/world-info/verbs/entries/remove.ts	49	2453	ba2e25f10532bda39627499ed4c0189d7225a792b643d384636de4d2fb760355	49	2453	ba2e25f10532bda39627499ed4c0189d7225a792b643d384636de4d2fb760355	match
OWNED	packages/server/src/domain/world-info/verbs/entries/reorder.ts	56	2277	45e0dae2a64d2ca60fc7c3bd7632cba01079e8cb416a0583af052eb88fd01686	56	2277	45e0dae2a64d2ca60fc7c3bd7632cba01079e8cb416a0583af052eb88fd01686	match
OWNED	packages/server/src/domain/world-info/verbs/entries/update.ts	93	3743	883c3b6d96ad1285e2d6188bc11d6adf3299205139b48c67095362591812fa67	93	3743	883c3b6d96ad1285e2d6188bc11d6adf3299205139b48c67095362591812fa67	match
OWNED	packages/server/src/domain/world-info/verbs/entries/upsert-entries.ts	123	6223	236c9b2f2b97be701d6d84582780565da774c28f30e267b497db2b7bde785e07	123	6223	236c9b2f2b97be701d6d84582780565da774c28f30e267b497db2b7bde785e07	match
OWNED	packages/server/src/domain/world-info/verbs/export.ts	40	1845	abaad9b94600d326b91d182b3a2412bdd237e768da01ae4699ed1471ac82d33b	40	1845	abaad9b94600d326b91d182b3a2412bdd237e768da01ae4699ed1471ac82d33b	match
OWNED	packages/server/src/domain/world-info/verbs/import.ts	24	1482	f6d0bafee6e826291a25a3f5f01a1ec78f415218e8885e529a16c04aa0f2adb0	24	1482	f6d0bafee6e826291a25a3f5f01a1ec78f415218e8885e529a16c04aa0f2adb0	match
OWNED	packages/server/src/domain/world-info/verbs/list-owned-book-ids.ts	15	848	7b00480de650ce586257ebbc88b8c23154bb08558c700508ea7a06797ef64d42	15	848	7b00480de650ce586257ebbc88b8c23154bb08558c700508ea7a06797ef64d42	match
OWNED	tests/server/domain/tag/_support.ts	133	5768	31dab49bf8f4c3d56ded79293df1e723adcca610b37f2c3ad38cfeed3c6f6ded	133	5768	31dab49bf8f4c3d56ded79293df1e723adcca610b37f2c3ad38cfeed3c6f6ded	match
OWNED	tests/server/domain/tag/persistence/junctions.int.test.ts	180	6595	9357f4515c1d7dab9792e67924595efe071f8be8d732f1f85cd8b31aba8a9d0a	180	6595	9357f4515c1d7dab9792e67924595efe071f8be8d732f1f85cd8b31aba8a9d0a	match
OWNED	tests/server/domain/tag/persistence/queries.int.test.ts	181	7094	fb7ce1ed606bc1c3eeca227367668edd360efb2e46cbf9951e0c41f5d1778ffb	181	7094	fb7ce1ed606bc1c3eeca227367668edd360efb2e46cbf9951e0c41f5d1778ffb	match
OWNED	tests/server/domain/tag/verbs/attach-card-tag-by-name.int.test.ts	252	11510	b493cac3fe55d8760d4375051d49d2e1605a23499863ca559b25cbbc00ac372a	252	11510	b493cac3fe55d8760d4375051d49d2e1605a23499863ca559b25cbbc00ac372a	match
OWNED	tests/server/domain/tag/verbs/attach-chat-tag-by-name.int.test.ts	96	4735	bca4c1b03b00c49f1f4afa9f9d42ddb7ed056faecd75a501230b48fb7123911e	96	4735	bca4c1b03b00c49f1f4afa9f9d42ddb7ed056faecd75a501230b48fb7123911e	match
OWNED	tests/server/domain/tag/verbs/attach.int.test.ts	229	8182	c75152a3b71c59eda25f33a59a5051f7f8be59775d10e8d8de4d318b7d8b2baa	229	8182	c75152a3b71c59eda25f33a59a5051f7f8be59775d10e8d8de4d318b7d8b2baa	match
OWNED	tests/server/domain/tag/verbs/create.int.test.ts	99	4086	26ab67553d17ddb6b683d1543919f11a95d06c52efde3a12efa3ca5071df3afa	99	4086	26ab67553d17ddb6b683d1543919f11a95d06c52efde3a12efa3ca5071df3afa	match
OWNED	tests/server/domain/tag/verbs/detach-card-tag-by-name.int.test.ts	163	7572	3c32b2e4ff7abc67efaa243ccfccf38436ec9f60eb584f4f286e3283f1deebcf	163	7572	3c32b2e4ff7abc67efaa243ccfccf38436ec9f60eb584f4f286e3283f1deebcf	match
OWNED	tests/server/domain/tag/verbs/export.int.test.ts	51	2184	c200ab4ff826d94479cb2bfbc87ee303ba4d8777f7abc11fbf3d93f0c7d19418	51	2184	c200ab4ff826d94479cb2bfbc87ee303ba4d8777f7abc11fbf3d93f0c7d19418	match
OWNED	tests/server/domain/tag/verbs/import.int.test.ts	99	4031	8880dba2a6c9774734cc90d9d4290f1c04a1b6e3da8965a4f83772fe03943c27	99	4031	8880dba2a6c9774734cc90d9d4290f1c04a1b6e3da8965a4f83772fe03943c27	match
OWNED	tests/server/domain/tag/verbs/list-pending-suggestions.int.test.ts	88	3380	83ad21dcc554d6098e5b8117c6be78b4d2f5fea95ae3a9462ef4bfa436a6cae7	88	3380	83ad21dcc554d6098e5b8117c6be78b4d2f5fea95ae3a9462ef4bfa436a6cae7	match
OWNED	tests/server/domain/tag/verbs/list-with-usage.int.test.ts	35	1345	94d13de30a1bdaac58227d9a49e98bb8dc3b70770c6ab05cab1b591f70be79da	35	1345	94d13de30a1bdaac58227d9a49e98bb8dc3b70770c6ab05cab1b591f70be79da	match
OWNED	tests/server/domain/tag/verbs/list.int.test.ts	21	946	7fc1b6d905dac98dc3a74077a0a930c6ce997f0f6c60a9cfe6600a2425ddb8fa	21	946	7fc1b6d905dac98dc3a74077a0a930c6ce997f0f6c60a9cfe6600a2425ddb8fa	match
OWNED	tests/server/domain/tag/verbs/merge.int.test.ts	177	8217	c96c417f0bbad3ed95a2e300f9ca0dd3bcd58c3da85c057bf50f2ec2b19c55b0	177	8217	c96c417f0bbad3ed95a2e300f9ca0dd3bcd58c3da85c057bf50f2ec2b19c55b0	match
OWNED	tests/server/domain/tag/verbs/prune.int.test.ts	57	2207	f2dfc7fe38b0b376ba3dfbffb91040c39ebde94726f73add6417a5f31f6916f8	57	2207	f2dfc7fe38b0b376ba3dfbffb91040c39ebde94726f73add6417a5f31f6916f8	match
OWNED	tests/server/domain/tag/verbs/remove.int.test.ts	54	2291	e59b207f04b40d3baabae3e9dc02dec843f90593107027ab34193df90e65193c	54	2291	e59b207f04b40d3baabae3e9dc02dec843f90593107027ab34193df90e65193c	match
OWNED	tests/server/domain/tag/verbs/set-order.int.test.ts	28	1298	b6f8a350b28053fb1ccbe90d8ab0146eed0542f93c3e136dfa9a0bbf75429650	28	1298	b6f8a350b28053fb1ccbe90d8ab0146eed0542f93c3e136dfa9a0bbf75429650	match
OWNED	tests/server/domain/tag/verbs/update.int.test.ts	84	3544	474b2ef0d2fb258022607da977e428816ea022f8407e8caa269d223eaf28add9	84	3544	474b2ef0d2fb258022607da977e428816ea022f8407e8caa269d223eaf28add9	match
OWNED	tests/server/domain/tool-use/_support.ts	74	2661	15e6a23d2218e6a753492335a681631756e08497f3ff081a70d0c1dfad69d020	74	2661	15e6a23d2218e6a753492335a681631756e08497f3ff081a70d0c1dfad69d020	match
OWNED	tests/server/domain/tool-use/verbs/execute-tool-calls.test.ts	187	6559	de42fe47bf6fe130a1c7588513cd979436289501b73407cc40f98ed07e0b667d	187	6559	de42fe47bf6fe130a1c7588513cd979436289501b73407cc40f98ed07e0b667d	match
OWNED	tests/server/domain/tool-use/verbs/project-mcp.test.ts	87	4321	ba7cc3049cc824dbe5fb45e9e0db876c4e324ac28c2cc90b03a6ac0aaaafe32c	87	4321	ba7cc3049cc824dbe5fb45e9e0db876c4e324ac28c2cc90b03a6ac0aaaafe32c	match
OWNED	tests/server/domain/tool-use/verbs/register-plugin-tool.test.ts	120	6142	eb954d7a8b15d5c0846f268bc6be455b800a7e6b67c5e1d2135499e7a806b505	120	6142	eb954d7a8b15d5c0846f268bc6be455b800a7e6b67c5e1d2135499e7a806b505	match
OWNED	tests/server/domain/tool-use/verbs/register.test.ts	38	1903	e624e83880e62539367da39d0d57a4b27acf5c12a31f5e334a372abf2a523ec7	38	1903	e624e83880e62539367da39d0d57a4b27acf5c12a31f5e334a372abf2a523ec7	match
OWNED	tests/server/domain/tool-use/verbs/resolve-tools.test.ts	24	1359	8ac85edb0fad2ea0a58317e8a727bbcddddf38a75cc7b6d0fb27b7d31799864e	24	1359	8ac85edb0fad2ea0a58317e8a727bbcddddf38a75cc7b6d0fb27b7d31799864e	match
OWNED	tests/server/domain/tool-use/verbs/to-wire-tools.test.ts	18	1080	9bece17e038854b62b05c1f72644204d157e27984c92e71032d6212182789d20	18	1080	9bece17e038854b62b05c1f72644204d157e27984c92e71032d6212182789d20	match
OWNED	tests/server/domain/workloads/_support.ts	221	12340	6afa4970ada988c7d066fd624a9c5b86d61cf61e72b23c2aa1abffb8c9075460	221	12340	6afa4970ada988c7d066fd624a9c5b86d61cf61e72b23c2aa1abffb8c9075460	match
OWNED	tests/server/domain/workloads/engine/progress-bus.test.ts	56	2086	d10e1a569e96490529bc068de31d26060646018f3e0842c6ef42d1f7db36b51c	56	2086	d10e1a569e96490529bc068de31d26060646018f3e0842c6ef42d1f7db36b51c	match
OWNED	tests/server/domain/workloads/engine/reaper.int.test.ts	51	2362	6f88897d9bbca491890b98c5de6a78768790ef182556b7ee674d506e18d0a353	51	2362	6f88897d9bbca491890b98c5de6a78768790ef182556b7ee674d506e18d0a353	match
OWNED	tests/server/domain/workloads/engine/runner.int.test.ts	174	9665	1769e5ff1ad02631084ead933c949cae6c21a0dc9e1ad666097901e3537f70cd	174	9665	1769e5ff1ad02631084ead933c949cae6c21a0dc9e1ad666097901e3537f70cd	match
OWNED	tests/server/domain/workloads/engine/schedule-tick.int.test.ts	113	4954	9fa3307903bb3fee5e5e57f3e5c1aa249b1142c6fe2d8da5f4a17d31c762141b	113	4954	9fa3307903bb3fee5e5e57f3e5c1aa249b1142c6fe2d8da5f4a17d31c762141b	match
OWNED	tests/server/domain/workloads/persistence/constraints.int.test.ts	44	1865	66f2a29bbf99df27a1972472e9a9619a019dfce883f5718adf13eb56813cd591	44	1865	66f2a29bbf99df27a1972472e9a9619a019dfce883f5718adf13eb56813cd591	match
OWNED	tests/server/domain/workloads/persistence/queries.int.test.ts	469	21342	c3bc9f73f0d2ade4013169c72891dc283660eac8b0301cd284f408aa04f8b930	469	21342	c3bc9f73f0d2ade4013169c72891dc283660eac8b0301cd284f408aa04f8b930	match
OWNED	tests/server/domain/workloads/persistence/schedule-queries.int.test.ts	145	5229	5271437a72b8254b727a896e69b8d637dd6cbbc3012edecef65617cb7ff7dd6a	145	5229	5271437a72b8254b727a896e69b8d637dd6cbbc3012edecef65617cb7ff7dd6a	match
OWNED	tests/server/domain/workloads/substrate/reserved-contributions.test.ts	36	1885	0b4a099c1fde8cd0f33fd67e7c27b7002bfae615866fb29a9a77db16e93c98e6	36	1885	0b4a099c1fde8cd0f33fd67e7c27b7002bfae615866fb29a9a77db16e93c98e6	match
OWNED	tests/server/domain/workloads/verbs/cancel.int.test.ts	44	1939	851f01cbef0bb7b225af4af3f469a4a94c89bfa8fcea107389e32e4aa0a0faef	44	1939	851f01cbef0bb7b225af4af3f469a4a94c89bfa8fcea107389e32e4aa0a0faef	match
OWNED	tests/server/domain/workloads/verbs/create-schedule.int.test.ts	78	3009	bc4457ec9883c57f70d2ba241e3c2283051daac86f13b91796f462f9d5a3d632	78	3009	bc4457ec9883c57f70d2ba241e3c2283051daac86f13b91796f462f9d5a3d632	match
OWNED	tests/server/domain/workloads/verbs/delete-schedule.int.test.ts	41	1724	618e89b7d669b1f22510e184cdf502f8e1beb2fcf9aa67eb9b55b67db45b21cf	41	1724	618e89b7d669b1f22510e184cdf502f8e1beb2fcf9aa67eb9b55b67db45b21cf	match
OWNED	tests/server/domain/workloads/verbs/get.int.test.ts	52	2212	9ddc3d7db0bf214da4812fe49f562c4d4b352c6c2f6dc95b213e9e56b6c4407d	52	2212	9ddc3d7db0bf214da4812fe49f562c4d4b352c6c2f6dc95b213e9e56b6c4407d	match
OWNED	tests/server/domain/workloads/verbs/list-schedules.int.test.ts	48	1889	92d4f3d748ece8612ff7ff0a495c6aeae93d6b9bc71847c905e3faee96d668af	48	1889	92d4f3d748ece8612ff7ff0a495c6aeae93d6b9bc71847c905e3faee96d668af	match
OWNED	tests/server/domain/workloads/verbs/list.int.test.ts	40	2070	1c48eb05f78af06077a0aaba97227fe7dedef7f1877a8fa881b79b7e3333971a	40	2070	1c48eb05f78af06077a0aaba97227fe7dedef7f1877a8fa881b79b7e3333971a	match
OWNED	tests/server/domain/workloads/verbs/retry.int.test.ts	105	4654	2f42617ddb74e0f7f56069bb4e9802a52e18def51cdcbb96e2978e459b8fac49	105	4654	2f42617ddb74e0f7f56069bb4e9802a52e18def51cdcbb96e2978e459b8fac49	match
OWNED	tests/server/domain/workloads/verbs/set-schedule-enabled.int.test.ts	52	1973	6d66e34f0a3d36fafa4b742563a06830408cbfd2dca677de3bf3db30cfd9ff5e	52	1973	6d66e34f0a3d36fafa4b742563a06830408cbfd2dca677de3bf3db30cfd9ff5e	match
OWNED	tests/server/domain/workloads/verbs/start.int.test.ts	344	14014	3a0042db08abb54f65d707a761fbd1b019f728ec6dc2db7180fe36e0729e538a	344	14014	3a0042db08abb54f65d707a761fbd1b019f728ec6dc2db7180fe36e0729e538a	match
OWNED	tests/server/domain/workloads/verbs/update-schedule.int.test.ts	61	2462	51563ba00000c872c584ed4c8ff6c1add3d30d299ec6cc9e26f0c44977d3e2a0	61	2462	51563ba00000c872c584ed4c8ff6c1add3d30d299ec6cc9e26f0c44977d3e2a0	match
OWNED	tests/server/domain/world-info/_support.ts	153	6248	025b4dfd07263c086b0d2805ec482a1e05cb36d9f0bd4adcec3b4f21ec9ac1f3	153	6248	025b4dfd07263c086b0d2805ec482a1e05cb36d9f0bd4adcec3b4f21ec9ac1f3	match
OWNED	tests/server/domain/world-info/persistence/duplicate-carry.int.test.ts	107	5701	685696bd3c6e8247f7b1ec4fc14c2eae4ad088cbd7c55497b83085f5e7d7ddb2	107	5701	685696bd3c6e8247f7b1ec4fc14c2eae4ad088cbd7c55497b83085f5e7d7ddb2	match
OWNED	tests/server/domain/world-info/persistence/handoff-copy-write.int.test.ts	219	11216	1b48cdcaf5466b7338111be09c187349cbf6b73c41a265124313638fc50aa7c0	219	11216	1b48cdcaf5466b7338111be09c187349cbf6b73c41a265124313638fc50aa7c0	match
OWNED	tests/server/domain/world-info/persistence/import-write.int.test.ts	172	6589	8c6f5790e5df40b565397e8ed6d53b10b3adf672347fcd773ac6fbdc035dba76	172	6589	8c6f5790e5df40b565397e8ed6d53b10b3adf672347fcd773ac6fbdc035dba76	match
OWNED	tests/server/domain/world-info/persistence/link-carried-books.int.test.ts	126	5898	48faf4fa5cc25cb0f658efdb302d576c0e78e37ac64c9ab1183477045c4f74ac	126	5898	48faf4fa5cc25cb0f658efdb302d576c0e78e37ac64c9ab1183477045c4f74ac	match
OWNED	tests/server/domain/world-info/persistence/ownership.int.test.ts	41	2565	e64032dc0260533a94a83eb12e935dc7fd848b64365ae32edde3a3a9a9f3697c	41	2565	e64032dc0260533a94a83eb12e935dc7fd848b64365ae32edde3a3a9a9f3697c	match
OWNED	tests/server/domain/world-info/persistence/queries.int.test.ts	137	6629	f37c88b3799c228a8d61a5f4849806d5373ca5f4561b6afba2a95d64a22c1f58	137	6629	f37c88b3799c228a8d61a5f4849806d5373ca5f4561b6afba2a95d64a22c1f58	match
OWNED	tests/server/domain/world-info/service.int.test.ts	98	5251	93b29e44e6be92489420eb19de59da6a19487cd26516cb22e587d75577ac523a	98	5251	93b29e44e6be92489420eb19de59da6a19487cd26516cb22e587d75577ac523a	match
OWNED	tests/server/domain/world-info/verbs/attachments/attach-global.int.test.ts	36	1830	1965d7227d70f9dbac18dc36d9717cead173115945812a5c7a2785db1ee1dc9f	36	1830	1965d7227d70f9dbac18dc36d9717cead173115945812a5c7a2785db1ee1dc9f	match
OWNED	tests/server/domain/world-info/verbs/attachments/attach-to-character.int.test.ts	107	4287	bbc4b81f36428d04a8053078a2a7b75a0c34c6590e0c42ae7d14330cebc9833f	107	4287	bbc4b81f36428d04a8053078a2a7b75a0c34c6590e0c42ae7d14330cebc9833f	match
OWNED	tests/server/domain/world-info/verbs/attachments/attach-to-chat.int.test.ts	65	3899	0078b945a6ede9c42b19cdc11d541f1d9d277ff39f9487159b1e7fdc2321d045	65	3899	0078b945a6ede9c42b19cdc11d541f1d9d277ff39f9487159b1e7fdc2321d045	match
OWNED	tests/server/domain/world-info/verbs/attachments/attach-to-persona.int.test.ts	49	2708	814b1c2ec0b9abdd13b1d920fb267df86046cc68a0406cf112324fcb06aad2f2	49	2708	814b1c2ec0b9abdd13b1d920fb267df86046cc68a0406cf112324fcb06aad2f2	match
OWNED	tests/server/domain/world-info/verbs/attachments/detach-from-character.int.test.ts	56	2280	b0c512aeff8b2ddd581a98bbf12f030c577494a736f5655d9a559f6a40c498bb	56	2280	b0c512aeff8b2ddd581a98bbf12f030c577494a736f5655d9a559f6a40c498bb	match
OWNED	tests/server/domain/world-info/verbs/attachments/detach-from-chat.int.test.ts	78	4475	7ce6d052cb907cddefe88ae250b33b3dad5f18dcd50a48a85137cc3fce857322	78	4475	7ce6d052cb907cddefe88ae250b33b3dad5f18dcd50a48a85137cc3fce857322	match
OWNED	tests/server/domain/world-info/verbs/attachments/detach-from-persona.int.test.ts	45	2073	0c931f48c1dc0674866963bc3b3f025cab4a415a6025a1475ab20a6137a86e18	45	2073	0c931f48c1dc0674866963bc3b3f025cab4a415a6025a1475ab20a6137a86e18	match
OWNED	tests/server/domain/world-info/verbs/attachments/detach-global.int.test.ts	36	1917	017eef25eda67b81aca2df0c8cd533ed997d0cfc6b0e40f2f617c69ff1a1ae6c	36	1917	017eef25eda67b81aca2df0c8cd533ed997d0cfc6b0e40f2f617c69ff1a1ae6c	match
OWNED	tests/server/domain/world-info/verbs/attachments/list-for-character.int.test.ts	52	2311	79bd7462009f841ad0caf928580a6c65996fc3dbade5897d7c2da94b3defde23	52	2311	79bd7462009f841ad0caf928580a6c65996fc3dbade5897d7c2da94b3defde23	match
OWNED	tests/server/domain/world-info/verbs/attachments/list-for-chat.int.test.ts	46	2533	58e30f81c9c880a89d9fc194d2bc6d8e607333770ce776dcdae95967285130cd	46	2533	58e30f81c9c880a89d9fc194d2bc6d8e607333770ce776dcdae95967285130cd	match
OWNED	tests/server/domain/world-info/verbs/attachments/list-for-persona.int.test.ts	40	1950	3efab6d4b84d26c3d923094555208bcd132c23d29af2282a609e6003b1e8bca8	40	1950	3efab6d4b84d26c3d923094555208bcd132c23d29af2282a609e6003b1e8bca8	match
OWNED	tests/server/domain/world-info/verbs/attachments/list-global.int.test.ts	31	1628	0286ceb7f53854236b49b8530c690f839d29a9ff42fd6bbb7388a5ef72b6e20b	31	1628	0286ceb7f53854236b49b8530c690f839d29a9ff42fd6bbb7388a5ef72b6e20b	match
OWNED	tests/server/domain/world-info/verbs/books/create.int.test.ts	42	1778	2a3903707096912dcd775f8f95579e643b199b644529294244a4bda9d8ebfc7e	42	1778	2a3903707096912dcd775f8f95579e643b199b644529294244a4bda9d8ebfc7e	match
OWNED	tests/server/domain/world-info/verbs/books/duplicate.int.test.ts	60	3118	cb992e43b1d2e130784fb5b382e47a98f100025728161c803fe2bdca616f1487	60	3118	cb992e43b1d2e130784fb5b382e47a98f100025728161c803fe2bdca616f1487	match
OWNED	tests/server/domain/world-info/verbs/books/get.int.test.ts	44	1996	cafed1dc48ce8e9e3ceccfaff6314d772afcc332a68f0761a286831d0e7e646a	44	1996	cafed1dc48ce8e9e3ceccfaff6314d772afcc332a68f0761a286831d0e7e646a	match
OWNED	tests/server/domain/world-info/verbs/books/list-with-usage.int.test.ts	52	3201	f8a751ef91cd2d4391b6f16bdd9b0f363cc5852d799e916dcdeadd7c889ae528	52	3201	f8a751ef91cd2d4391b6f16bdd9b0f363cc5852d799e916dcdeadd7c889ae528	match
OWNED	tests/server/domain/world-info/verbs/books/list.int.test.ts	35	1681	33f9744585550eb3a012b5b0564723f8a19b15a4ea943d82b6db20204709dd5f	35	1681	33f9744585550eb3a012b5b0564723f8a19b15a4ea943d82b6db20204709dd5f	match
OWNED	tests/server/domain/world-info/verbs/books/remove.int.test.ts	41	1978	2f7f1bc304d9a5d974516c68fc3240026784ee4f01ffbd2431fd406432a5dcab	41	1978	2f7f1bc304d9a5d974516c68fc3240026784ee4f01ffbd2431fd406432a5dcab	match
OWNED	tests/server/domain/world-info/verbs/books/update.int.test.ts	54	2617	d37a4d0981685340160054182650b0952f3f1124817262aefb05dd19f0b42c71	54	2617	d37a4d0981685340160054182650b0952f3f1124817262aefb05dd19f0b42c71	match
OWNED	tests/server/domain/world-info/verbs/entries/backfill-titles.int.test.ts	64	2895	6545cff3a4d8bacae698b47aa2545f8a4a8d0e1432d11038b0b1f5d84ddabc28	64	2895	6545cff3a4d8bacae698b47aa2545f8a4a8d0e1432d11038b0b1f5d84ddabc28	match
OWNED	tests/server/domain/world-info/verbs/entries/create.int.test.ts	56	2378	58e6abb7de65df4709c015a3bd2142c2cdf176a89023cf07265eef908963e1a0	56	2378	58e6abb7de65df4709c015a3bd2142c2cdf176a89023cf07265eef908963e1a0	match
OWNED	tests/server/domain/world-info/verbs/entries/get.int.test.ts	42	1901	e4a12ce7a61c2a7a3cc110e6073bf3e2c8b43e19ca3294c42ee5d6e513396f11	42	1901	e4a12ce7a61c2a7a3cc110e6073bf3e2c8b43e19ca3294c42ee5d6e513396f11	match
OWNED	tests/server/domain/world-info/verbs/entries/list-constant-canon.int.test.ts	72	3362	74fa45d5ee8d2f0e2edc90909ad67602fd8493d835f2383f27171792aa4d325c	72	3362	74fa45d5ee8d2f0e2edc90909ad67602fd8493d835f2383f27171792aa4d325c	match
OWNED	tests/server/domain/world-info/verbs/entries/list-entry-index.int.test.ts	36	2009	87541c617e87a2f73ed7f2560fd49086bef507d31b58f3cb3227cbc31e7210bf	36	2009	87541c617e87a2f73ed7f2560fd49086bef507d31b58f3cb3227cbc31e7210bf	match
OWNED	tests/server/domain/world-info/verbs/entries/list.int.test.ts	42	2002	c5bfda0f1a8023cd55dfd96c4457a40d2302e8e1e009633766efaf2f973296df	42	2002	c5bfda0f1a8023cd55dfd96c4457a40d2302e8e1e009633766efaf2f973296df	match
OWNED	tests/server/domain/world-info/verbs/entries/remove.int.test.ts	45	2239	bb4417de5644424d268a71ec0e09ba39b8ae7c4dd99551c8410a1f3ea8389f33	45	2239	bb4417de5644424d268a71ec0e09ba39b8ae7c4dd99551c8410a1f3ea8389f33	match
OWNED	tests/server/domain/world-info/verbs/entries/reorder.int.test.ts	71	2871	43ad2a1e4e8a1d6521f5e95168a416fb01356ebbfa6f4108ee7d539d46793753	71	2871	43ad2a1e4e8a1d6521f5e95168a416fb01356ebbfa6f4108ee7d539d46793753	match
OWNED	tests/server/domain/world-info/verbs/entries/update.int.test.ts	75	3106	371c6b6205a35f9fc079bf6b15d95492808826d3f6dd12895ad3b60a1f7574ba	75	3106	371c6b6205a35f9fc079bf6b15d95492808826d3f6dd12895ad3b60a1f7574ba	match
OWNED	tests/server/domain/world-info/verbs/entries/upsert-entries.int.test.ts	91	4860	592d275e41f0d01322284abe3d6e16e7a40387d59d60b913015784cfdc5e5328	91	4860	592d275e41f0d01322284abe3d6e16e7a40387d59d60b913015784cfdc5e5328	match
OWNED	tests/server/domain/world-info/verbs/entries/wi-entry-fanout.suite.int.test.ts	199	8154	8ad1b86c8a691c68ace0b591c3e02a1bcbda62cfa19d1dc8440a7a3bb8dbcf45	199	8154	8ad1b86c8a691c68ace0b591c3e02a1bcbda62cfa19d1dc8440a7a3bb8dbcf45	match
OWNED	tests/server/domain/world-info/verbs/export.int.test.ts	118	4236	c58936d391f07a2032de63e98a8a3a7248ad360331141aa3fbeff9618694d27a	118	4236	c58936d391f07a2032de63e98a8a3a7248ad360331141aa3fbeff9618694d27a	match
OWNED	tests/server/domain/world-info/verbs/import.int.test.ts	138	5601	984d74ff73ebbc593ca39a789256308e693169959ef8614c0ec5efde043d49b7	138	5601	984d74ff73ebbc593ca39a789256308e693169959ef8614c0ec5efde043d49b7	match
OWNED	tests/server/domain/world-info/verbs/list-owned-book-ids.int.test.ts	43	2059	d67679fde2b553cba2b7ecc561e288fb0c7affa97aa0fbc113fcf2e3893dad04	43	2059	d67679fde2b553cba2b7ecc561e288fb0c7affa97aa0fbc113fcf2e3893dad04	match
