# kind	lines	bytes	sha256	path
OWNED	8	700	28be439cda09a37b383bf4b11a543ea7a7e4ec46ef8b4e68c423064de8087a73	packages/server/src/domain/admin/context.ts
OWNED	18	957	5ce20335f1aa87649d30500a46f6a895210355cd2cfac2b152351c1a0b45c777	packages/server/src/domain/admin/contract/errors.ts
OWNED	16	973	fa2f3d11ee5d3c16d4e9e8e85bc38103acc27f7b1231e03a99a34c9c1e01c572	packages/server/src/domain/admin/contract/guard.ts
OWNED	68	2367	4c46060290a2b7eea171697d14a8ef797dc3605208529170aca1ed1e8b16d8ea	packages/server/src/domain/admin/contract/params.ts
OWNED	35	1941	6a462c819696ba9c1b2a3ad9926c926b7c98435e0d36d4c5d4bbeb718cc4d9d0	packages/server/src/domain/admin/contract/results.ts
OWNED	91	4601	4f9dd1312b49d89d8f8b6fd92537e81f4f1bbf3090bc00fbfb6c4ab7fb1a975c	packages/server/src/domain/admin/contract/service.ts
OWNED	43	1892	453183efac2b45d7084f491d378f2d788f68be33b2bdc873046d1bd1a0619449	packages/server/src/domain/admin/contract/views.ts
OWNED	82	3398	c2769ffa350e8516fc3d20fcd068af9484fc8eccbd45d6c4c33363343bc38ae3	packages/server/src/domain/admin/guard.ts
OWNED	10	743	596ad5cfb2b1d01e033366f602b6311ecc1cbd8914d6f2bc9a53895a1ba0484b	packages/server/src/domain/admin/index.ts
OWNED	40	1702	7d84a90268cb881fe79459ac9b456001e3cebc4566f6705037b3e26445721f78	packages/server/src/domain/admin/persistence/queries.ts
OWNED	34	1583	eff3298b160e385ddc16e24eddacca5d508f2681f39248005bf842bba52ba6cb	packages/server/src/domain/admin/service.ts
OWNED	0	0	e3b0c44298fc1c149afbf4c8996fb92427ae41e4649b934ca495991b7852b855	packages/server/src/domain/admin/substrate/.gitkeep
OWNED	132	5601	6fac9cd348b76691d1cfac47c8d90bcdd4c46c71bf70c9438cb5c8f5ca65957a	packages/server/src/domain/admin/verbs/create-user.ts
OWNED	29	1235	9afce1bbe30413b6ce009705e41264097b63ac67cf0efbd54d638bfc25bce7e5	packages/server/src/domain/admin/verbs/embed.ts
OWNED	79	4064	d2c418e19e66c414a97976ec1d5f3b67da58462fa5a91ebf484050a3b07cc298	packages/server/src/domain/admin/verbs/link-sso-identity.ts
OWNED	18	975	bc88f5dcc7510f278753fe6e5f26758caa0de4c5e8bf8f5dda2cf428135a61c8	packages/server/src/domain/admin/verbs/list-users.ts
OWNED	62	2956	2ca7ff24b87c18dc4279c6360d93eff4d9c92ff2580d4fb0192b26aeb5d66ce6	packages/server/src/domain/admin/verbs/reset-password.ts
OWNED	50	1982	63d1953f87440f44b08b696ac872820fb701fdc4ceb6a12bc0715e98dbb3c1cc	packages/server/src/domain/admin/verbs/sessions.ts
OWNED	67	2813	25c33e5a4f506d6dc81544d79b09996d2c50151300e741203fb21f79b8b36bd8	packages/server/src/domain/admin/verbs/set-enabled.ts
OWNED	62	2353	949b72353d9e6cd80c8eb7a2e5a4bcd26a7c1d4fbaa069b01b71d08e9fd18f2a	packages/server/src/domain/admin/verbs/set-role.ts
OWNED	48	1976	7f381eb34412e4ada19a8370facc04edac12ce12db2573079eb2359ffea08a1f	packages/server/src/domain/admin/verbs/vllm.ts
OWNED	4	265	f7e5d5af49c5a84512887858795fc00bd634f2991ecb07905c67ff0f55bf3d2f	packages/server/src/domain/export/context.ts
OWNED	0	0	e3b0c44298fc1c149afbf4c8996fb92427ae41e4649b934ca495991b7852b855	packages/server/src/domain/export/contract/.gitkeep
OWNED	37	1735	719c5fac2511bb820abbefa015bf3f33f5daaff1f5e5a0b75e41c11eb4e5d8f1	packages/server/src/domain/export/contract/params.ts
OWNED	28	1266	38ab27a89ee3f9fca0c917b40982c9bfca040fd51936cbc400ee82ca3935774f	packages/server/src/domain/export/contract/results.ts
OWNED	52	3671	75ac3ecee31fa2151df2ed278d43fdc171a8387ff1e23360cca6d8d77b364491	packages/server/src/domain/export/contract/service.ts
OWNED	7	418	abda1d08a1f65bc34dd46aca89cc80662a872f9ec61ab5618b29d5c0a768c4aa	packages/server/src/domain/export/index.ts
OWNED	19	964	3600aacfd6a8d0757dbf32fc1ef5de2e2ddb12eb5e2b3ac82934135ac1c75b45	packages/server/src/domain/export/service.ts
OWNED	0	0	e3b0c44298fc1c149afbf4c8996fb92427ae41e4649b934ca495991b7852b855	packages/server/src/domain/export/substrate/.gitkeep
OWNED	15	822	a235fb1e3d1150893f8978c2b87603079469315a460e6e16fd14cbdb24a0e641	packages/server/src/domain/export/substrate/download-slug.ts
OWNED	12	2547	6c7122e3e1ddfa7156f2f24823a42593d89af0242f7b0ab9263198104ee5c14d	packages/server/src/domain/export/substrate/placeholder-png.ts
OWNED	0	0	e3b0c44298fc1c149afbf4c8996fb92427ae41e4649b934ca495991b7852b855	packages/server/src/domain/export/verbs/.gitkeep
OWNED	178	8773	e36a10b96025b56bb6c0f7cf414b54c75bf75c73f1bd176ac5b41b2a3b1fa2a5	packages/server/src/domain/export/verbs/export-character.ts
OWNED	325	16281	1ca3c69229553e79801f4bc976a87a3ebd28aa32fb5a1706e778c8bc5c96a371	packages/server/src/domain/export/verbs/export-chat-bundle.ts
OWNED	218	11117	284c7bf4f51f7696df371c47bcf28bcdb9191d6ca024b0bc049fb10762e3a345	packages/server/src/domain/export/verbs/export-chat.ts
OWNED	44	2413	fbdefbd112ddc62227927d379d676f01786ac89cda5de4a51ae77e5068d21ebc	packages/server/src/domain/export/verbs/list-host-chats.ts
OWNED	12	748	e0da878b0e26f2aede1e8de3effb7cc2237a0443856339c43d90bbb2a7069538	packages/server/src/domain/notifications/context.ts
OWNED	30	1330	c23f1ad3c63e7fb735eecc6f62fd275d8448c4e5b9f947d4ce968d86abf2c654	packages/server/src/domain/notifications/contract/params.ts
OWNED	14	483	bec76896a6d6e1e936ceab27a0ab475b4ac0cd85301e61035907dcc697431181	packages/server/src/domain/notifications/contract/results.ts
OWNED	36	2193	03f6797492d83f016de2d3cd82ce831588dfbe9b8206f61c071b1512cf205253	packages/server/src/domain/notifications/contract/service.ts
OWNED	8	632	bfd137c0fd6c83c7c72ba6ef7fb6c8e08a30a4e78d7eb322f420190456267aa7	packages/server/src/domain/notifications/contract/views.ts
OWNED	11	895	7b76b75f063edb57c3420eaa2ed8653ce4b66363cc70d623ebd17a52ba159405	packages/server/src/domain/notifications/index.ts
OWNED	132	5730	021eb4e8c7cff1cb59c4c0de871d4646191b3f4eb2cf62a5a8a6a9dc7c18b308	packages/server/src/domain/notifications/persistence/queries.ts
OWNED	26	1149	01aa486594d7d0f8dcdc0b07c91697cef61f415b295c6930be271f517934481e	packages/server/src/domain/notifications/service.ts
OWNED	25	1556	69048beace33f3dee486199dd9ebaf06e00e2ceacb66b037b9700aaf37b04dd8	packages/server/src/domain/notifications/verbs/list.ts
OWNED	30	1455	87209fcaadfa20de8a28abe4659c8d31f68fda15e528da71d2ce8424485ce291	packages/server/src/domain/notifications/verbs/read.ts
OWNED	37	2009	d922c23ba09cfbbd98d221a1d7d3faac4f5e4293be28a6ab634cdb3265766385	packages/server/src/domain/notifications/verbs/record.ts
OWNED	112	6839	a97182196165dd4b8cb0c023d680fbcfbd04c8727566119a9241829df16a5205	packages/server/src/domain/plugin/activation/activate.ts
OWNED	40	2752	375b8c252f6dc142105b80aea1146e94c854fb46ede2f3d40141a1949c2c9d61	packages/server/src/domain/plugin/activation/crash-policy.ts
OWNED	21	979	fbb2330a618c9545d392c9c3c6625a038fb41393b2ba49c5c4db2ec2384c4a7b	packages/server/src/domain/plugin/activation/deactivate.ts
OWNED	7	580	f9f1dd57119344ea54430e3ab449678ca7fdadaaee89fcf80212547bc79a886c	packages/server/src/domain/plugin/context.ts
OWNED	67	4051	ceb3f90db9b690f380a3cefb47facaf9c848387e5e0a396e8a38f32d584fc740	packages/server/src/domain/plugin/contract/errors.ts
OWNED	190	14115	ca703ad6a38d03f50ace94fbb7ebc1003887c3e964fdc3370a13a146148a4229	packages/server/src/domain/plugin/contract/ops.ts
OWNED	62	2992	e94d5677842ea1009a355371942690ac5d1211944490bf3d4f798691cb2061ff	packages/server/src/domain/plugin/contract/params.ts
OWNED	44	2370	f014e7663b44938d284720c7a8ead3b62afe5ef6fd312d27a8dd823ba75365bd	packages/server/src/domain/plugin/contract/results.ts
OWNED	183	11755	448915607d53feb1850b3bd26d9f7d9f03db43a8619d5b983c72864cf59bd8eb	packages/server/src/domain/plugin/contract/service.ts
OWNED	60	3752	06b6a2bb912361f9fb2466353fbd3cb54e780dfc2c76f1a99e0971ce91a529b4	packages/server/src/domain/plugin/index.ts
OWNED	64	3593	bed5bb28cc74b5d96a096275689ff04e4d70db5a2acae51a186210ebd471230e	packages/server/src/domain/plugin/persistence/plugin-kv.ts
OWNED	186	9331	2bafc9c63eabba8736f9d88a26a6890d532d1d59c808e8a8459b679df8f997a2	packages/server/src/domain/plugin/persistence/plugins.ts
OWNED	38	2311	80416b13574b02be5046a26a2bfe01c995007c7d7e7d032fe1a887346b593a44	packages/server/src/domain/plugin/service.ts
OWNED	120	8627	e2761dbab4a9130fa80a4bbc121da7d0f737d6fcb8dfc3003d87bf76470ccb6a	packages/server/src/domain/plugin/substrate/bridge.ts
OWNED	29	2094	b7abe3ff7ace8f4c319a4abaea1d45c621cb2b74524241d37f82037545e98136	packages/server/src/domain/plugin/substrate/grants.ts
OWNED	152	7325	34a71ff9683830dcaa1e4143656ae1991318d19b21e749006a0a224eb8904ffb	packages/server/src/domain/plugin/substrate/manifest.ts
OWNED	53	3277	b59da15310e55cc0360ff17d90bceee141f2012d847aa446b82d16e162c8ac62	packages/server/src/domain/plugin/substrate/registrar.ts
OWNED	47	3085	d5791875ca7a93fd9a34e5a1061432aebca1c601dc5acfb43409151e42aeb081	packages/server/src/domain/plugin/substrate/storage.ts
OWNED	24	1195	69f037dcf6da4508da87c917817a68b65d9718c9cf83dbe8693e197a5f9af131	packages/server/src/domain/plugin/verbs/get-plugin-log.ts
OWNED	65	2639	c945330c5eee58d5bb79788678cf05312fc5c800c7cf06d9559518743fcc3a8b	packages/server/src/domain/plugin/verbs/install.ts
OWNED	13	664	eb443cf445f65059bc4f2af2c7f85a50a4272ec007684b02976aa5832b6d0f21	packages/server/src/domain/plugin/verbs/list-plugins.ts
OWNED	36	2853	98bee22e7f370dc9921623feb79bb9650a2410041591ce5469b1eb67ef5ca884	packages/server/src/domain/plugin/verbs/run-snippet.ts
OWNED	34	1781	4e7b47e471256700a7ca43331d6d2a78354e2fe3e337a6ac9cb380e16d1619c4	packages/server/src/domain/plugin/verbs/set-enabled.ts
OWNED	25	1401	b235a14e6db9a7ff9d56ae27e784c02c9c8c4326a671f4bc85f9773750e1af80	packages/server/src/domain/plugin/verbs/uninstall.ts
OWNED	68	3639	aa92890695da92ea92c83615b531a9db7b52cc98bb5135806af188c89cecda01	packages/server/src/domain/plugin/verbs/upgrade.ts
OWNED	12	643	4525fb7aeccb6b971c8361e9fab9a54f3d4a536ff33b2e654ba72d08886bc7ce	packages/server/src/domain/preset/constants.ts
OWNED	7	556	ddc3ca3047a1b411ba92b2c5f96ceaed63e22282084286b0db79c39820049b9c	packages/server/src/domain/preset/context.ts
OWNED	0	0	e3b0c44298fc1c149afbf4c8996fb92427ae41e4649b934ca495991b7852b855	packages/server/src/domain/preset/contract/.gitkeep
OWNED	25	1040	8c0d9a8ee0872194919e855f83fc9393111c36981ebaa55d82b2abe9c6734a76	packages/server/src/domain/preset/contract/errors.ts
OWNED	34	2400	52c59784d1777dec0ffd90d0ffe710cd651f02101f1656b0acc99d990793d729	packages/server/src/domain/preset/contract/handoff-copy.ts
OWNED	158	7952	772df7189ffa50a12a028523530d76b8c7a5a251159c3d344a7159cc2ca4c0d2	packages/server/src/domain/preset/contract/packaged.ts
OWNED	90	3744	24fc7fefc653256984c9fc1f83b494d8a936ed2d6e4c00a3040b68506b61e713	packages/server/src/domain/preset/contract/params.ts
OWNED	26	1254	0abbd3dcc438d445e869ca81ad393e783516346597bc00e7e6d299e5666b67cf	packages/server/src/domain/preset/contract/portability.ts
OWNED	75	4941	384eb0d09a7639433c882de1a30a6f7fd5f0a247546c84df1f444fe393da287a	packages/server/src/domain/preset/contract/service.ts
OWNED	105	5398	7711ee65d5273c3e807477ad29b8a3660414f5d8b0f6639f0ec7150fb5152328	packages/server/src/domain/preset/contract/views.ts
OWNED	33	1664	b31786ae917fa6044be7f774a262d5f3cd96437873611c09a6b53309603b3b2a	packages/server/src/domain/preset/index.ts
OWNED	0	0	e3b0c44298fc1c149afbf4c8996fb92427ae41e4649b934ca495991b7852b855	packages/server/src/domain/preset/persistence/.gitkeep
OWNED	58	2523	aed0b17deb19695fbe9194e5d6642aecd66d4aeb52e79c4d850272bde0bafd02	packages/server/src/domain/preset/persistence/handoff-copy-write.ts
OWNED	165	7344	89954289e01d126c3cfb9d1185bd46af0811d3bbd4a48c0fe152e9874ea1b98d	packages/server/src/domain/preset/persistence/queries.ts
OWNED	90	4076	6c1df66688608e1fff4f8f7283ee77aebf4124f301ee6ea6c587c3a87c9f2098	packages/server/src/domain/preset/seed.ts
OWNED	34	1689	3b4aef63aace01afdff6a1050fd2fcfd60c6663b9ab62b9b5ca3898764525e6f	packages/server/src/domain/preset/service.ts
OWNED	0	0	e3b0c44298fc1c149afbf4c8996fb92427ae41e4649b934ca495991b7852b855	packages/server/src/domain/preset/substrate/.gitkeep
OWNED	24	1244	7ca38580351c7239bdfe9b4f079a012f5a85ec65718ec8d0fdaa5ba16e7f9546	packages/server/src/domain/preset/substrate/names.ts
OWNED	34	1454	fd4158315e248f6fb393d3af2a06808d51a717f7d130e9cafce6011f83a33db5	packages/server/src/domain/preset/substrate/views.ts
OWNED	0	0	e3b0c44298fc1c149afbf4c8996fb92427ae41e4649b934ca495991b7852b855	packages/server/src/domain/preset/verbs/.gitkeep
OWNED	61	2870	6e91fcc5cc794fb03a16ce2df04944bf80c470a89420397f4234a4568740daf2	packages/server/src/domain/preset/verbs/clone-packaged.ts
OWNED	56	2490	922892341c9eeabf463d52183f5a03c2d0805f71f0e49ab74efc665a9fd61f91	packages/server/src/domain/preset/verbs/create.ts
OWNED	22	1078	b5288110452ea0ac6962575d1f7a3f485020911f39069e88458c8545369a43a1	packages/server/src/domain/preset/verbs/export.ts
OWNED	21	949	47a2341232c03c3014b73fd7968af91d0bac7112708ef070da9de3235fa225c8	packages/server/src/domain/preset/verbs/get.ts
OWNED	23	1673	0de333facee212fdd1ff9f35023c7904456d15bbabec604834e753964f5a99d5	packages/server/src/domain/preset/verbs/import-file.ts
OWNED	90	3320	c56831ed8f801f7808b6574395589e950aa2d3cb6fc62f7dddfa72544bc519de	packages/server/src/domain/preset/verbs/import.ts
OWNED	17	765	c599718c9e76aea519f2f0b16b7a71bd441fc0f5bfd6fbc4619c88ba38f87522	packages/server/src/domain/preset/verbs/list.ts
OWNED	39	1819	a0ee39b19624fc31e4824593694472e26ebe7169cce0d2489297c8ac8fd35326	packages/server/src/domain/preset/verbs/remove.ts
OWNED	52	2271	b0c45cd36baec851df255e6aa09ba85b494624830cdb56df20d033b2f80f221e	packages/server/src/domain/preset/verbs/reset-to-default.ts
OWNED	170	9725	7d3badcae47c97e9c5c3b520d4f37cad46b559a38b13e7e2eb8aec6135309317	packages/server/src/domain/preset/verbs/resolve-effective.ts
OWNED	185	9069	1e4c2c52cf49d18acafe02d7e2a6378dcf3ce3181515233127686e84885fdc01	packages/server/src/domain/preset/verbs/update.ts
OWNED	22	1113	bc50bb450f80837f3a4663055cd0f9db772a553ec3b60bf5097c72c421a391c7	packages/server/src/domain/sessions/context.ts
OWNED	29	1795	90a2c0718f84038ba0a59b1ded6a8b4c77d0872c33e53073a800fa8fad51ed05	packages/server/src/domain/sessions/contract/params.ts
OWNED	67	3914	0d3951ce0a9b05ccc292bc83208b4d55ab9498ccf64b7af2e467b245357d13ab	packages/server/src/domain/sessions/contract/results.ts
OWNED	76	5787	5d7545d14c015b1192b32bf0fec305e5b9b136a5cfa6f4c7ae7f03c361f38094	packages/server/src/domain/sessions/contract/service.ts
OWNED	14	683	9bed07c4fc2987ab2975c9cc86895aa4b0fbc427f6396536d6d0d2bc967f66c3	packages/server/src/domain/sessions/contract/views.ts
OWNED	15	1009	d9f49fadc00bbeddcc415c3722470b2cebeedb40ac6c13bb630dc8daf123ac98	packages/server/src/domain/sessions/index.ts
OWNED	64	2363	0289dff8d456c5843d6aac2b39faa93ec76eeb616681db3e44f5db1794252258	packages/server/src/domain/sessions/persistence/oidc-store.ts
OWNED	121	4764	c6385107a879235902cabf90aed19988302f0b01db75a3bb2f9c4e7c93083794	packages/server/src/domain/sessions/persistence/sessions.ts
OWNED	134	6392	6714e3c168b21558726a6453f9946f868aab4a50d89f61421c0f2afa9ff06642	packages/server/src/domain/sessions/persistence/users.ts
OWNED	45	2103	5f2f9d1f1e6d511f500faea72146812d17ddea4e53d6d439ab78cce87f736daa	packages/server/src/domain/sessions/service.ts
OWNED	164	8539	52092be87941d4c2bcffe9d873c21a87945709c7adb04c0bf060e3797525645c	packages/server/src/domain/sessions/substrate/role-policy.ts
OWNED	43	2486	a781ce0795f76412f8fe9c6591d755b05ce75aa0caf7529356de0138384ba418	packages/server/src/domain/sessions/tokens/tokens.ts
OWNED	24	1271	2dec10af90532fa7dab2663a565fdc5cf2ef03cf649e2c4cad5f9a71bfe2c328	packages/server/src/domain/sessions/verbs/authenticate.ts
OWNED	44	1608	e870368e0d15cb424a678c065c39e6c43049b8f8a6fd80f11fb593bb3815deb7	packages/server/src/domain/sessions/verbs/create.ts
OWNED	52	2641	0836108ce60c9c8b57451289a7b03e7358c6dbf9058f1a699536ae4738a80eb6	packages/server/src/domain/sessions/verbs/ensure-user.ts
OWNED	46	2994	d8c5ec6ae6613f23d97984cda967756bbe7e0dff6a147046b6d748bf85722728	packages/server/src/domain/sessions/verbs/link-external-id.ts
OWNED	14	722	db3fec8a74993922b05dad608637b755731cf9b3f2f7acc276f34d9f624b4de8	packages/server/src/domain/sessions/verbs/list.ts
OWNED	30	1958	f82e6b5dbdba2ad2086a52cc865185b5b72216e780bde895801d8a07bebcaf39	packages/server/src/domain/sessions/verbs/load-user-by-id.ts
OWNED	29	1775	114fa05aba8f76c82fa425492364bb2336521dd1a8d1535c55f7ee27fd5477c9	packages/server/src/domain/sessions/verbs/owner-password.ts
OWNED	427	26773	790bd4af2fb483d52f6ddcbf677a6c3836fc17aa69814a1d70dbcd98ba5fda09	packages/server/src/domain/sessions/verbs/provision-identity.ts
OWNED	21	1151	006990c2190c739229078b32c5818d78dd4ec3bddc7e3afcd75b63c0cbe1faf5	packages/server/src/domain/sessions/verbs/resolve-handle.ts
OWNED	58	2739	61bc8780e5eb7fe1d7d61b244b170ed06b5a9e5f9497c2c309541bf9f0c69839	packages/server/src/domain/sessions/verbs/revoke.ts
OWNED	35	1856	8ed783b177187ab2e0c2b7e183abeeb166a90062d311aab1573873d0cecdcf3c	packages/server/src/domain/sessions/verbs/validate.ts
OWNED	42	2836	d1323315cab3badd1299df38158cc58ef284d1fe24a8df51fe72d4b0f3a781da	packages/server/src/domain/settings/constants.ts
OWNED	43	1875	827561c6e5fe037ecf25ce22ffe383691b9b74d757d606f1cfefb775238db8e7	packages/server/src/domain/settings/context.ts
OWNED	26	1411	4013e5ad9710ff5d3188da3582d435d0ded9beea1a5af62f965419399f100b23	packages/server/src/domain/settings/contract/errors.ts
OWNED	5	369	1d4b73504575ca017ad0c31e4a0ea4198c92a66ee71a19e38916f952311bdc4b	packages/server/src/domain/settings/contract/keys.ts
OWNED	84	3432	b9acb2fe0b1f47a672b1897b78a86a6f024800051923913f538024925859a821	packages/server/src/domain/settings/contract/params.ts
OWNED	37	1914	2312b00f522ecfbd244cc69b95e24ad8cef17112c2403c6b522a64023d595267	packages/server/src/domain/settings/contract/portability.ts
OWNED	132	8654	99bd33eaf78f2570570b77b8c7a79784a60352952933191240aeeec518252c51	packages/server/src/domain/settings/contract/service.ts
OWNED	34	1214	03bae59cd905cbf15933b5b6802f02d8f6037a1d422fcdb22bb3743b39634964	packages/server/src/domain/settings/contract/views.ts
OWNED	35	1627	a886a6f0a1b80887035f18849f7709843ad0b99999b0469aa483d968fe4d15e2	packages/server/src/domain/settings/effective-config/cache.ts
OWNED	166	8808	84c19307b3b17b8c86ee825bfe18952a30e07abf396e37f0b5c460723cc3793e	packages/server/src/domain/settings/effective-config/layer.ts
OWNED	27	1283	e23d3cdd4ce60aae470371792c995fd047537dae096aafee0080bdf0cd552dce	packages/server/src/domain/settings/index.ts
OWNED	98	4467	eb7ef40fa37a4c6a2edc8475ceb133fae3913a0710e020757f03c68649311462	packages/server/src/domain/settings/persistence/queries.ts
OWNED	173	7877	e722a43082d90f15e4d1b96a599af3eeae8e76ff27c33dcd870a029143be4ccc	packages/server/src/domain/settings/persistence/theme-queries.ts
OWNED	93	5301	e4b443e349c046907798b5cbdaa641e734860f8c025d997aeb3b47a3f3765793	packages/server/src/domain/settings/seed-themes.ts
OWNED	46	2645	f9d48d9f7d7646be11b8fca28dd8832fddcf0bd0c953b7f61c826496ed9b69d9	packages/server/src/domain/settings/service.ts
OWNED	35	1550	1f2c4e936b7b994f694368720776fa553de2570b016a4143cc95dac6b83543df	packages/server/src/domain/settings/substrate/merge.ts
OWNED	27	1463	909f0c1a72969b75ca839ebd736b93ddb0f9be1010738492cc916d2c32a69873	packages/server/src/domain/settings/substrate/names.ts
OWNED	82	4698	cd6699147c5bb77b0640f7ac25969a1ef3f8b48444b336b0a72ff87ca1b4f30b	packages/server/src/domain/settings/substrate/routing-coherence.ts
OWNED	24	1095	a94d87b32bbb661a4723cb71cdd873e548fd790d065bf7e6dfc661ee85894ab0	packages/server/src/domain/settings/substrate/theme-views.ts
OWNED	47	2441	6f984293d7dfe0dfb0367faa9a4eb9ebfb5b743aa73505075674ccb172a3b445	packages/server/src/domain/settings/verbs/add-external-background.ts
OWNED	89	4485	b0e0c2ff5afddf19d58d7ab24e954c6f814b9eadc719e0e874c7dc6186a5a73d	packages/server/src/domain/settings/verbs/app-settings.ts
OWNED	104	5962	5f66335689888c31b8fd4ea6936a09053cd6c1fd11cbee3dcddf35ba192b76bb	packages/server/src/domain/settings/verbs/apply-imported-appearance.ts
OWNED	66	2450	dd3b7484dcbfe552d84c37da417bd219565e782b815a7779e50f3bd8e402f3d8	packages/server/src/domain/settings/verbs/create-theme.ts
OWNED	67	2469	ff31386b55d11ea21a56136c2eed19d9990e1b257395e637facf83c8bbf75950	packages/server/src/domain/settings/verbs/duplicate-theme.ts
OWNED	28	1605	f20d5fe9ecb34d23a0e6f6abcc687582dfb77eb119c8c993574967c32363e5d3	packages/server/src/domain/settings/verbs/export-theme.ts
OWNED	22	1354	3fe0fbf554ba451dd6d53c8fadbf807096ead4a2d7b38d7c7ca9a373992504b8	packages/server/src/domain/settings/verbs/export-user-settings.ts
OWNED	19	866	def0fc8554c6efa6a63b738d36ad398259f8c4a3b83eb1569e34c73af44a4a3a	packages/server/src/domain/settings/verbs/get-theme.ts
OWNED	10	630	af53daef8e350459b586fa413b039e57f57522ec840fafadbcdf62790e39116f	packages/server/src/domain/settings/verbs/get-user-settings.ts
OWNED	40	1738	77473278bffd915827ad76106bfd24badc7eaf72f4175bb8677d9c74a2a6a011	packages/server/src/domain/settings/verbs/global-settings.ts
OWNED	65	2537	853f6136faede32efbda0e1d069b8bcf9747c6be7ba5dc00e873ab210d5d9251	packages/server/src/domain/settings/verbs/import-theme.ts
OWNED	61	2685	6a021625ddd07e63bdcd83a1a6433999b545094c67be33d1aaf00b0b6379192b	packages/server/src/domain/settings/verbs/import-user-settings.ts
OWNED	15	746	33731c1754ab892a449293e1ff1f7645d50260a48aeb1e921e0125279449f9c4	packages/server/src/domain/settings/verbs/list-themes.ts
OWNED	12	843	b2f65bb03bd6a7132cc5fdd8f1e798d8b7db9a3e95d7cb9ebbdc2ec06f4ec254	packages/server/src/domain/settings/verbs/load-user-settings.ts
OWNED	82	3936	26329927e523df56b7229d5f609986d16870507df53c90f080a2bc122983b552	packages/server/src/domain/settings/verbs/promote-theme.ts
OWNED	32	1297	300032a833f923a44332999815185c997db377a39a10dfd10d4e331342636eb3	packages/server/src/domain/settings/verbs/remove-theme.ts
OWNED	81	3106	41ebd3800bce70b28b5147a0ab199af15a50118e72528c33b4b9dac5fc4885e1	packages/server/src/domain/settings/verbs/update-theme.ts
OWNED	65	4119	29a235c92b649b2fcdd77d8b5832ace9659eb7f774bfbf299de84702954bf5a0	packages/server/src/domain/settings/verbs/update-user-settings-section.ts
OWNED	164	7148	6a897fc79d17d8e51c10af2373fc5b6f62c5c3298a13fb5c1df198253ba25f5d	tests/server/domain/admin/_support.ts
OWNED	87	4205	1fe5ed45ff139aa73afa980c5345607406f09c923d1ec06d9dc4846b268186f1	tests/server/domain/admin/guard.test.ts
OWNED	38	1667	003bcb9154c06db226154939dbf3e9ab5100938e34cba51559777be42a2f9b7e	tests/server/domain/admin/persistence/queries.int.test.ts
OWNED	150	6242	5a53a81d47665344769a077ddd93ba675bde83f5fa5f146e08a421931c97b1b1	tests/server/domain/admin/verbs/create-user.int.test.ts
OWNED	56	2755	0f66f0292a9fbb914faf1632d6cf42e1c71bf0e039333a6fb8a250a7ebe260a7	tests/server/domain/admin/verbs/embed.int.test.ts
OWNED	87	4823	af202604c29ec1bb83eabf79420dd26d60b878808a76b41c170219f40992d872	tests/server/domain/admin/verbs/link-sso-identity.int.test.ts
OWNED	45	2227	41aca7863d30deb2174f0fbd4c2e4999698639dcec68d718fbcf8fab8833638d	tests/server/domain/admin/verbs/list-users.int.test.ts
OWNED	112	5290	91b41c284ff9f63e15a24ce37097be504ea17230ac0212b3afe26236d2ddabeb	tests/server/domain/admin/verbs/reset-password.int.test.ts
OWNED	57	2972	117eae82eb2e92e4d1fea183eb65c2f1fea529b56d800e4bd53df29b6c1ca2f0	tests/server/domain/admin/verbs/sessions.int.test.ts
OWNED	78	3733	ec60a9deb2d2447ae49f886d73a146350fabbff3e711bc558875b3638d944147	tests/server/domain/admin/verbs/set-enabled.int.test.ts
OWNED	105	5311	0ceae2bd9883c6d6171232925545b1cfa388a1dfcaf79a1e990c635e7f653e07	tests/server/domain/admin/verbs/set-role.int.test.ts
OWNED	64	3200	226c8f3d2a4bcecfa188dd5ca7e9562752f60969d9760cac2c63f5fab003bb6f	tests/server/domain/admin/verbs/vllm.int.test.ts
OWNED	250	9883	00648a8222c99bf504de39e764b23e88010d170861b3e3b5399ad22d1b767087	tests/server/domain/export/_support.ts
OWNED	28	1106	eaa9664f8f9f3f857ae0ac108cd8837503857aa9eeb2b27b26e6dbcab373eeda	tests/server/domain/export/substrate/download-slug.test.ts
OWNED	265	12095	ff4f98d161a06a30eee1aa9d88d53490dfdfbcc40b1b141277564d588eb82acf	tests/server/domain/export/verbs/export-character.int.test.ts
OWNED	214	10253	53ea0aa19d0549775a09384dbd5c9177ce032de279dbe8854dab416432c9b1ba	tests/server/domain/export/verbs/export-chat-bundle.int.test.ts
OWNED	331	15226	e5f21012351ea3d41cad625c8b8043fd6018b4a9e947380f06ce06c14876430e	tests/server/domain/export/verbs/export-chat.int.test.ts
OWNED	131	6429	a6b58ff0d1fe21b33dd3212bc723c8c44bc8d1b6cac4a35077feec553d93fc87	tests/server/domain/export/verbs/list-host-chats.int.test.ts
OWNED	49	2556	8fa543741601b4be52be4fa50ec1a444bae48ce4e96c38e8c8b6843a022cae77	tests/server/domain/notifications/_support.ts
OWNED	145	5513	56f78a427d28e804c31ecc11f3f9f8c89edf438a7ec540d894437ea5f968a0ac	tests/server/domain/notifications/persistence/queries.int.test.ts
OWNED	63	2644	33d35b5bef44d69c5a04846e1a1709f251303eb0e2371f277df6a1618621de0d	tests/server/domain/notifications/verbs/list.int.test.ts
OWNED	84	3897	773fb522dd66d051471f94fc9ce993007dc66d9f156506043b0b535d85fbf315	tests/server/domain/notifications/verbs/read.int.test.ts
OWNED	106	4673	a15b35da6f16a0eb84301648accb296b58d84db9fc13918361d3e2e81954a2bb	tests/server/domain/notifications/verbs/record.int.test.ts
OWNED	259	12803	fbd05dac147feead511cb6b1db3965262fec2ab70243addab962392e5b130deb	tests/server/domain/plugin/_support.ts
OWNED	139	6301	e8f173f27c4eec24cccfe5076c43a30da40b2c56191d69a54386bc9dff188e89	tests/server/domain/plugin/activation/activate.int.test.ts
OWNED	67	3714	0053e6aa6519c7f5e527aee5514215b94eef6f0eaa6bb9a01dbed543b01e237f	tests/server/domain/plugin/activation/crash-policy.int.test.ts
OWNED	105	5466	6edf83eaa6503f1c2e6fbc80a6a0ac42955155884c30c0e65b5e3ed512febe6e	tests/server/domain/plugin/persistence/plugin-kv.int.test.ts
OWNED	196	7444	71c7e5514f85fb25f93f5823c5d54b49bb8b1a13e73bc65a380e110cad0f12f6	tests/server/domain/plugin/persistence/plugins.int.test.ts
OWNED	87	4720	55385078d7d6afaebc91fc27459b102bd39c72ff306d1a22139c56865f609a86	tests/server/domain/plugin/service.int.test.ts
OWNED	190	8720	9ea56d03885f37b4b811d4c0285bc66655d9a6953b8029b2522257cd4ec5f988	tests/server/domain/plugin/substrate/bridge.test.ts
OWNED	50	2689	689e02e9dc1bb093d489b5596ef86a0cf2e9e58b9fd96ab0e1633afc8ded229c	tests/server/domain/plugin/substrate/grants.test.ts
OWNED	124	5384	d9edd71f9d93e21dfbbdf1b1e2f304b44060be444a40ab6bf5bbfd231e9d10d3	tests/server/domain/plugin/substrate/manifest.test.ts
OWNED	95	4112	181c6f1e5ade2f6af20e3c19961371ac5ca2c944830dacd41bccec221eb4520b	tests/server/domain/plugin/substrate/registrar.test.ts
OWNED	89	4563	462651d29b26d3aac74d1f3b84e7e827e85250c07522c0286c06ff1c448aa64d	tests/server/domain/plugin/substrate/storage.int.test.ts
OWNED	27	1484	fbcb9ae977c4a6530f4502d1d2fc3593a7ed89610c33b6fff4ccb2356dc00dea	tests/server/domain/plugin/verbs/get-plugin-log.int.test.ts
OWNED	63	3469	b9647aadb4e5d47bf4e006d932a1a97833098701b791efd77c374ded34dc50e4	tests/server/domain/plugin/verbs/install.int.test.ts
OWNED	30	1541	e2da339b76401bcafcf8b9d012144d339085fa0d4dff0b3477701c8428dcb571	tests/server/domain/plugin/verbs/list-plugins.int.test.ts
OWNED	73	4137	4beea2456d71f00e590a9e9b783a35dbd9fe4e4b451d467f7fd08f70e284e7a4	tests/server/domain/plugin/verbs/run-snippet.int.test.ts
OWNED	71	4039	49ecbb2f50411c13b7d2691fe86e3c41ab32d489ca790fd8b7597fd47085b148	tests/server/domain/plugin/verbs/set-enabled.int.test.ts
OWNED	59	3289	83cf254e7976c0bebc2c928e6ae7b2ea07a5e94f6f1cb3f15ce991c934e61695	tests/server/domain/plugin/verbs/uninstall.int.test.ts
OWNED	101	5344	be23ac93a4b18ce5c7b31c6b23f6e19d74aaf8c93d26c68dd508191346fe6dc4	tests/server/domain/plugin/verbs/upgrade.int.test.ts
OWNED	93	4227	fbfe7e6d0fb83d25f2d59138285cd18ce2eb7080def736887998d0b4d9e17f25	tests/server/domain/preset/_support.ts
OWNED	20	1037	2c6e3eb648567af1bf724528888c0b8a14cc143e569425fa6f6d69153e4c1cf1	tests/server/domain/preset/constants.test.ts
OWNED	60	3046	f3fc4e6301e3b95aa06ec897587943fc2e278788757c30bc3bb05b2e3cfe0ae0	tests/server/domain/preset/contract/packaged.test.ts
OWNED	93	4717	6d8d95e46709b1fb6d2bf9757e3b57bdbe7773c9e59b518dbf38b34db2883358	tests/server/domain/preset/persistence/handoff-copy-write.int.test.ts
OWNED	197	9076	77c4cb083e290211d8b72ef90d7a37b1ff7a90588639867ae5c2b400a2de9168	tests/server/domain/preset/persistence/queries.int.test.ts
OWNED	86	3988	2962fb8cbd44bbc9e35c8be5a8aa453621a216f0f1fa8a31ede065165adafac3	tests/server/domain/preset/seed.int.test.ts
OWNED	27	1713	dacad6aa0cfb345522427c31b000f3eab7aeddf62fea386c0bfa0895b8329f99	tests/server/domain/preset/substrate/names.test.ts
OWNED	78	3557	8aedce4b06a40705d896f5aba0e87998294c43c0417532d634531c428c8c6d2b	tests/server/domain/preset/substrate/views.test.ts
OWNED	82	4408	355b06550d466ae515a9bb73fdb4000af20fa67fa17023a3e14b65d99c648d31	tests/server/domain/preset/verbs/clone-packaged.int.test.ts
OWNED	58	2545	e49e9eb972dbe11f5cb5ab2812fa62402f3acd1dd7b6ff701a576bfd07c8c2d5	tests/server/domain/preset/verbs/create.int.test.ts
OWNED	42	2169	974bca8e3ae4030c1cdb95e087f247d09df09b3eb538fc11eb01df1bc7b0a9b8	tests/server/domain/preset/verbs/export.int.test.ts
OWNED	35	1632	07f4326dc730a5e05e6064165fe1fc06bb83628ea58bec8fb3c382c3da048cb9	tests/server/domain/preset/verbs/get.int.test.ts
OWNED	70	3736	4d9a95adb85888fb69e6ab9983d93a0d48a776c6e70332749be9bf367bd27607	tests/server/domain/preset/verbs/import-file.int.test.ts
OWNED	104	4467	087fa310e993910ef6da3a37cf13211be3de365af2862276372a060e5dddbd65	tests/server/domain/preset/verbs/import.int.test.ts
OWNED	41	2142	f0b39ffff847695645073e25d6e9d34d7f96453ff3c4f5c5774bc03aad829be7	tests/server/domain/preset/verbs/list.int.test.ts
OWNED	39	2045	b38dac193dfd8fc974b6afa75c7d858fded1a1c95faff4d128d50c04b4e66dd9	tests/server/domain/preset/verbs/remove.int.test.ts
OWNED	55	2437	e4e0cd555b0d0a914ccce21b5a88ca8baad78df07eeb27bec91a8538822ff3c2	tests/server/domain/preset/verbs/reset-to-default.int.test.ts
OWNED	205	12026	47ce564837c2dfc625ff300e7442328efc73da97142681d251f39726b90be4f1	tests/server/domain/preset/verbs/resolve-effective.int.test.ts
OWNED	252	13146	c47e5ac29488ac67323b22d8d2c69db4c0a4cff7fbf62ca1c6b1e3004c5d6529	tests/server/domain/preset/verbs/update.int.test.ts
OWNED	21	1364	83edd0bf7d951d1eb74ec9a7714fc076104e8a6f79b539329dbdbac44d0802a3	tests/server/domain/sessions/_support.ts
OWNED	37	2514	86e20107fd91d1185895f2aa4d734382c827f83599813e3f53777afb9b119fb8	tests/server/domain/sessions/contract/service.test-d.ts
OWNED	172	6784	ab7b5c32c0cb87aac25a188e35cebb791a036f5b004f74061e23595ff86eea93	tests/server/domain/sessions/persistence/oidc-store.int.test.ts
OWNED	106	4234	a42726dfbbfc8f1354756485d2f267d0d9a5ad5d4a8e4cc6222601134857da98	tests/server/domain/sessions/persistence/sessions.int.test.ts
OWNED	91	2802	5cdede74418e5fbe29a4a6b578f003b7e7a638e8c24d05eb59dd82aea7f1169c	tests/server/domain/sessions/persistence/users.int.test.ts
OWNED	194	8473	320d058346b0b1c1d5702dde44db3bd3c30e1a99ac5c6732da4096564b0fbb35	tests/server/domain/sessions/substrate/role-policy.test.ts
OWNED	76	3104	67be1cabe9293585fd5da2441f4d8951075eab44309ec59c544185fb8e75d7b1	tests/server/domain/sessions/tokens/tokens.test.ts
OWNED	63	2925	6e47c94552fd4a6c96656a05c456a9fb4896104647311df11e3dad68c9c5284e	tests/server/domain/sessions/verbs/authenticate.int.test.ts
OWNED	61	2705	3f237dfe14a5e826cb2d62b2b7b161190343fd6a2e42dbc3fb3d8d924897124b	tests/server/domain/sessions/verbs/create.int.test.ts
OWNED	84	3661	102e2edf5c98c66bd5dd2b79e678718094fbc5a8bfc1d8aaf305360f4b78bfaa	tests/server/domain/sessions/verbs/ensure-user.int.test.ts
OWNED	84	3623	d3565b8d268abb59162fb5073d5bca9c0b69aaa08da2dca6fbaf050aebec0a90	tests/server/domain/sessions/verbs/link-external-id.int.test.ts
OWNED	49	1776	20f823cf75f496a0067eba2987b64ba9094e76b7f361d3b1633075576f359476	tests/server/domain/sessions/verbs/list.int.test.ts
OWNED	57	2549	bca26cf1d72106023d284b4003d4acfbb47c83635e7871676ba14bd92ce79c27	tests/server/domain/sessions/verbs/load-user-by-id.int.test.ts
OWNED	81	2932	14862918b9a18626edf98afb1c2d10312ba41ff2f7547ac71622a2c0a61eab95	tests/server/domain/sessions/verbs/owner-password.int.test.ts
OWNED	615	34515	adbbd48d26ff28dd8814d3bf12970149e9e01ae1ad2336fc758950b2069879f3	tests/server/domain/sessions/verbs/provision-identity.int.test.ts
OWNED	36	1584	0a628fb0bc8b4f88e5c25980f77553455e7b1d1bbde261006c3021ab3283e6d6	tests/server/domain/sessions/verbs/resolve-handle.int.test.ts
OWNED	115	5112	470db831b62a758ad96ddbeecb7bb3fec597e2f085c304a3dbb039b9a8ce23ae	tests/server/domain/sessions/verbs/revoke.int.test.ts
OWNED	95	4315	22c539bc47dcee546bae54520194b1ceef454a68b9651a0c359339202693850e	tests/server/domain/sessions/verbs/validate.int.test.ts
OWNED	110	4974	7d84a387e6b0346ac2f3a143650baf2f5d6da6df59717bc37ed59693751449b9	tests/server/domain/settings/_support.ts
OWNED	58	2538	6c960ac772761b7dbbd7be94432715e49b63033b6402755658feeb4627d4e936	tests/server/domain/settings/effective-config/cache.int.test.ts
OWNED	120	7028	19f0bd077630e0c93fb0d2788be4baaf8fde21b4b255dcfa3566501c9cc5e657	tests/server/domain/settings/effective-config/layer.test.ts
OWNED	115	5750	76bd9ec9c5a00be33561e19e0d0c81e1c7680d4e7f14d2c65160eefd706871a0	tests/server/domain/settings/persistence/queries.int.test.ts
OWNED	188	7226	7419cad6f43d887fa2bc364fdd1bff6a54e5bb5c60333a57e5426d0020c345c7	tests/server/domain/settings/persistence/theme-queries.int.test.ts
OWNED	96	6575	77ab5bc6870cfecc96b0541679352dd123ef6c2e5143fb4bb5df91db58abbcaf	tests/server/domain/settings/seed-theme-pairing.suite.test.ts
OWNED	172	8345	bef24025d3ea523e41995a7fc0fe2830dd76fb01172c19caf15f608d456ff302	tests/server/domain/settings/seed-themes.int.test.ts
OWNED	36	1850	3b8b5dbc5d656e99870969d23378699d10982eb2114608d0761a0382469ad887	tests/server/domain/settings/substrate/merge.test.ts
OWNED	59	2470	f61faff3c4a704e078842b4ef1360a9cd9b970819f533453afe5a9f2c47129dd	tests/server/domain/settings/substrate/theme-views.test.ts
OWNED	60	3193	e3aeacb20a19b74cef045a19bf74bc7546fa26e1321b211d5adf530d4d8e44bd	tests/server/domain/settings/verbs/add-external-background.int.test.ts
OWNED	162	7682	03599484c69acf4d66333dba4cd206fb027e936d17a250c5e9eba3f256ecf2db	tests/server/domain/settings/verbs/app-settings.int.test.ts
OWNED	129	7199	73a64a271f7ec9405b9c9438588df2a6681f3d060aa242432bd0d45066a4484a	tests/server/domain/settings/verbs/apply-imported-appearance.int.test.ts
OWNED	80	3564	7f3d3c83876eaf08e4406dceb9a4ee1eba3bb667847c5a650ef07aec2656e4f8	tests/server/domain/settings/verbs/create-theme.int.test.ts
OWNED	66	2966	80da2125a40db84ea90e635c7ce5a8313d588a4eaeabbdc1fc2f7b74fe6b9b19	tests/server/domain/settings/verbs/duplicate-theme.int.test.ts
OWNED	63	2605	6f8a73093cf5c80104215d9d9fb46ef8ba30408ee9b41a4714b51656d0bf9e6c	tests/server/domain/settings/verbs/export-theme.int.test.ts
OWNED	54	2434	16fbb983694d7c829343c135a1c65c29e8cadff7656b90648cc8b08989624e68	tests/server/domain/settings/verbs/export-user-settings.int.test.ts
OWNED	44	1987	60cf48d35a403c8bed22ce66f5a41cac16d02b12dffd42df92554ea96fdfcdef	tests/server/domain/settings/verbs/get-theme.int.test.ts
OWNED	36	1618	88b7e3d8cddf8369d42061760c2e0c1bda504f325bc863f89f98cc01b938dd69	tests/server/domain/settings/verbs/get-user-settings.int.test.ts
OWNED	39	1862	158f258f70f332882ffb227dcebb1222ef162c415ec3551de2f1ac1404367a2f	tests/server/domain/settings/verbs/global-settings.int.test.ts
OWNED	69	3176	bbb8b09067a5178c8d2c3dfcd515e03c6d9f02d5fa17a2c811526dd13d12a73e	tests/server/domain/settings/verbs/import-theme.int.test.ts
OWNED	76	3448	e0281d5549e89906637a023e1781d5d121e93add3f633b2aa0a4a324c6025cb7	tests/server/domain/settings/verbs/import-user-settings.int.test.ts
OWNED	33	1568	ddd1026c44f01906589f70875f2b721c0395ed5a826612c8ce04bae115060d2d	tests/server/domain/settings/verbs/list-themes.int.test.ts
OWNED	30	1251	c4f4195df9b09661aea466b07153b93d8148b024a59e2f1a4cf79ebfdee7ad54	tests/server/domain/settings/verbs/load-user-settings.int.test.ts
OWNED	120	5736	490fab440053c5c7a5a7f0498a21249d13dc07426cdccf554750ecdd2adb2902	tests/server/domain/settings/verbs/promote-theme.int.test.ts
OWNED	47	2310	a0d8be5031ae49152eba7c92ede3af881e2cf179452efa04b6a6d53aae940a93	tests/server/domain/settings/verbs/remove-theme.int.test.ts
OWNED	116	4251	64a1fad7e9a5742424224d6388ba2bef95b5d8261a7ba0ae6d1adfb612da17e0	tests/server/domain/settings/verbs/update-theme.int.test.ts
OWNED	201	12572	88c29b33b7f7f1c085e9ee62997be2c14b3ca31f07ee8a991aeefed61fa6794c	tests/server/domain/settings/verbs/update-user-settings-echo-stability.suite.int.test.ts
OWNED	385	18842	1db7614d7d07bf56aefdf6a81ad6cbae33de857bcbfcfe020dc2815042cf23f0	tests/server/domain/settings/verbs/update-user-settings-section.int.test.ts
