path	lines	bytes	sha256	read_utc	method
packages/client/src/features/regex/components/regex-bulk-bar.tsx	159	8143	c2af72729cbee4b714a13be822c084b5c19014f8d7bef3e395e60bfc283eec03	2026-08-13T23:30:00-06:00	full semantic read via sed -n 1,$p grouped by regex,rpg,settings-stats source+mirrored tests; shared ast.ts in four contiguous ranges
packages/client/src/features/regex/components/regex-bulk-placement-dialog.tsx	113	5207	df12fe7b2572d31365a335bfbb2c47b311baab97cc688a44c39cdfec385f1630	2026-08-13T23:30:00-06:00	full semantic read via sed -n 1,$p grouped by regex,rpg,settings-stats source+mirrored tests; shared ast.ts in four contiguous ranges
packages/client/src/features/regex/components/regex-collection-rows.tsx	237	11303	3728036b2532875a382f8e9b7118cd45667a77e65c5b34a1c8bc7967f48f382e	2026-08-13T23:30:00-06:00	full semantic read via sed -n 1,$p grouped by regex,rpg,settings-stats source+mirrored tests; shared ast.ts in four contiguous ranges
packages/client/src/features/regex/components/regex-context-body.tsx	260	13018	8b948752fd3428768e995ba86dbe92b2205f0ed9010e6a5e4ba619167f4c024c	2026-08-13T23:30:00-06:00	full semantic read via sed -n 1,$p grouped by regex,rpg,settings-stats source+mirrored tests; shared ast.ts in four contiguous ranges
packages/client/src/features/regex/components/regex-editor-fields.tsx	274	15319	064dd107cad2b77fb4289eceed321700cda61edba9c8208cbc61d6e996eef0a3	2026-08-13T23:30:00-06:00	full semantic read via sed -n 1,$p grouped by regex,rpg,settings-stats source+mirrored tests; shared ast.ts in four contiguous ranges
packages/client/src/features/regex/components/regex-pipeline-panel.tsx	239	12352	c37f6ff257f7a635ea39440192968c46e3fd718d0fe4a85b5dbffb416588bf9e	2026-08-13T23:30:00-06:00	full semantic read via sed -n 1,$p grouped by regex,rpg,settings-stats source+mirrored tests; shared ast.ts in four contiguous ranges
packages/client/src/features/regex/components/regex-test-panel.tsx	122	6724	34ca985a760ff0f8964b36136b4a2473f72375ba30d5f6b734dc9045322237d5	2026-08-13T23:30:00-06:00	full semantic read via sed -n 1,$p grouped by regex,rpg,settings-stats source+mirrored tests; shared ast.ts in four contiguous ranges
packages/client/src/features/regex/hooks/use-regex-collection.ts	71	3827	066920af634aacbec77cd0cd8134c82592c6283292f8b24deb6e3e038c5f46cd	2026-08-13T23:30:00-06:00	full semantic read via sed -n 1,$p grouped by regex,rpg,settings-stats source+mirrored tests; shared ast.ts in four contiguous ranges
packages/client/src/features/regex/hooks/use-regex-library.ts	103	5881	bf8d6e11acb31a74434afa6b22ba0b83194d3e8e1831e4bb8c3501e38416b0a9	2026-08-13T23:30:00-06:00	full semantic read via sed -n 1,$p grouped by regex,rpg,settings-stats source+mirrored tests; shared ast.ts in four contiguous ranges
packages/client/src/features/regex/hooks/use-regex-script-form.ts	43	2521	1e2f2ea8c63814d7457118f922a82a32c68f96a28210b9841fdfea48e8effe52	2026-08-13T23:30:00-06:00	full semantic read via sed -n 1,$p grouped by regex,rpg,settings-stats source+mirrored tests; shared ast.ts in four contiguous ranges
packages/client/src/features/regex/index.ts	7	546	e745943622d33b9a1c1a9261d02114b9d10a26032e40f61c2556cb90f795f6a9	2026-08-13T23:30:00-06:00	full semantic read via sed -n 1,$p grouped by regex,rpg,settings-stats source+mirrored tests; shared ast.ts in four contiguous ranges
packages/client/src/features/regex/lib/derive-tier-flags.ts	40	3447	23326adc4921b11dda91ff10328d7ff49ccef08e10cc03d97f778d9687bac844	2026-08-13T23:30:00-06:00	full semantic read via sed -n 1,$p grouped by regex,rpg,settings-stats source+mirrored tests; shared ast.ts in four contiguous ranges
packages/client/src/features/regex/lib/regex-collection.tsx	36	2331	49638fd9324fddd341d176c8710dd1e06c5161f364156f6d394beddfeb2df756	2026-08-13T23:30:00-06:00	full semantic read via sed -n 1,$p grouped by regex,rpg,settings-stats source+mirrored tests; shared ast.ts in four contiguous ranges
packages/client/src/features/regex/lib/regex-model.ts	9	543	9cb341839d9e973003d6778622ac9acca42f36234cac28af0fff380a3c8b0dfa	2026-08-13T23:30:00-06:00	full semantic read via sed -n 1,$p grouped by regex,rpg,settings-stats source+mirrored tests; shared ast.ts in four contiguous ranges
packages/client/src/features/regex/lib/regex-pipeline.ts	141	7663	a3188142bd955bedd5c639f06329d3afd3e7cb7ffab618ba8d431a2a34188ba0	2026-08-13T23:30:00-06:00	full semantic read via sed -n 1,$p grouped by regex,rpg,settings-stats source+mirrored tests; shared ast.ts in four contiguous ranges
packages/client/src/features/regex/lib/regex-preview.ts	151	8658	d9ee3da611b99bd4646e89eeee338fd4a067bc4e3f8cc92761ffa1689dc8f4a3	2026-08-13T23:30:00-06:00	full semantic read via sed -n 1,$p grouped by regex,rpg,settings-stats source+mirrored tests; shared ast.ts in four contiguous ranges
packages/client/src/features/regex/surfaces/regex-member-surface.tsx	100	4905	529d1c31cafb96732ffffa5634a4cb2c96b95ce11ad9b52c36f7e9e95a0e790b	2026-08-13T23:30:00-06:00	full semantic read via sed -n 1,$p grouped by regex,rpg,settings-stats source+mirrored tests; shared ast.ts in four contiguous ranges
packages/client/src/features/rpg/components/rpg-act-rail.tsx	120	5725	56c70fad6a153be6eb1292d90a21702d1b10fd2b3ff30d9ab982da9f9c8e8791	2026-08-13T23:30:00-06:00	full semantic read via sed -n 1,$p grouped by regex,rpg,settings-stats source+mirrored tests; shared ast.ts in four contiguous ranges
packages/client/src/features/rpg/components/rpg-actor-trackers.tsx	285	15574	b86812dc2272e15b0962038e2fb018c9afcbccc283ef561df3391e0613f04a34	2026-08-13T23:30:00-06:00	full semantic read via sed -n 1,$p grouped by regex,rpg,settings-stats source+mirrored tests; shared ast.ts in four contiguous ranges
packages/client/src/features/rpg/components/rpg-beat-row.tsx	193	7304	671f913d84b54b0d949714ff7a5ad1ac85a295c48555a521ccdf1fcff3c3a7a7	2026-08-13T23:30:00-06:00	full semantic read via sed -n 1,$p grouped by regex,rpg,settings-stats source+mirrored tests; shared ast.ts in four contiguous ranges
packages/client/src/features/rpg/components/rpg-card-row.tsx	48	2154	0f70b811cccf0639f9d46b4c76a3cc5ab5d5aba6bc538bde52878252991dce15	2026-08-13T23:30:00-06:00	full semantic read via sed -n 1,$p grouped by regex,rpg,settings-stats source+mirrored tests; shared ast.ts in four contiguous ranges
packages/client/src/features/rpg/components/rpg-character-detail.tsx	443	19548	a2e9814193f0d94afa237825e46164fcf74aab4a0a9c488de1841f0a0fec634b	2026-08-13T23:30:00-06:00	full semantic read via sed -n 1,$p grouped by regex,rpg,settings-stats source+mirrored tests; shared ast.ts in four contiguous ranges
packages/client/src/features/rpg/components/rpg-choice-echo.tsx	112	5010	c8f41076868014f8b2f7751cc958a82326048608d06d8e9a4a0e68746a701dd0	2026-08-13T23:30:00-06:00	full semantic read via sed -n 1,$p grouped by regex,rpg,settings-stats source+mirrored tests; shared ast.ts in four contiguous ranges
packages/client/src/features/rpg/components/rpg-doorway-line.tsx	34	1478	1811150f0b86aa801ca924c7ba0248544802647f19e138c827dbf03f13775054	2026-08-13T23:30:00-06:00	full semantic read via sed -n 1,$p grouped by regex,rpg,settings-stats source+mirrored tests; shared ast.ts in four contiguous ranges
packages/client/src/features/rpg/components/rpg-error-state.tsx	81	4698	08e09ce192faf32855750788d069a1c610af1cdf8b146b1b342cba89fb8a659c	2026-08-13T23:30:00-06:00	full semantic read via sed -n 1,$p grouped by regex,rpg,settings-stats source+mirrored tests; shared ast.ts in four contiguous ranges
packages/client/src/features/rpg/components/rpg-field-lock.tsx	42	2389	a56b85cd944e599892c4957e4e130ebea0c3abf40685171b7d0aff5cc2f0847f	2026-08-13T23:30:00-06:00	full semantic read via sed -n 1,$p grouped by regex,rpg,settings-stats source+mirrored tests; shared ast.ts in four contiguous ranges
packages/client/src/features/rpg/components/rpg-freshness-indicator.tsx	95	6391	6812e55b14a433f8f0cc59415cde2524780e5e1def8d6de18cc6423aafb82890	2026-08-13T23:30:00-06:00	full semantic read via sed -n 1,$p grouped by regex,rpg,settings-stats source+mirrored tests; shared ast.ts in four contiguous ranges
packages/client/src/features/rpg/components/rpg-game-door.tsx	75	3815	666422266836ac1f0c3b0ffdec9f494c8b9189b5c0c3db625c63438c2747e415	2026-08-13T23:30:00-06:00	full semantic read via sed -n 1,$p grouped by regex,rpg,settings-stats source+mirrored tests; shared ast.ts in four contiguous ranges
packages/client/src/features/rpg/components/rpg-game-macros.tsx	126	7160	f80d266e819aabeaf8891106669e5f737de7f8d1739c28051c9df506fff6cffe	2026-08-13T23:30:00-06:00	full semantic read via sed -n 1,$p grouped by regex,rpg,settings-stats source+mirrored tests; shared ast.ts in four contiguous ranges
packages/client/src/features/rpg/components/rpg-game-tab-body.tsx	28	1584	544ef2fa728e7ee3a380ceead36f75a5c26dc40d336eac4ad20d6a08729e9f28	2026-08-13T23:30:00-06:00	full semantic read via sed -n 1,$p grouped by regex,rpg,settings-stats source+mirrored tests; shared ast.ts in four contiguous ranges
packages/client/src/features/rpg/components/rpg-game-tab.tsx	412	21631	ff006ef6224d211fd13056c025724a2c45d456d801cca5ac267e77864ae98974	2026-08-13T23:30:00-06:00	full semantic read via sed -n 1,$p grouped by regex,rpg,settings-stats source+mirrored tests; shared ast.ts in four contiguous ranges
packages/client/src/features/rpg/components/rpg-header-band.tsx	87	4714	57b7f68bd9f76da09953c5ebe14153ecf54d50830fe7a220f6804e78a395155a	2026-08-13T23:30:00-06:00	full semantic read via sed -n 1,$p grouped by regex,rpg,settings-stats source+mirrored tests; shared ast.ts in four contiguous ranges
packages/client/src/features/rpg/components/rpg-hint-map-editor.tsx	91	3991	c1a29c51ba7a3fc226316adcac8562bb6b5bd87733f9b1773fb4486095e725e2	2026-08-13T23:30:00-06:00	full semantic read via sed -n 1,$p grouped by regex,rpg,settings-stats source+mirrored tests; shared ast.ts in four contiguous ranges
packages/client/src/features/rpg/components/rpg-host-scalars.tsx	420	23441	e318a76c9605cd1417dd22dc965e7dce0108dab98bbc1844d1746f5fdeb3a380	2026-08-13T23:30:00-06:00	full semantic read via sed -n 1,$p grouped by regex,rpg,settings-stats source+mirrored tests; shared ast.ts in four contiguous ranges
packages/client/src/features/rpg/components/rpg-hud.tsx	396	24913	9251350b437d1d79efc9aaf202aa9cf42395c2fa04a043b2fc9f0916576a68ba	2026-08-13T23:30:00-06:00	full semantic read via sed -n 1,$p grouped by regex,rpg,settings-stats source+mirrored tests; shared ast.ts in four contiguous ranges
packages/client/src/features/rpg/components/rpg-inventory-tab.tsx	245	13287	b3659e032b2b135a201f3a14d32755e433f34a14f5c20b72f7f9026e12231a3f	2026-08-13T23:30:00-06:00	full semantic read via sed -n 1,$p grouped by regex,rpg,settings-stats source+mirrored tests; shared ast.ts in four contiguous ranges
packages/client/src/features/rpg/components/rpg-journal-tab.tsx	308	15257	545d4a8f0ca4fcf0990389bddf92350d2343089c927658075a28d95cd5a6f384	2026-08-13T23:30:00-06:00	full semantic read via sed -n 1,$p grouped by regex,rpg,settings-stats source+mirrored tests; shared ast.ts in four contiguous ranges
packages/client/src/features/rpg/components/rpg-kicker.tsx	35	1799	62700e49f39289258a8eba966e80dbe093096d0f2f64b84a67524b5b47ae050a	2026-08-13T23:30:00-06:00	full semantic read via sed -n 1,$p grouped by regex,rpg,settings-stats source+mirrored tests; shared ast.ts in four contiguous ranges
packages/client/src/features/rpg/components/rpg-map-tab.tsx	34	2036	4b7c42b08bd27468d53f822170d3b4fa9ae9c38f5768993439800efcdfdd9304	2026-08-13T23:30:00-06:00	full semantic read via sed -n 1,$p grouped by regex,rpg,settings-stats source+mirrored tests; shared ast.ts in four contiguous ranges
packages/client/src/features/rpg/components/rpg-pack-rows.tsx	394	18863	f66c10c21001ea789e5cf91f91acdf84c6a3aa0dc71fd895545cb4f768cad81d	2026-08-13T23:30:00-06:00	full semantic read via sed -n 1,$p grouped by regex,rpg,settings-stats source+mirrored tests; shared ast.ts in four contiguous ranges
packages/client/src/features/rpg/components/rpg-populate-control.tsx	91	4719	ee4c0327aea7ec0cebc68af16dea7d7b2234b66c8dac249bf73f74df88509faf	2026-08-13T23:30:00-06:00	full semantic read via sed -n 1,$p grouped by regex,rpg,settings-stats source+mirrored tests; shared ast.ts in four contiguous ranges
packages/client/src/features/rpg/components/rpg-quests-tab.tsx	341	14607	ff5abfbf9f812fe920ed4c884b4ba1e964c01072381764611e845bb7d295c11a	2026-08-13T23:30:00-06:00	full semantic read via sed -n 1,$p grouped by regex,rpg,settings-stats source+mirrored tests; shared ast.ts in four contiguous ranges
packages/client/src/features/rpg/components/rpg-scene-cards.tsx	112	5587	34ed5a8e34448e11b5e3a1f0a554867a8026d518fb0ca27c664b3b28966bc3a1	2026-08-13T23:30:00-06:00	full semantic read via sed -n 1,$p grouped by regex,rpg,settings-stats source+mirrored tests; shared ast.ts in four contiguous ranges
packages/client/src/features/rpg/components/rpg-scene-cast.tsx	279	14920	98c1ceb9f7c348b641b58a1bf9b577716347aed6988bc247deef7817319bc4e8	2026-08-13T23:30:00-06:00	full semantic read via sed -n 1,$p grouped by regex,rpg,settings-stats source+mirrored tests; shared ast.ts in four contiguous ranges
packages/client/src/features/rpg/components/rpg-scene-tab.tsx	363	20039	2a112ad19f1f991a2d95bc2c78975ec8d842dc2c4ec7a4e66d5408397ccc2b3e	2026-08-13T23:30:00-06:00	full semantic read via sed -n 1,$p grouped by regex,rpg,settings-stats source+mirrored tests; shared ast.ts in four contiguous ranges
packages/client/src/features/rpg/components/rpg-stat-profile-editor.tsx	176	7323	0e4a6192e3f53d4f5a54efb6dd97875b878ed5bbafa1e33ea8dd26be8cc6c67f	2026-08-13T23:30:00-06:00	full semantic read via sed -n 1,$p grouped by regex,rpg,settings-stats source+mirrored tests; shared ast.ts in four contiguous ranges
packages/client/src/features/rpg/components/rpg-status-tab.tsx	196	11010	e6fa5242242c422a135a77b52ea8175a6aafee0898d2fe4d97b54d65029b5ca9	2026-08-13T23:30:00-06:00	full semantic read via sed -n 1,$p grouped by regex,rpg,settings-stats source+mirrored tests; shared ast.ts in four contiguous ranges
packages/client/src/features/rpg/components/rpg-subject-select.tsx	42	2043	9df31cb0960aedf3d2720eae5805a285e51c0fdfe1c49b65644dc48e974ab04c	2026-08-13T23:30:00-06:00	full semantic read via sed -n 1,$p grouped by regex,rpg,settings-stats source+mirrored tests; shared ast.ts in four contiguous ranges
packages/client/src/features/rpg/components/rpg-takeover-header.tsx	288	17107	56c907a231bd45248eed0f3bbf49c24fed36b7ea4f5aa9aa8b63a36cb97d1b0f	2026-08-13T23:30:00-06:00	full semantic read via sed -n 1,$p grouped by regex,rpg,settings-stats source+mirrored tests; shared ast.ts in four contiguous ranges
packages/client/src/features/rpg/components/rpg-tracker-grants.tsx	151	8286	a996235a69a736326e72a7a7bb40539ea9682bf74e9ca1f88c7102755cebb9b1	2026-08-13T23:30:00-06:00	full semantic read via sed -n 1,$p grouped by regex,rpg,settings-stats source+mirrored tests; shared ast.ts in four contiguous ranges
packages/client/src/features/rpg/components/rpg-turn-ref.tsx	33	1707	a5e3820da448769c69206ecf286e6bbe5d88534988b8ed492c3f40dfa7d984b0	2026-08-13T23:30:00-06:00	full semantic read via sed -n 1,$p grouped by regex,rpg,settings-stats source+mirrored tests; shared ast.ts in four contiguous ranges
packages/client/src/features/rpg/components/rpg-veiled-section.tsx	70	3758	ebd58d40538b1489e8a79a7bf74a9f74f82993ebe151c8b589715f0116452ef2	2026-08-13T23:30:00-06:00	full semantic read via sed -n 1,$p grouped by regex,rpg,settings-stats source+mirrored tests; shared ast.ts in four contiguous ranges
packages/client/src/features/rpg/components/turn-tool-calls-disclosure.tsx	97	4865	41a2edf028b7159d67ba81fff65a9329e85e4dc1ce73c1b0dc7e9da9f83fa219	2026-08-13T23:30:00-06:00	full semantic read via sed -n 1,$p grouped by regex,rpg,settings-stats source+mirrored tests; shared ast.ts in four contiguous ranges
packages/client/src/features/rpg/hooks/use-inventory-diff.ts	79	3858	83dd16a3f4ff0949d970774090996efa54aedb483195a36d4404836a5dac8e4b	2026-08-13T23:30:00-06:00	full semantic read via sed -n 1,$p grouped by regex,rpg,settings-stats source+mirrored tests; shared ast.ts in four contiguous ranges
packages/client/src/features/rpg/hooks/use-rpg-context-state.ts	86	5220	6b7b902325fef900788b46d994f9f6a2cfe39e407e551ace6f55d71cdedd29b3	2026-08-13T23:30:00-06:00	full semantic read via sed -n 1,$p grouped by regex,rpg,settings-stats source+mirrored tests; shared ast.ts in four contiguous ranges
packages/client/src/features/rpg/hooks/use-rpg-mutations.ts	360	23682	974a32aeaa91dc9b579bf81230a23178534cdd0a692382db54bb5beee332f07b	2026-08-13T23:30:00-06:00	full semantic read via sed -n 1,$p grouped by regex,rpg,settings-stats source+mirrored tests; shared ast.ts in four contiguous ranges
packages/client/src/features/rpg/hooks/use-turn-tool-calls.ts	52	3575	b131f1207d18a1db0b7a83e5e30210db40169f11d532d9f3dddac936d0d89899	2026-08-13T23:30:00-06:00	full semantic read via sed -n 1,$p grouped by regex,rpg,settings-stats source+mirrored tests; shared ast.ts in four contiguous ranges
packages/client/src/features/rpg/index.ts	17	1334	e211211cb78af5c3bd5fcadb12c55b026d587b5fb2fc5e014a16b70bb7e3307c	2026-08-13T23:30:00-06:00	full semantic read via sed -n 1,$p grouped by regex,rpg,settings-stats source+mirrored tests; shared ast.ts in four contiguous ranges
packages/client/src/features/rpg/lib/actor-key.ts	10	469	5ee667adc8b32112e6fafcdbc7a3bea1634ca5414913d98289bc7f034d349e20	2026-08-13T23:30:00-06:00	full semantic read via sed -n 1,$p grouped by regex,rpg,settings-stats source+mirrored tests; shared ast.ts in four contiguous ranges
packages/client/src/features/rpg/lib/archived-cards.ts	97	4843	9594dbd8c7e0af39406cbcc29fb7abd697627f9f853eaed3dc69f721e6718b0a	2026-08-13T23:30:00-06:00	full semantic read via sed -n 1,$p grouped by regex,rpg,settings-stats source+mirrored tests; shared ast.ts in four contiguous ranges
packages/client/src/features/rpg/lib/glyphs.ts	237	6981	28f4a954fdb65da32d38236f0506d206a69064edca3b84b80cc19df49e760430	2026-08-13T23:30:00-06:00	full semantic read via sed -n 1,$p grouped by regex,rpg,settings-stats source+mirrored tests; shared ast.ts in four contiguous ranges
packages/client/src/features/rpg/lib/host-console-form-model.ts	151	7607	e52a1f0dc16692e38feb464304599829ecc405e71cee375c790f98bcdbf0e114	2026-08-13T23:30:00-06:00	full semantic read via sed -n 1,$p grouped by regex,rpg,settings-stats source+mirrored tests; shared ast.ts in four contiguous ranges
packages/client/src/features/rpg/lib/journal-labels.ts	35	1778	4df80963b1307642b9470aff9bfda162872871b5db0c5e7be56c9450d129779a	2026-08-13T23:30:00-06:00	full semantic read via sed -n 1,$p grouped by regex,rpg,settings-stats source+mirrored tests; shared ast.ts in four contiguous ranges
packages/client/src/features/rpg/lib/mint-key.ts	23	1003	459542d080e8fa414bcfc4d792f6d32f222e9bcaaab677d9e5e8bb6d50b0d0cd	2026-08-13T23:30:00-06:00	full semantic read via sed -n 1,$p grouped by regex,rpg,settings-stats source+mirrored tests; shared ast.ts in four contiguous ranges
packages/client/src/features/rpg/lib/plot-edit.ts	45	2220	bb570b4b5c2bdd8abbbcceba08015dc63d0d17bd94f544b976826e70f37b33f9	2026-08-13T23:30:00-06:00	full semantic read via sed -n 1,$p grouped by regex,rpg,settings-stats source+mirrored tests; shared ast.ts in four contiguous ranges
packages/client/src/features/rpg/lib/rpg-context-section.tsx	170	9104	db8094001cb863cc28e65c9dbb8f9133b90f8952178a1364cbd6584ad57e9389	2026-08-13T23:30:00-06:00	full semantic read via sed -n 1,$p grouped by regex,rpg,settings-stats source+mirrored tests; shared ast.ts in four contiguous ranges
packages/client/src/features/rpg/lib/rpg-game-chat.ts	45	2670	20f444f4ea98a1bcd785652bd5fa429ab8a4f072eb15cd61a7faebfbeedd28e3	2026-08-13T23:30:00-06:00	full semantic read via sed -n 1,$p grouped by regex,rpg,settings-stats source+mirrored tests; shared ast.ts in four contiguous ranges
packages/client/src/features/rpg/lib/rpg-hud-region.tsx	29	1714	7a95096a5a700f02c2bb52e2b5a3977bba7b3b5ab534bba0a08ec0278a501b62	2026-08-13T23:30:00-06:00	full semantic read via sed -n 1,$p grouped by regex,rpg,settings-stats source+mirrored tests; shared ast.ts in four contiguous ranges
packages/client/src/features/rpg/lib/track-color.ts	57	3188	d36cdbd3afd855263a22981cf1e0a7038e63ccf47e92ccf9b27d211b738ea9b7	2026-08-13T23:30:00-06:00	full semantic read via sed -n 1,$p grouped by regex,rpg,settings-stats source+mirrored tests; shared ast.ts in four contiguous ranges
packages/client/src/features/rpg/lib/turn-tool-calls-surface.tsx	28	1743	11e5c309d5b98f51aed6a3a8c08a2719086744736d9a2deb4d79df09defcdc81	2026-08-13T23:30:00-06:00	full semantic read via sed -n 1,$p grouped by regex,rpg,settings-stats source+mirrored tests; shared ast.ts in four contiguous ranges
packages/client/src/features/settings/components/settings-pane-placeholder.tsx	42	2703	926e1fb4f8028959201f7ba3f442f2673d305f1cc0d9f6523c9f05b9ac40ba3e	2026-08-13T23:30:00-06:00	full semantic read via sed -n 1,$p grouped by regex,rpg,settings-stats source+mirrored tests; shared ast.ts in four contiguous ranges
packages/client/src/features/settings/components/settings-save-footer.tsx	108	5514	9ed31fe6e156f10c3fb3e594379fac20f11c91143ebd6e334fd513035d581ec5	2026-08-13T23:30:00-06:00	full semantic read via sed -n 1,$p grouped by regex,rpg,settings-stats source+mirrored tests; shared ast.ts in four contiguous ranges
packages/client/src/features/settings/components/theme-editor.tsx	306	14765	43e700f7b9fb84d6627ffa50094b53c1f7904bfad003eae56d5ccf14e520f358	2026-08-13T23:30:00-06:00	full semantic read via sed -n 1,$p grouped by regex,rpg,settings-stats source+mirrored tests; shared ast.ts in four contiguous ranges
packages/client/src/features/settings/components/theme-row-menu.tsx	56	2080	3e580a065b8f3cd430b847b032788ccaea63dd4da748d8e67b9201cae0dd7c76	2026-08-13T23:30:00-06:00	full semantic read via sed -n 1,$p grouped by regex,rpg,settings-stats source+mirrored tests; shared ast.ts in four contiguous ranges
packages/client/src/features/settings/hooks/use-theme-form.ts	17	1178	0506b77c57c516f4c8a63e40c9a670548495090688608b15a134735b83ab7687	2026-08-13T23:30:00-06:00	full semantic read via sed -n 1,$p grouped by regex,rpg,settings-stats source+mirrored tests; shared ast.ts in four contiguous ranges
packages/client/src/features/settings/hooks/use-theme-mutations.ts	54	2164	73dccdf5277e575ad5de6d47d540639c594a26cc61d0d2005f1243bbfce31c77	2026-08-13T23:30:00-06:00	full semantic read via sed -n 1,$p grouped by regex,rpg,settings-stats source+mirrored tests; shared ast.ts in four contiguous ranges
packages/client/src/features/settings/index.ts	15	1052	c5fe14a960a17ca4846a9a9318453ca856585e2f6ffa1fc8b2082fd709295917	2026-08-13T23:30:00-06:00	full semantic read via sed -n 1,$p grouped by regex,rpg,settings-stats source+mirrored tests; shared ast.ts in four contiguous ranges
packages/client/src/features/settings/lib/appearance-pane.tsx	22	1240	a971e28e1f1c8c357360a1b08913138a78e86c79a3017f5ba46128128f140482	2026-08-13T23:30:00-06:00	full semantic read via sed -n 1,$p grouped by regex,rpg,settings-stats source+mirrored tests; shared ast.ts in four contiguous ranges
packages/client/src/features/settings/lib/automation-pane.tsx	15	745	c886a415bf9e9b0a64de4ab40b0479935333865a90b80f89f9893976177d875c	2026-08-13T23:30:00-06:00	full semantic read via sed -n 1,$p grouped by regex,rpg,settings-stats source+mirrored tests; shared ast.ts in four contiguous ranges
packages/client/src/features/settings/lib/chat-behavior-pane.tsx	22	1288	a5d0176b15b01460e9b1feb965e7108ba77c7a595d4df6c490d632a342fcb6de	2026-08-13T23:30:00-06:00	full semantic read via sed -n 1,$p grouped by regex,rpg,settings-stats source+mirrored tests; shared ast.ts in four contiguous ranges
packages/client/src/features/settings/lib/settings-modal.tsx	13	498	20932147486e624bb769399dd5af698218e5e3e577be57d2deb60bc29a2f2ec6	2026-08-13T23:30:00-06:00	full semantic read via sed -n 1,$p grouped by regex,rpg,settings-stats source+mirrored tests; shared ast.ts in four contiguous ranges
packages/client/src/features/settings/lib/settings-nav-model.ts	12	588	000787ca5d251b53cad27ecf8f5d64f878ad298a12cecd65b5e519ece7f043d6	2026-08-13T23:30:00-06:00	full semantic read via sed -n 1,$p grouped by regex,rpg,settings-stats source+mirrored tests; shared ast.ts in four contiguous ranges
packages/client/src/features/settings/lib/settings-scroll-spy.ts	65	3424	7654ed8ff59340efa104b9ad329ed897eff7b2ddb71556c5d4d8163c0dd03abe	2026-08-13T23:30:00-06:00	full semantic read via sed -n 1,$p grouped by regex,rpg,settings-stats source+mirrored tests; shared ast.ts in four contiguous ranges
packages/client/src/features/settings/lib/settings-search.ts	67	3072	0fa75baaffc646afe46c6f367b0eb0219cd9b52abc4fee2a652564c22083539f	2026-08-13T23:30:00-06:00	full semantic read via sed -n 1,$p grouped by regex,rpg,settings-stats source+mirrored tests; shared ast.ts in four contiguous ranges
packages/client/src/features/settings/lib/theme-contrast.ts	62	2533	cd4b74c52299114084f05c2ad33fa19cc702314d09c02ce8429cdc660fb6b39e	2026-08-13T23:30:00-06:00	full semantic read via sed -n 1,$p grouped by regex,rpg,settings-stats source+mirrored tests; shared ast.ts in four contiguous ranges
packages/client/src/features/settings/lib/theme-editor-model.ts	104	4033	1a0867f2f9cf6d0c1cc87c5888414e3a407a747b5d6e43b02486fee188681ad5	2026-08-13T23:30:00-06:00	full semantic read via sed -n 1,$p grouped by regex,rpg,settings-stats source+mirrored tests; shared ast.ts in four contiguous ranges
packages/client/src/features/settings/lib/theme-modal.tsx	12	487	4e35c1761b53b65b139eeaf81529b414cb4ec4014f3b7a7a2e42bc56dc9bc567	2026-08-13T23:30:00-06:00	full semantic read via sed -n 1,$p grouped by regex,rpg,settings-stats source+mirrored tests; shared ast.ts in four contiguous ranges
packages/client/src/features/settings/surfaces/settings-shell-surface.tsx	441	23123	19f5bb76c8833beadeb8892f1fb6254761f63930dcea459057b56515b73a7c05	2026-08-13T23:30:00-06:00	full semantic read via sed -n 1,$p grouped by regex,rpg,settings-stats source+mirrored tests; shared ast.ts in four contiguous ranges
packages/client/src/features/settings/surfaces/theme-picker-surface.tsx	177	8932	296b0a59ee11923c987d3982ff82e32697bdf9685eae107fedd89bd7a7fa2b6a	2026-08-13T23:30:00-06:00	full semantic read via sed -n 1,$p grouped by regex,rpg,settings-stats source+mirrored tests; shared ast.ts in four contiguous ranges
packages/client/src/features/stats/anchors/analytics-list-anchor.tsx	19	790	3bcb024b9047a575ef53d64706e2a403549dcf9dc05aa5d3d4a183112e2379de	2026-08-13T23:30:00-06:00	full semantic read via sed -n 1,$p grouped by regex,rpg,settings-stats source+mirrored tests; shared ast.ts in four contiguous ranges
packages/client/src/features/stats/components/analytics-content.tsx	16	882	ed9e06da968f1d800f2f096ebc1adc88895b509bec23c31157dc44230ce58b02	2026-08-13T23:30:00-06:00	full semantic read via sed -n 1,$p grouped by regex,rpg,settings-stats source+mirrored tests; shared ast.ts in four contiguous ranges
packages/client/src/features/stats/components/analytics-context-header.tsx	48	2335	1e8d9b1afe00cd2460cf696112b95e802211ccc4b55d82354efe9a74f1bb9478	2026-08-13T23:30:00-06:00	full semantic read via sed -n 1,$p grouped by regex,rpg,settings-stats source+mirrored tests; shared ast.ts in four contiguous ranges
packages/client/src/features/stats/components/analytics-list-header.tsx	24	1475	060210cb08a2c25ce3cb7fffbb947556052ee3e414b8355d7d6d0e6b5dc40b34	2026-08-13T23:30:00-06:00	full semantic read via sed -n 1,$p grouped by regex,rpg,settings-stats source+mirrored tests; shared ast.ts in four contiguous ranges
packages/client/src/features/stats/components/analytics-models-tab.tsx	69	2978	6ee5559d2a5b67192ca7da66fee441e7f0e358685b8e6b9599392b95ea50e4fc	2026-08-13T23:30:00-06:00	full semantic read via sed -n 1,$p grouped by regex,rpg,settings-stats source+mirrored tests; shared ast.ts in four contiguous ranges
packages/client/src/features/stats/components/analytics-personas-tab.tsx	58	2397	e6d275d93c089051639c087775e1b095e1c2d5661c0a6089573e2b412bf39309	2026-08-13T23:30:00-06:00	full semantic read via sed -n 1,$p grouped by regex,rpg,settings-stats source+mirrored tests; shared ast.ts in four contiguous ranges
packages/client/src/features/stats/components/analytics-time-tab.tsx	62	2688	c6abfa8848eeaa224a5d1cf8f85bc36911ea4649b9ccc51326f95c4e16c9e569	2026-08-13T23:30:00-06:00	full semantic read via sed -n 1,$p grouped by regex,rpg,settings-stats source+mirrored tests; shared ast.ts in four contiguous ranges
packages/client/src/features/stats/components/rhythm-figures.tsx	23	1131	836c5616c5733ccf5c4621c14485a8708c5f26b6a30287f8534ad4bae3041bb1	2026-08-13T23:30:00-06:00	full semantic read via sed -n 1,$p grouped by regex,rpg,settings-stats source+mirrored tests; shared ast.ts in four contiguous ranges
packages/client/src/features/stats/hooks/use-recompute-stats.ts	30	1929	b8a6eb2f98798fb3b522147eabd3a35ba2310323c76828ad7223ecf35987598a	2026-08-13T23:30:00-06:00	full semantic read via sed -n 1,$p grouped by regex,rpg,settings-stats source+mirrored tests; shared ast.ts in four contiguous ranges
packages/client/src/features/stats/index.ts	16	1321	bd0e452c445628da9d3852268096f362f4ecb37b145120302b0d47bb801f24dd	2026-08-13T23:30:00-06:00	full semantic read via sed -n 1,$p grouped by regex,rpg,settings-stats source+mirrored tests; shared ast.ts in four contiguous ranges
packages/client/src/features/stats/lib/analytics-section.tsx	65	3981	5c06fe2ebd15c1495daba1145047330145f38ecb9d6d01dff91578725699adc9	2026-08-13T23:30:00-06:00	full semantic read via sed -n 1,$p grouped by regex,rpg,settings-stats source+mirrored tests; shared ast.ts in four contiguous ranges
packages/client/src/features/stats/lib/analytics-selection-title.ts	13	726	29650ef904b5717de24565f7d05a15029ad19e609cd9154e2c30977fb5ec3304	2026-08-13T23:30:00-06:00	full semantic read via sed -n 1,$p grouped by regex,rpg,settings-stats source+mirrored tests; shared ast.ts in four contiguous ranges
packages/client/src/features/stats/lib/analytics-view-model.ts	171	7129	d9bc2459426d8c8aa7ca68319bbe19e36506b544c30a0862b278402157802e98	2026-08-13T23:30:00-06:00	full semantic read via sed -n 1,$p grouped by regex,rpg,settings-stats source+mirrored tests; shared ast.ts in four contiguous ranges
packages/client/src/features/stats/surfaces/analytics-character-surface.tsx	115	5545	89fe308959239bcffdc585c5d54d26991e459a592d58f1caf38a9db0b17c7f0c	2026-08-13T23:30:00-06:00	full semantic read via sed -n 1,$p grouped by regex,rpg,settings-stats source+mirrored tests; shared ast.ts in four contiguous ranges
packages/client/src/features/stats/surfaces/analytics-list-surface.tsx	92	4077	f633b0244abc9988e2f41b42defac8da5dde41373f01f4a906f0b7cb816aebdb	2026-08-13T23:30:00-06:00	full semantic read via sed -n 1,$p grouped by regex,rpg,settings-stats source+mirrored tests; shared ast.ts in four contiguous ranges
packages/client/src/features/stats/surfaces/analytics-overview-surface.tsx	191	8597	cbc6644d260b94470f9a2fa0d18a2c817d3a3c3b1968abe79450c23813b58504	2026-08-13T23:30:00-06:00	full semantic read via sed -n 1,$p grouped by regex,rpg,settings-stats source+mirrored tests; shared ast.ts in four contiguous ranges
tests/client/features/regex/_ct-stories.tsx	142	7206	e8c8db7c3c93dfbea7e45d25236df8779176ae010015f44e0af94f4a2cb5ab49	2026-08-13T23:30:00-06:00	full semantic read via sed -n 1,$p grouped by regex,rpg,settings-stats source+mirrored tests; shared ast.ts in four contiguous ranges
tests/client/features/regex/components/regex-collection-rows.ct.tsx	313	17997	f1b12dc37f4f09661d159a162e9237af9e0b4462e7683b383120a7f1aad97e3f	2026-08-13T23:30:00-06:00	full semantic read via sed -n 1,$p grouped by regex,rpg,settings-stats source+mirrored tests; shared ast.ts in four contiguous ranges
tests/client/features/regex/components/regex-context-body.ct.tsx	199	10878	c2faff413e98f8b433065b893a28a7438e0003a031b18f881bf301d2a98e5ca2	2026-08-13T23:30:00-06:00	full semantic read via sed -n 1,$p grouped by regex,rpg,settings-stats source+mirrored tests; shared ast.ts in four contiguous ranges
tests/client/features/regex/components/regex-pipeline-panel.ct.tsx	165	8373	a58ea7e07bd849504681fe5e225b47930ca8d035f9fe70ca9249c9273fa3ddc4	2026-08-13T23:30:00-06:00	full semantic read via sed -n 1,$p grouped by regex,rpg,settings-stats source+mirrored tests; shared ast.ts in four contiguous ranges
tests/client/features/regex/lib/derive-tier-flags.test.ts	77	4454	dcf3477c720fc421df1c6ed59f19a18b9d98871dd46b1165de3634ea191004bc	2026-08-13T23:30:00-06:00	full semantic read via sed -n 1,$p grouped by regex,rpg,settings-stats source+mirrored tests; shared ast.ts in four contiguous ranges
tests/client/features/regex/lib/regex-pipeline.test.ts	141	7082	293d6ccf6373aa3eedbfd854644508012337629cbf591ebfc221ce5e474de866	2026-08-13T23:30:00-06:00	full semantic read via sed -n 1,$p grouped by regex,rpg,settings-stats source+mirrored tests; shared ast.ts in four contiguous ranges
tests/client/features/regex/lib/regex-preview.test.ts	101	5369	6846f309d5ad820c34476e1b4fed579ad298cfa2e541b96267235be6a8db775c	2026-08-13T23:30:00-06:00	full semantic read via sed -n 1,$p grouped by regex,rpg,settings-stats source+mirrored tests; shared ast.ts in four contiguous ranges
tests/client/features/regex/surfaces/regex-member-surface.ct.tsx	250	14677	8ec7ea6a89e6cb1847a2e7d248de59a4b4ce2e8323099e3d12f40a13b53c7133	2026-08-13T23:30:00-06:00	full semantic read via sed -n 1,$p grouped by regex,rpg,settings-stats source+mirrored tests; shared ast.ts in four contiguous ranges
tests/client/features/rpg/_ct-stories.tsx	395	20990	5b7181ed171ff9d84d40fe9a2f0d9c623949d1c08002d1f62f756b0ac37283b8	2026-08-13T23:30:00-06:00	full semantic read via sed -n 1,$p grouped by regex,rpg,settings-stats source+mirrored tests; shared ast.ts in four contiguous ranges
tests/client/features/rpg/components/rpg-actor-trackers.ct.tsx	48	2775	7bb8a60860ee858032c4fdecb4267b58e75a9a7f0a40e5066304629f4012c596	2026-08-13T23:30:00-06:00	full semantic read via sed -n 1,$p grouped by regex,rpg,settings-stats source+mirrored tests; shared ast.ts in four contiguous ranges
tests/client/features/rpg/components/rpg-freshness-indicator.ct.tsx	72	4460	4dd8cc65b1819cbcab8636ded22c414308a7f85dfd4f5176709ee3289617ca74	2026-08-13T23:30:00-06:00	full semantic read via sed -n 1,$p grouped by regex,rpg,settings-stats source+mirrored tests; shared ast.ts in four contiguous ranges
tests/client/features/rpg/components/rpg-pack-rows.ct.tsx	52	3237	bca44f6a8bacc8f687fa78ba08a44f2cc87a512ffb3ae8645cf9fc1bf0d3adfc	2026-08-13T23:30:00-06:00	full semantic read via sed -n 1,$p grouped by regex,rpg,settings-stats source+mirrored tests; shared ast.ts in four contiguous ranges
tests/client/features/rpg/components/rpg-scene-cards.ct.tsx	29	1745	103f65db628d44c5288731774d89eca92e833d5a43d337935abd4141e58b6c6b	2026-08-13T23:30:00-06:00	full semantic read via sed -n 1,$p grouped by regex,rpg,settings-stats source+mirrored tests; shared ast.ts in four contiguous ranges
tests/client/features/rpg/components/turn-tool-calls-disclosure.ct.tsx	208	11279	098669af1466cebea7e9eb20ec9b8c613535991505c44b93ceac2f28cecad01e	2026-08-13T23:30:00-06:00	full semantic read via sed -n 1,$p grouped by regex,rpg,settings-stats source+mirrored tests; shared ast.ts in four contiguous ranges
tests/client/features/rpg/lib/archived-cards.test.ts	73	3154	65fd75b3bd9ce22eac5bbb7b7d68611f30ae63242bd551de2c486a9b389276f1	2026-08-13T23:30:00-06:00	full semantic read via sed -n 1,$p grouped by regex,rpg,settings-stats source+mirrored tests; shared ast.ts in four contiguous ranges
tests/client/features/rpg/lib/rpg-context-section.ct.tsx	3074	188570	1310d7df92ab6f12904d7d0837c0d16d6f1e27d5407e0a6ecc6ed3699d1d0325	2026-08-13T23:30:00-06:00	full semantic read via sed -n 1,$p grouped by regex,rpg,settings-stats source+mirrored tests; shared ast.ts in four contiguous ranges
tests/client/features/settings/_ct-stories.tsx	181	7965	1dfa62d3fe7e7e558b8237f145fc183180511f0f8e3f72fefeb7b0cba92c6564	2026-08-13T23:30:00-06:00	full semantic read via sed -n 1,$p grouped by regex,rpg,settings-stats source+mirrored tests; shared ast.ts in four contiguous ranges
tests/client/features/settings/components/settings-save-footer.ct.tsx	129	7699	a5304da9d20b51972ff814b70cda540e02a026a2436c29ee07986482b9e79f7c	2026-08-13T23:30:00-06:00	full semantic read via sed -n 1,$p grouped by regex,rpg,settings-stats source+mirrored tests; shared ast.ts in four contiguous ranges
tests/client/features/settings/lib/appearance-pane.ct.tsx	184	10627	271398c969f0b4d0da09ec9930e9f5434007a9c7a2479a53ceb503357e29672d	2026-08-13T23:30:00-06:00	full semantic read via sed -n 1,$p grouped by regex,rpg,settings-stats source+mirrored tests; shared ast.ts in four contiguous ranges
tests/client/features/settings/lib/chat-behavior-pane.ct.tsx	191	10758	7b7e82973afa1bf0207c6f23c38d49f4ea2cc675730d55f8044bba3a7b1e2051	2026-08-13T23:30:00-06:00	full semantic read via sed -n 1,$p grouped by regex,rpg,settings-stats source+mirrored tests; shared ast.ts in four contiguous ranges
tests/client/features/settings/lib/settings-search.test.ts	54	2454	7ff314299ad8bf53aedd953885dfaae55ea0ac1c79d02901d9dde74a411602cf	2026-08-13T23:30:00-06:00	full semantic read via sed -n 1,$p grouped by regex,rpg,settings-stats source+mirrored tests; shared ast.ts in four contiguous ranges
tests/client/features/settings/lib/theme-editor-model.test.ts	67	2840	2bc4a078f9c47090738a5746798906b954efec8972c23471b4233697ee69bc4c	2026-08-13T23:30:00-06:00	full semantic read via sed -n 1,$p grouped by regex,rpg,settings-stats source+mirrored tests; shared ast.ts in four contiguous ranges
tests/client/features/settings/surfaces/settings-shell-surface.ct.tsx	684	39569	83206861770fa5447ed9419dc6c9b435961d7fc36ce7ed451add931eb2a60bb7	2026-08-13T23:30:00-06:00	full semantic read via sed -n 1,$p grouped by regex,rpg,settings-stats source+mirrored tests; shared ast.ts in four contiguous ranges
tests/client/features/settings/surfaces/theme-picker-surface.ct.tsx	249	13146	db315d95b6ae3823796d0b6cb35808d81ca61d2723acaab3ee04a2341895be31	2026-08-13T23:30:00-06:00	full semantic read via sed -n 1,$p grouped by regex,rpg,settings-stats source+mirrored tests; shared ast.ts in four contiguous ranges
tests/client/features/stats/_ct-stories.tsx	97	4292	4a740ed133f4fb3362ca8463f4dbf0d9d290900ef138cb92cd61b876b6e63f99	2026-08-13T23:30:00-06:00	full semantic read via sed -n 1,$p grouped by regex,rpg,settings-stats source+mirrored tests; shared ast.ts in four contiguous ranges
tests/client/features/stats/lib/analytics-section.ct.tsx	62	2777	250d1cc3e11a369d99c398747d3687fb8163f4259f4a0b96492c218e15e64bc9	2026-08-13T23:30:00-06:00	full semantic read via sed -n 1,$p grouped by regex,rpg,settings-stats source+mirrored tests; shared ast.ts in four contiguous ranges
tests/client/features/stats/lib/analytics-view-model.test.ts	163	6191	cf146b4e1fafbb88a325861000134b7f826087d82aa52024d58c44af57c352e2	2026-08-13T23:30:00-06:00	full semantic read via sed -n 1,$p grouped by regex,rpg,settings-stats source+mirrored tests; shared ast.ts in four contiguous ranges
tests/client/features/stats/surfaces/analytics-list-surface.ct.tsx	60	2475	52706d7a3fcf6606a710ba4978b15551c3a7668de4f6b48389d58d0dca017479	2026-08-13T23:30:00-06:00	full semantic read via sed -n 1,$p grouped by regex,rpg,settings-stats source+mirrored tests; shared ast.ts in four contiguous ranges
tests/client/features/stats/surfaces/analytics-overview-surface.ct.tsx	120	5143	755d7c064a9c53e76a820a61b94325b18e29ec95003b5a00477714ec208f7f78	2026-08-13T23:30:00-06:00	full semantic read via sed -n 1,$p grouped by regex,rpg,settings-stats source+mirrored tests; shared ast.ts in four contiguous ranges
