kind	expected_lines	expected_bytes	expected_sha256	path	actual_lines	actual_bytes	actual_sha256	status	hash_drift
OWNED	20	335	1e74e1fef5be5e956acf33e9a50ef83eeb9ba66a7049d2a26ba6108cb807e6a8	packages/contracts/package.json	20	335	1e74e1fef5be5e956acf33e9a50ef83eeb9ba66a7049d2a26ba6108cb807e6a8	READ_FULL	none
OWNED	175	8736	c9314949790687f06741a1a965821b6e0daab61729ed183316e841d9f29176ed	packages/contracts/src/assets/index.ts	175	8736	c9314949790687f06741a1a965821b6e0daab61729ed183316e841d9f29176ed	READ_FULL	none
OWNED	353	19345	a3e6a4196340dcaeb282a9ad5794d68bcc7a4a9e7f5a73a561532a2a2e42deb3	packages/contracts/src/automation/index.ts	353	19345	a3e6a4196340dcaeb282a9ad5794d68bcc7a4a9e7f5a73a561532a2a2e42deb3	READ_FULL	none
OWNED	41	2190	70b82eb804d09524e8107fd7f1f43bbb057067dfa09e3461421b7b525af2dbe8	packages/contracts/src/automation/prose.ts	41	2190	70b82eb804d09524e8107fd7f1f43bbb057067dfa09e3461421b7b525af2dbe8	READ_FULL	none
OWNED	51	2988	d6f1537999f1f5eca46ed52586a8fd9a1edaada3f12608e1dd11f11956b001b3	packages/contracts/src/card-face/index.ts	51	2988	d6f1537999f1f5eca46ed52586a8fd9a1edaada3f12608e1dd11f11956b001b3	READ_FULL	none
OWNED	423	24251	ec2aff5331e3c969574f8dd6bf70824adc7021636180af4829235c1c4aa864d1	packages/contracts/src/character/index.ts	423	24251	ec2aff5331e3c969574f8dd6bf70824adc7021636180af4829235c1c4aa864d1	READ_FULL	none
OWNED	556	37300	b035d317a6990afd31460372b4e8a0882ae78aafe830f84e51b5fbe18ce128b6	packages/contracts/src/chat/assemble.ts	556	37300	b035d317a6990afd31460372b4e8a0882ae78aafe830f84e51b5fbe18ce128b6	READ_FULL	none
OWNED	19	998	a5e3e81a2efbfe0994c9826c1463c3009d7c94def9bcfd0209e398292e3b02f9	packages/contracts/src/chat/backfill.ts	19	998	a5e3e81a2efbfe0994c9826c1463c3009d7c94def9bcfd0209e398292e3b02f9	READ_FULL	none
OWNED	167	11602	743b90f6d7e02497b7ae71c2c28abb7250acc376f2139c06c051a81095988f7c	packages/contracts/src/chat/bulk-import.ts	167	11602	743b90f6d7e02497b7ae71c2c28abb7250acc376f2139c06c051a81095988f7c	READ_FULL	none
OWNED	341	24798	531a35642ad3aa0530c818c286a7556ee1ef931ef6800097ec06c11c549d8da8	packages/contracts/src/chat/bus.ts	341	24798	531a35642ad3aa0530c818c286a7556ee1ef931ef6800097ec06c11c549d8da8	READ_FULL	none
OWNED	72	4575	ac1e44c27d3491a943429e1192a14676a33c2a8300a7299738a1060f6f091e19	packages/contracts/src/chat/card-frame.ts	72	4575	ac1e44c27d3491a943429e1192a14676a33c2a8300a7299738a1060f6f091e19	READ_FULL	none
OWNED	145	8291	657e1b3210b211aa895176917a6e89abab32baad26c7e4ea0b38359a17cc88ef	packages/contracts/src/chat/content-blocks.ts	145	8291	657e1b3210b211aa895176917a6e89abab32baad26c7e4ea0b38359a17cc88ef	READ_FULL	none
OWNED	51	3766	557fed032affe2ad1d4e15f6368f68caffa7b9a441908b7c1ad9cc42617c17b1	packages/contracts/src/chat/content-classes.ts	51	3766	557fed032affe2ad1d4e15f6368f68caffa7b9a441908b7c1ad9cc42617c17b1	READ_FULL	none
OWNED	235	7762	90a03c2ef01451fc655e96d59b5c83d5cc061861f7722a5857c984c50c71ad99	packages/contracts/src/chat/index.ts	235	7762	90a03c2ef01451fc655e96d59b5c83d5cc061861f7722a5857c984c50c71ad99	READ_FULL	none
OWNED	27	1889	e87e7d76c6ebf3ffe8a5b4931c2e2bab9046baea770929b8b0ff9436813d8808	packages/contracts/src/chat/listing.ts	27	1889	e87e7d76c6ebf3ffe8a5b4931c2e2bab9046baea770929b8b0ff9436813d8808	READ_FULL	none
OWNED	227	16477	c1e3ce7e69dc11c103687bf52a254cfd719fba4eb44eb99a1bdbb18289141407	packages/contracts/src/chat/messages.ts	227	16477	c1e3ce7e69dc11c103687bf52a254cfd719fba4eb44eb99a1bdbb18289141407	READ_FULL	none
OWNED	272	18952	5d4805c0962ae0e63c72dfbefbf8f83bce1c7137b09edc6a6141a19dd2b77d1c	packages/contracts/src/chat/metadata.ts	272	18952	5d4805c0962ae0e63c72dfbefbf8f83bce1c7137b09edc6a6141a19dd2b77d1c	READ_FULL	none
OWNED	110	8383	32937485e9bad374698af10695bbe69139711c2ad1d83efa90d3cc4681dadbd4	packages/contracts/src/chat/participants.ts	110	8383	32937485e9bad374698af10695bbe69139711c2ad1d83efa90d3cc4681dadbd4	READ_FULL	none
OWNED	149	7976	9abd42f62f6d54da64e8254dd39941756142df287cee4650b51c37f34486f788	packages/contracts/src/chat/producers.ts	149	7976	9abd42f62f6d54da64e8254dd39941756142df287cee4650b51c37f34486f788	READ_FULL	none
OWNED	335	19734	947f64d4f0940de04e84d0e868e001e047a1c2e243ca6fca5d1a74039b5caf09	packages/contracts/src/chat/prose.ts	335	19734	947f64d4f0940de04e84d0e868e001e047a1c2e243ca6fca5d1a74039b5caf09	READ_FULL	none
OWNED	462	30027	49322584587fd60464735a2963503b73e41a839026bbe7d21cd2fd87fa14b441	packages/contracts/src/chat/roster.ts	462	30027	49322584587fd60464735a2963503b73e41a839026bbe7d21cd2fd87fa14b441	READ_FULL	none
OWNED	381	24106	0b8b2ecae49093b68c7ffb031088386277a95f6319b1f3f35f2a535beb0a2991	packages/contracts/src/connection/index.ts	381	24106	0b8b2ecae49093b68c7ffb031088386277a95f6319b1f3f35f2a535beb0a2991	READ_FULL	none
OWNED	142	7799	da2857485e00e10104f57ae1eded30ff6159c9eb0e931683e875977a6d0c8e77	packages/contracts/src/credentials/index.ts	142	7799	da2857485e00e10104f57ae1eded30ff6159c9eb0e931683e875977a6d0c8e77	READ_FULL	none
OWNED	202	12866	45e95e531e9fa2e197f7a579ef97d964f87fb2e87f1a025eac9b0c4eddf74b42	packages/contracts/src/databank/index.ts	202	12866	45e95e531e9fa2e197f7a579ef97d964f87fb2e87f1a025eac9b0c4eddf74b42	READ_FULL	none
OWNED	63	4490	dd9834f46115b6313f0290de1512ca2afc3e052b1b7dfedd8417f9a01193d650	packages/contracts/src/discovery/index.ts	63	4490	dd9834f46115b6313f0290de1512ca2afc3e052b1b7dfedd8417f9a01193d650	READ_FULL	none
OWNED	91	5397	bae6c6b63c1d822414f498ed0ea458e8f0d5305eda85cc6f11a46028181baa8c	packages/contracts/src/discovery/prose.ts	91	5397	bae6c6b63c1d822414f498ed0ea458e8f0d5305eda85cc6f11a46028181baa8c	READ_FULL	none
OWNED	25	1360	97b89a900d79330afc5bb8bb2ffd71c20633f07c6c5e14b0e018b7785460b311	packages/contracts/src/embeddings/index.ts	25	1360	97b89a900d79330afc5bb8bb2ffd71c20633f07c6c5e14b0e018b7785460b311	READ_FULL	none
OWNED	44	3118	1f11afb423c815227dd092626ae6ee97f2b3cc165a80ede48172aa94969142c3	packages/contracts/src/events/index.ts	44	3118	1f11afb423c815227dd092626ae6ee97f2b3cc165a80ede48172aa94969142c3	READ_FULL	none
OWNED	61	3214	3d625c73124879181145701404a9582d201d8a1d049cb72e53917465f58f0f60	packages/contracts/src/extraction/index.ts	61	3214	3d625c73124879181145701404a9582d201d8a1d049cb72e53917465f58f0f60	READ_FULL	none
OWNED	93	4846	1b367e47466858256a362b9db54c99be62c8554434c92fad168914084c87daf6	packages/contracts/src/identity/index.ts	93	4846	1b367e47466858256a362b9db54c99be62c8554434c92fad168914084c87daf6	READ_FULL	none
OWNED	262	15452	005d8971697712118290f4e7d70c40a318cbe160445dd0b8fcfb4ccb854a7baf	packages/contracts/src/imagery/index.ts	262	15452	005d8971697712118290f4e7d70c40a318cbe160445dd0b8fcfb4ccb854a7baf	READ_FULL	none
OWNED	1	112	201013d04ad5f8bf1c001a279aba86f83fdfec062e17d1abd297bbb366861147	packages/contracts/src/index.ts	1	112	201013d04ad5f8bf1c001a279aba86f83fdfec062e17d1abd297bbb366861147	READ_FULL	none
OWNED	30	2120	44489e66426e7b3263f9d2ba42e9d82b142cd687f200926ae3a72f3fc4268123	packages/contracts/src/memory/index.ts	30	2120	44489e66426e7b3263f9d2ba42e9d82b142cd687f200926ae3a72f3fc4268123	READ_FULL	none
OWNED	131	7506	658d63252ae6bdbfe1641b3c324d38fd25ae80acafca6432efd07d2fbaa8c64a	packages/contracts/src/notifications/index.ts	131	7506	658d63252ae6bdbfe1641b3c324d38fd25ae80acafca6432efd07d2fbaa8c64a	READ_FULL	none
OWNED	93	5337	ce70361dc73c1a7013751deda7cd406b84a735783af01f53a19d4d1bc0438789	packages/contracts/src/persona/index.ts	93	5337	ce70361dc73c1a7013751deda7cd406b84a735783af01f53a19d4d1bc0438789	READ_FULL	none
OWNED	94	7554	9d65bfd94d40e1d59277b4733b33abbe16da0629cd07ac9103c01fe14c751766	packages/contracts/src/plugin/bridge.ts	94	7554	9d65bfd94d40e1d59277b4733b33abbe16da0629cd07ac9103c01fe14c751766	READ_FULL	none
OWNED	31	1612	a5f50cd52009741a5a85477b2876f3628dec2ff3f34e6f5539074ce4acf5e818	packages/contracts/src/plugin/errors.ts	31	1612	a5f50cd52009741a5a85477b2876f3628dec2ff3f34e6f5539074ce4acf5e818	READ_FULL	none
OWNED	219	13604	d782115f29a56e5b98b42e8a238fbe3e1d0e2d80230f082c065f372cb984a145	packages/contracts/src/plugin/host-v1.ts	219	13604	d782115f29a56e5b98b42e8a238fbe3e1d0e2d80230f082c065f372cb984a145	READ_FULL	none
OWNED	36	1886	2da3ee8e65c5a6b79048844266a8919740af35b9c64c5f569387d5c310f69eb7	packages/contracts/src/plugin/index.ts	36	1886	2da3ee8e65c5a6b79048844266a8919740af35b9c64c5f569387d5c310f69eb7	READ_FULL	none
OWNED	18	1412	e4108b762df9d72e8552d7e32627b1ba0e0fad8f3498bd99e6e8c59938ec103b	packages/contracts/src/plugin/lifecycle.ts	18	1412	e4108b762df9d72e8552d7e32627b1ba0e0fad8f3498bd99e6e8c59938ec103b	READ_FULL	none
OWNED	116	7670	0bfe6d98e4375abea69d4d91fcf206ce04524587e00fb17a81c8edf35a79f594	packages/contracts/src/plugin/manifest.ts	116	7670	0bfe6d98e4375abea69d4d91fcf206ce04524587e00fb17a81c8edf35a79f594	READ_FULL	none
OWNED	48	2819	7bceff17e181e837858adedafb98f628dc4eb6c710b3a49b045000d73b2caa30	packages/contracts/src/plugin/registrations.ts	48	2819	7bceff17e181e837858adedafb98f628dc4eb6c710b3a49b045000d73b2caa30	READ_FULL	none
OWNED	120	6911	15aebe20186d263c30c302ae3621aa0aafbf53e44f1c01153bf3f7906da45ebe	packages/contracts/src/portability/index.ts	120	6911	15aebe20186d263c30c302ae3621aa0aafbf53e44f1c01153bf3f7906da45ebe	READ_FULL	none
OWNED	3115	162144	7c4ba0e478b30f28252bb3b51c77f2bc8f6bd9285d9fb3f93985dc124a254a25	packages/contracts/src/preset/index.ts	3115	162144	7c4ba0e478b30f28252bb3b51c77f2bc8f6bd9285d9fb3f93985dc124a254a25	READ_FULL	none
OWNED	459	22840	879be90cb61e6a1078bb6667ec6ae54f22ec3d827d2f345b00282cf1a1b8584a	packages/contracts/src/preset/prose.ts	459	22840	879be90cb61e6a1078bb6667ec6ae54f22ec3d827d2f345b00282cf1a1b8584a	READ_FULL	none
OWNED	390	22029	e21ad3cd4f0ce2493a30d6277715e2aaa1e54e4f67c9ae4c8e526976074e9592	packages/contracts/src/prose-slot/index.ts	390	22029	e21ad3cd4f0ce2493a30d6277715e2aaa1e54e4f67c9ae4c8e526976074e9592	READ_FULL	none
OWNED	235	14484	997bb69ac3023d18620d31defab8566749580ac87ffe587a1f4e3cbfcf6a20ce	packages/contracts/src/prose/index.ts	235	14484	997bb69ac3023d18620d31defab8566749580ac87ffe587a1f4e3cbfcf6a20ce	READ_FULL	none
OWNED	540	19713	0b5994202cf881aa1e805e6457a5697ab5584104ca03370daab18d0026c53e66	packages/contracts/src/prose/prose-baseline.json	540	19713	0b5994202cf881aa1e805e6457a5697ab5584104ca03370daab18d0026c53e66	READ_FULL	none
OWNED	160	7739	5b0f2944c558e92ea700fc0f47b9a49c37aa8174894e1262fb7ef825822708a8	packages/contracts/src/providers/index.ts	160	7739	5b0f2944c558e92ea700fc0f47b9a49c37aa8174894e1262fb7ef825822708a8	READ_FULL	none
OWNED	18	1127	8f5df05a514dae3eed3c81fd240d5772c9b05003077f24096db05f6c689c75be	packages/contracts/src/refinery/core.ts	18	1127	8f5df05a514dae3eed3c81fd240d5772c9b05003077f24096db05f6c689c75be	READ_FULL	none
OWNED	633	42868	fa631cc5c2afbb805c0700b51cc5e15e3ad18261fa35dfcabf6fa09f61fac1c4	packages/contracts/src/refinery/index.ts	633	42868	fa631cc5c2afbb805c0700b51cc5e15e3ad18261fa35dfcabf6fa09f61fac1c4	READ_FULL	none
OWNED	391	19941	5a277d8ba6f7435f6c7111523775a3c5ae66bd5e3ccc63bf1fa60a434a6591db	packages/contracts/src/refinery/prose.ts	391	19941	5a277d8ba6f7435f6c7111523775a3c5ae66bd5e3ccc63bf1fa60a434a6591db	READ_FULL	none
OWNED	275	14297	f7933c310ff1da4924bfc3a58a8e8f7cb30bcdd97aabe41bcd5f9f03e6a2240f	packages/contracts/src/refinery/schema-advisory.ts	275	14297	f7933c310ff1da4924bfc3a58a8e8f7cb30bcdd97aabe41bcd5f9f03e6a2240f	READ_FULL	none
OWNED	250	13353	5c4d8e8f387b9db0483bdfe505445d2c9a8886ddf2a2c0b5652f84f6ee23c8a5	packages/contracts/src/refinery/schema-authoring.ts	250	13353	5c4d8e8f387b9db0483bdfe505445d2c9a8886ddf2a2c0b5652f84f6ee23c8a5	READ_FULL	none
OWNED	469	27359	38d2173c88f59dcac00999b3c9cc44e0e447dc4c193593587218260776fc9dac	packages/contracts/src/refinery/schema-forge.ts	469	27359	38d2173c88f59dcac00999b3c9cc44e0e447dc4c193593587218260776fc9dac	READ_FULL	none
OWNED	317	21092	49e5698f5d40358142720fe1c9d040c0a725ad4a4de43e9e431dcee2325c8e75	packages/contracts/src/regex/index.ts	317	21092	49e5698f5d40358142720fe1c9d040c0a725ad4a4de43e9e431dcee2325c8e75	READ_FULL	none
OWNED	175	11504	740296ccb33765f519e04d56c471b8920c9b29bfb123e0166017b05f7c732c45	packages/contracts/src/role-clients/index.ts	175	11504	740296ccb33765f519e04d56c471b8920c9b29bfb123e0166017b05f7c732c45	READ_FULL	none
OWNED	308	21292	290777279aa1d0d113bb4c4f2aa7895f31aa9701efa6e5948f6fb63ec8868219	packages/contracts/src/rpg/actor.ts	308	21292	290777279aa1d0d113bb4c4f2aa7895f31aa9701efa6e5948f6fb63ec8868219	READ_FULL	none
OWNED	167	10184	e4dd7032c77aef103f22ed3c260bcf01dea4bed9aa08e7e66738014984d708c1	packages/contracts/src/rpg/ambient.ts	167	10184	e4dd7032c77aef103f22ed3c260bcf01dea4bed9aa08e7e66738014984d708c1	READ_FULL	none
OWNED	77	5932	4e9d403cb37d3d47dfa14f273c9211fcc516a78f10eb227f727d5a864cde05c0	packages/contracts/src/rpg/bus.ts	77	5932	4e9d403cb37d3d47dfa14f273c9211fcc516a78f10eb227f727d5a864cde05c0	READ_FULL	none
OWNED	239	19837	c9c695f94f89f7bb48398d171e7c0e4de1416187ae3548f9ce2f6f988a5a9d5c	packages/contracts/src/rpg/config.ts	239	19837	c9c695f94f89f7bb48398d171e7c0e4de1416187ae3548f9ce2f6f988a5a9d5c	READ_FULL	none
OWNED	107	8282	05c24db13711611b7fc4ce78839a6d3a322edccee54acba9fbef77954980e421	packages/contracts/src/rpg/enums.ts	107	8282	05c24db13711611b7fc4ce78839a6d3a322edccee54acba9fbef77954980e421	READ_FULL	none
OWNED	347	22435	e61256b3a03db09d5d1fa30ac874d0debb3a4e90bc5a92d8a5de5b0121985acd	packages/contracts/src/rpg/extraction-prompt.ts	347	22435	e61256b3a03db09d5d1fa30ac874d0debb3a4e90bc5a92d8a5de5b0121985acd	READ_FULL	none
OWNED	1013	63575	1dabd09120f7a66dfa76f7eebfa123489248b1e71b0ffdd0b5ec0e11feba3762	packages/contracts/src/rpg/extraction.ts	1013	63575	1dabd09120f7a66dfa76f7eebfa123489248b1e71b0ffdd0b5ec0e11feba3762	READ_FULL	none
OWNED	309	9714	13f4c299136f7cbb2279406b6e2fb666d7a4896b4038eb9a0060511ace5e949a	packages/contracts/src/rpg/index.ts	309	9714	13f4c299136f7cbb2279406b6e2fb666d7a4896b4038eb9a0060511ace5e949a	READ_FULL	none
OWNED	284	17479	d31e8302cec25e278d81728f825e79d310e3923cdcea846e0285e194cc1a15c1	packages/contracts/src/rpg/inputs.ts	284	17479	d31e8302cec25e278d81728f825e79d310e3923cdcea846e0285e194cc1a15c1	READ_FULL	none
OWNED	100	4346	02df36c16a0da9c5d805b19d0b43409b507ae24789ca540cc1383dbc78813628	packages/contracts/src/rpg/mode.ts	100	4346	02df36c16a0da9c5d805b19d0b43409b507ae24789ca540cc1383dbc78813628	READ_FULL	none
OWNED	32	2318	a4ce34703e6b791551982a014bc0245d44a42ed9527a33324cc0a3c74f1061d7	packages/contracts/src/rpg/pointer.ts	32	2318	a4ce34703e6b791551982a014bc0245d44a42ed9527a33324cc0a3c74f1061d7	READ_FULL	none
OWNED	199	11676	79dd73c743a29f03b323f8eca66b922463ec09c9958d33b4c4102bc3df916872	packages/contracts/src/rpg/profile.ts	199	11676	79dd73c743a29f03b323f8eca66b922463ec09c9958d33b4c4102bc3df916872	READ_FULL	none
OWNED	926	51633	f32f53a2ccef52569988a0413f876a5444ee87151aa7256bf45396c162e52f0a	packages/contracts/src/rpg/prose.ts	926	51633	f32f53a2ccef52569988a0413f876a5444ee87151aa7256bf45396c162e52f0a	READ_FULL	none
OWNED	45	3740	47472f6e2941986bde3f4268936c01f55020e731da86b6e369715d366158b326	packages/contracts/src/rpg/sheet.ts	45	3740	47472f6e2941986bde3f4268936c01f55020e731da86b6e369715d366158b326	READ_FULL	none
OWNED	153	10400	30f5831a00ceb81df00d4afa440e131953dd763ce1322fbd6753031d77ff1a25	packages/contracts/src/rpg/snapshot.ts	153	10400	30f5831a00ceb81df00d4afa440e131953dd763ce1322fbd6753031d77ff1a25	READ_FULL	none
OWNED	271	16884	57ff8e60c73f2b888d0b02c9d2e48e2a11a91f099900a1a6293e042f6889cee3	packages/contracts/src/rpg/tools.ts	271	16884	57ff8e60c73f2b888d0b02c9d2e48e2a11a91f099900a1a6293e042f6889cee3	READ_FULL	none
OWNED	335	23214	a51c923dbb46cb8a10c061708c57e125b06b6189d806358c2247f061c1b7dcfe	packages/contracts/src/rpg/tracker.ts	335	23214	a51c923dbb46cb8a10c061708c57e125b06b6189d806358c2247f061c1b7dcfe	READ_FULL	none
OWNED	289	18416	7322efb36e68c7a929885927590c0701352b70aef2883a63e97e192908a9961e	packages/contracts/src/rpg/views.ts	289	18416	7322efb36e68c7a929885927590c0701352b70aef2883a63e97e192908a9961e	READ_FULL	none
OWNED	62	3645	3669523600436b185994597d9e179019f0707d0c56da5b0f82bef92cc234d11f	packages/contracts/src/search/index.ts	62	3645	3669523600436b185994597d9e179019f0707d0c56da5b0f82bef92cc234d11f	READ_FULL	none
OWNED	17	810	0d47dde03efd2b7522f6c14ae048569765aaa3025002721865f781412faf6a6b	packages/contracts/src/session/index.ts	17	810	0d47dde03efd2b7522f6c14ae048569765aaa3025002721865f781412faf6a6b	READ_FULL	none
OWNED	1173	72710	3115dc70f595234c5afbdf614132aebe31488757a60595dd246ab21514201ce0	packages/contracts/src/settings/index.ts	1173	72710	3115dc70f595234c5afbdf614132aebe31488757a60595dd246ab21514201ce0	READ_FULL	none
OWNED	127	6595	4aeda1a573d45afb8467d443be770431f4695552ce847629f1130212d0d91af1	packages/contracts/src/stats/index.ts	127	6595	4aeda1a573d45afb8467d443be770431f4695552ce847629f1130212d0d91af1	READ_FULL	none
OWNED	137	8798	f593072c6192e2f468900a6587c3ec516ee082e4e638398b91d545f3aef4616b	packages/contracts/src/stream/index.ts	137	8798	f593072c6192e2f468900a6587c3ec516ee082e4e638398b91d545f3aef4616b	READ_FULL	none
OWNED	109	5369	6671cf9103c6639b21577924b241baf59c25ca734889a4a4e5ac8b01b203fd09	packages/contracts/src/tag/index.ts	109	5369	6671cf9103c6639b21577924b241baf59c25ca734889a4a4e5ac8b01b203fd09	READ_FULL	none
OWNED	74	5842	19136dc252018be5692b1c6023ba9860910a5b91b41a094693aca683535bd564	packages/contracts/src/theme/background.ts	74	5842	19136dc252018be5692b1c6023ba9860910a5b91b41a094693aca683535bd564	READ_FULL	none
OWNED	85	4060	f5eb7b11a46609e92a2e8d600fdf4dc111c7a46b980f0b84b8849c6032050939	packages/contracts/src/theme/index.ts	85	4060	f5eb7b11a46609e92a2e8d600fdf4dc111c7a46b980f0b84b8849c6032050939	READ_FULL	none
OWNED	46	2869	15fe438da4cffb13afe2e34bc3cae0a48e271f7b42b21d11b226faa00b9ee6f0	packages/contracts/src/theme/materialize.ts	46	2869	15fe438da4cffb13afe2e34bc3cae0a48e271f7b42b21d11b226faa00b9ee6f0	READ_FULL	none
OWNED	136	7805	751c5c99acfa00808775cb837a579aa0e37d8f88a323f66f1490b7ddd7879139	packages/contracts/src/theme/override.ts	136	7805	751c5c99acfa00808775cb837a579aa0e37d8f88a323f66f1490b7ddd7879139	READ_FULL	none
OWNED	49	3441	a35be712e7e492f3c6aa830c8921c1d3ad2696bd1eecdea762cc50a211fd790f	packages/contracts/src/theme/seeded-backgrounds.ts	49	3441	a35be712e7e492f3c6aa830c8921c1d3ad2696bd1eecdea762cc50a211fd790f	READ_FULL	none
OWNED	93	5987	bf60ced78badfb8ecf73dea5e565ff4a6242f24c08b53e6bf75017320ac65413	packages/contracts/src/uploads/index.ts	93	5987	bf60ced78badfb8ecf73dea5e565ff4a6242f24c08b53e6bf75017320ac65413	READ_FULL	none
OWNED	68	4818	eeae0955b19f024f1c383e671f03203f7dff1cf2754888672f37d6b6779bdb41	packages/contracts/src/user-bus/index.ts	68	4818	eeae0955b19f024f1c383e671f03203f7dff1cf2754888672f37d6b6779bdb41	READ_FULL	none
OWNED	77	3594	e1609c47574c2e213ceb3b53157230e14c2bc2dab2c583195cb4b3d5c7d9cf54	packages/contracts/src/versioned-config/index.ts	77	3594	e1609c47574c2e213ceb3b53157230e14c2bc2dab2c583195cb4b3d5c7d9cf54	READ_FULL	none
OWNED	130	7488	7b1cf141b128831a411bda854d6def26d660727419bf768fb25d19a45ad263ce	packages/contracts/src/workloads/axes.ts	130	7488	7b1cf141b128831a411bda854d6def26d660727419bf768fb25d19a45ad263ce	READ_FULL	none
OWNED	54	3650	6a4148f80c03811e8f027f4d628a470de883788337dccf09895eee8d4c0d1dfd	packages/contracts/src/workloads/events.ts	54	3650	6a4148f80c03811e8f027f4d628a470de883788337dccf09895eee8d4c0d1dfd	READ_FULL	none
OWNED	55	3183	d708b87cc4038b3863b03eb1947f6a67667df17aec490b7bc31e71442c2a36b0	packages/contracts/src/workloads/execution.ts	55	3183	d708b87cc4038b3863b03eb1947f6a67667df17aec490b7bc31e71442c2a36b0	READ_FULL	none
OWNED	50	2659	a2d4deddf0692394ec3f701431124ab70734e6a6f9736158c599d44156d06846	packages/contracts/src/workloads/index.ts	50	2659	a2d4deddf0692394ec3f701431124ab70734e6a6f9736158c599d44156d06846	READ_FULL	none
OWNED	136	8305	9d9c6458eb730bc0445cf58d0dd6dc77e2726a8dc1b777285a368849b2d0470e	packages/contracts/src/workloads/params.ts	136	8305	9d9c6458eb730bc0445cf58d0dd6dc77e2726a8dc1b777285a368849b2d0470e	READ_FULL	none
OWNED	67	3013	ed6ffebafcda41ca88a1a586c4a88bb43af1ed91b4b822c730b9f53010df5f72	packages/contracts/src/workloads/result.ts	67	3013	ed6ffebafcda41ca88a1a586c4a88bb43af1ed91b4b822c730b9f53010df5f72	READ_FULL	none
OWNED	265	14034	97e1a9d6f879e04ba91b772b3c8acb7cd894fd10c7a87c6b571f4ba0276f97fb	packages/contracts/src/world-info/index.ts	265	14034	97e1a9d6f879e04ba91b772b3c8acb7cd894fd10c7a87c6b571f4ba0276f97fb	READ_FULL	none
OWNED	4	113	df0e3fc65dea5140bdfc645315cd6587566da38a2c031f0269010033c0e03b1c	packages/contracts/tsconfig.json	4	113	df0e3fc65dea5140bdfc645315cd6587566da38a2c031f0269010033c0e03b1c	READ_FULL	none
OWNED	133	6304	f8dae0abc12a91200751e9e64db8cde4666dd7d08b8ed384ec5a34abced512e0	tests/contracts/assets/index.contract.test.ts	133	6304	f8dae0abc12a91200751e9e64db8cde4666dd7d08b8ed384ec5a34abced512e0	READ_FULL	none
OWNED	233	10567	bb4ccdbabcfb74d05e28c1d81566bc809ca54397f0cfe7a85db2c03c18b50463	tests/contracts/automation/index.contract.test.ts	233	10567	bb4ccdbabcfb74d05e28c1d81566bc809ca54397f0cfe7a85db2c03c18b50463	READ_FULL	none
OWNED	106	7105	937e6a496d2e378a6bdacfb19f6084895ddd947dd4799b3f9e5378d025ddd7c0	tests/contracts/card-face/index.contract.test.ts	106	7105	937e6a496d2e378a6bdacfb19f6084895ddd947dd4799b3f9e5378d025ddd7c0	READ_FULL	none
OWNED	416	17847	c18eea68cfb4a79eada961a5078e633e070f8b28fd3aeec001ad4cfadb76f321	tests/contracts/character/index.contract.test.ts	416	17847	c18eea68cfb4a79eada961a5078e633e070f8b28fd3aeec001ad4cfadb76f321	READ_FULL	none
OWNED	69	2199	d62b7be88d0c83324b0a20ae63825a57a206059a27c13d5ddfa1d26cc4793e0a	tests/contracts/chat/assemble.contract.test.ts	69	2199	d62b7be88d0c83324b0a20ae63825a57a206059a27c13d5ddfa1d26cc4793e0a	READ_FULL	none
OWNED	111	5713	30041ba5aeb357b7bc822aca767885439e27c1e74600f11a89951b2daaf57d2a	tests/contracts/chat/content-blocks.contract.test.ts	111	5713	30041ba5aeb357b7bc822aca767885439e27c1e74600f11a89951b2daaf57d2a	READ_FULL	none
OWNED	34	1957	c675d28b068d5b474d841e719b1217f7fcdda9a25d54c5baa55625c106949f78	tests/contracts/chat/content-classes.contract.test.ts	34	1957	c675d28b068d5b474d841e719b1217f7fcdda9a25d54c5baa55625c106949f78	READ_FULL	none
OWNED	157	8476	e6e77d763f03afb2fa22002c817242e712b0fed4b25ec762e170581203fec278	tests/contracts/chat/index.contract.test.ts	157	8476	e6e77d763f03afb2fa22002c817242e712b0fed4b25ec762e170581203fec278	READ_FULL	none
OWNED	136	8850	becc086d05dbd19e26c818ca35bf73b610b974eb09f81b4daa8c08b8c6ea742b	tests/contracts/chat/index.test-d.ts	136	8850	becc086d05dbd19e26c818ca35bf73b610b974eb09f81b4daa8c08b8c6ea742b	READ_FULL	none
OWNED	35	2192	95184d84bc82c110176b1f5025a29f502a5250175835c7cd0fe5d666c504e8cd	tests/contracts/chat/listing.contract.test.ts	35	2192	95184d84bc82c110176b1f5025a29f502a5250175835c7cd0fe5d666c504e8cd	READ_FULL	none
OWNED	231	10800	f4d79cd265291a74494ba65fdf6ca26ed214ec901a7fd76783b0cc9b87c40147	tests/contracts/chat/messages.contract.test.ts	231	10800	f4d79cd265291a74494ba65fdf6ca26ed214ec901a7fd76783b0cc9b87c40147	READ_FULL	none
OWNED	102	5856	c5e6a165dcaed06a75fe3e0c662f8d70b07017bad2c04ad82d8c20e6e8988cf2	tests/contracts/chat/metadata.contract.test.ts	102	5856	c5e6a165dcaed06a75fe3e0c662f8d70b07017bad2c04ad82d8c20e6e8988cf2	READ_FULL	none
OWNED	54	3585	12eed95a77ab3667fc2e35cdd2b17ea30667ccc2c8a23524be2286427df02d40	tests/contracts/chat/participants.contract.test.ts	54	3585	12eed95a77ab3667fc2e35cdd2b17ea30667ccc2c8a23524be2286427df02d40	READ_FULL	none
OWNED	111	6878	9553f6a295a5417c89092b052167a58cc2dfcad240b5183eae908de84e967748	tests/contracts/chat/producers.contract.test.ts	111	6878	9553f6a295a5417c89092b052167a58cc2dfcad240b5183eae908de84e967748	READ_FULL	none
OWNED	196	9633	20717490f93983d817aa379938cf7b50a22f1937a323a9d14f798be1c004a0aa	tests/contracts/chat/roster.contract.test.ts	196	9633	20717490f93983d817aa379938cf7b50a22f1937a323a9d14f798be1c004a0aa	READ_FULL	none
OWNED	189	7062	973360db93093b71ff279189165c81f7247f488952ccc5b4134265e3dcf7c96e	tests/contracts/connection/index.contract.test.ts	189	7062	973360db93093b71ff279189165c81f7247f488952ccc5b4134265e3dcf7c96e	READ_FULL	none
OWNED	11	734	bb2cc17e92fe869be8fb5815ece3d261c9acd05dba1f886e2cb6bc706505222b	tests/contracts/connection/index.test-d.ts	11	734	bb2cc17e92fe869be8fb5815ece3d261c9acd05dba1f886e2cb6bc706505222b	READ_FULL	none
OWNED	72	3228	3bc02c6a4a854abc9e9959c83264bccd21bdb1a979df9ee785444bb374aa14ec	tests/contracts/credentials/index.contract.test.ts	72	3228	3bc02c6a4a854abc9e9959c83264bccd21bdb1a979df9ee785444bb374aa14ec	READ_FULL	none
OWNED	15	1041	d8efc7c662d75732fd169190d3ccb19fbaa94b5321e9bdeed1e1b526fbda70ba	tests/contracts/credentials/index.test-d.ts	15	1041	d8efc7c662d75732fd169190d3ccb19fbaa94b5321e9bdeed1e1b526fbda70ba	READ_FULL	none
OWNED	126	5600	31571274938b9c7710cfe7eebf0529bdcd9cd6ce4ade26a8a92ab041cc58da70	tests/contracts/databank/index.contract.test.ts	126	5600	31571274938b9c7710cfe7eebf0529bdcd9cd6ce4ade26a8a92ab041cc58da70	READ_FULL	none
OWNED	49	2787	1cea2d439d494ee7bbc5e2720dcce37dc69d75d0653cfb2f689c0abe534abec1	tests/contracts/discovery/index.contract.test.ts	49	2787	1cea2d439d494ee7bbc5e2720dcce37dc69d75d0653cfb2f689c0abe534abec1	READ_FULL	none
OWNED	34	1935	29c198d9221228f28475fae1ecf7631c5ce64c495b2a730949a4fb9e66fabcdd	tests/contracts/embeddings/index.contract.test.ts	34	1935	29c198d9221228f28475fae1ecf7631c5ce64c495b2a730949a4fb9e66fabcdd	READ_FULL	none
OWNED	37	1794	647b74dd38fb51ea998ee9b756b297293be705f0c177c885ed5893d16e5ed457	tests/contracts/events/index.contract.test.ts	37	1794	647b74dd38fb51ea998ee9b756b297293be705f0c177c885ed5893d16e5ed457	READ_FULL	none
OWNED	47	2342	104fa4a757ff5fc4380bc7a73ea24d41083eb50e1bc8f34afd019f30e709557b	tests/contracts/extraction/index.contract.test.ts	47	2342	104fa4a757ff5fc4380bc7a73ea24d41083eb50e1bc8f34afd019f30e709557b	READ_FULL	none
OWNED	107	4918	8e12f675e82ae323e85f4c7439cad328ae104af3ece8b1e6a6c736df8463c97e	tests/contracts/identity/index.contract.test.ts	107	4918	8e12f675e82ae323e85f4c7439cad328ae104af3ece8b1e6a6c736df8463c97e	READ_FULL	none
OWNED	107	6418	79cdae573ab267aefdd247e59297a7331f29b5d962995d021b2d65740e5f052a	tests/contracts/imagery/index.contract.test.ts	107	6418	79cdae573ab267aefdd247e59297a7331f29b5d962995d021b2d65740e5f052a	READ_FULL	none
OWNED	38	2026	54b2b04b425b04895137599c819bc569f8e10210eedeab3d741d0cdee4fb08db	tests/contracts/memory/index.contract.test.ts	38	2026	54b2b04b425b04895137599c819bc569f8e10210eedeab3d741d0cdee4fb08db	READ_FULL	none
OWNED	162	7680	6713c3d2fa986d326bbc2b7059269e07430970affd5f3f24a7eda3c650e7e31c	tests/contracts/notifications/index.contract.test.ts	162	7680	6713c3d2fa986d326bbc2b7059269e07430970affd5f3f24a7eda3c650e7e31c	READ_FULL	none
OWNED	94	3873	0ceb33e29e6967d20a588a6af8ea5aecde1b77c109091db32fc4839fc5c7e927	tests/contracts/persona/index.contract.test.ts	94	3873	0ceb33e29e6967d20a588a6af8ea5aecde1b77c109091db32fc4839fc5c7e927	READ_FULL	none
OWNED	43	2114	211919f414d5735c1746d76ac27db4a3de419d76cbc50c8e8cc9d9637fb18bca	tests/contracts/plugin/index.contract.test.ts	43	2114	211919f414d5735c1746d76ac27db4a3de419d76cbc50c8e8cc9d9637fb18bca	READ_FULL	none
OWNED	33	2363	8155273a3be9cdafaa2556379a5882c16bbc7999e6408cfc2e22204745ffc039	tests/contracts/plugin/index.test-d.ts	33	2363	8155273a3be9cdafaa2556379a5882c16bbc7999e6408cfc2e22204745ffc039	READ_FULL	none
OWNED	130	7686	763120afa7eca7811470c6d0b80d43f301276b49e71ffc09714d4b5368cf92c3	tests/contracts/plugin/manifest.contract.test.ts	130	7686	763120afa7eca7811470c6d0b80d43f301276b49e71ffc09714d4b5368cf92c3	READ_FULL	none
OWNED	112	3933	2c80975aca6b687594f0763f59108bc4aa405390d0e06017a1f7b18da6c0b4be	tests/contracts/portability/index.contract.test.ts	112	3933	2c80975aca6b687594f0763f59108bc4aa405390d0e06017a1f7b18da6c0b4be	READ_FULL	none
OWNED	1016	55769	b25335a473dc9c8d627170cf622db57496c90d5c7ff2fcbb27f516c3534fe760	tests/contracts/preset/index.contract.test.ts	1016	55769	b25335a473dc9c8d627170cf622db57496c90d5c7ff2fcbb27f516c3534fe760	READ_FULL	none
OWNED	92	5668	a2aca609707dedcc3cd8af3ab1eb11fdd8cbdca81fab7a0faa0746ae64e84128	tests/contracts/prose-slot/index.contract.test.ts	92	5668	a2aca609707dedcc3cd8af3ab1eb11fdd8cbdca81fab7a0faa0746ae64e84128	READ_FULL	none
OWNED	692	46975	86cc35f54a2646d99aa94526ae7a4a0b635438c5ce963157adcb01849be96e37	tests/contracts/prose/index.contract.test.ts	692	46975	86cc35f54a2646d99aa94526ae7a4a0b635438c5ce963157adcb01849be96e37	READ_FULL	none
OWNED	203	7554	0460e2332ebfde0f43e2f07648685a2c3bed60341d3a012bb75cac1924a1b4e7	tests/contracts/providers/index.contract.test.ts	203	7554	0460e2332ebfde0f43e2f07648685a2c3bed60341d3a012bb75cac1924a1b4e7	READ_FULL	none
OWNED	14	874	bb3e8a5440322ce81f9082e252c334d669b11a08804b5ea3acb88847e81ae8db	tests/contracts/refinery/core.contract.test.ts	14	874	bb3e8a5440322ce81f9082e252c334d669b11a08804b5ea3acb88847e81ae8db	READ_FULL	none
OWNED	520	31985	81412a358402b21dcf0bbcf6458d354f4a5213c4d0d8123d996e938422f126fd	tests/contracts/refinery/index.contract.test.ts	520	31985	81412a358402b21dcf0bbcf6458d354f4a5213c4d0d8123d996e938422f126fd	READ_FULL	none
OWNED	125	6833	73bb639f950761cfe78d3046c0d6b7b6519a1cce2e57e2443e359e0b58c1d9cd	tests/contracts/refinery/schema-advisory.contract.test.ts	125	6833	73bb639f950761cfe78d3046c0d6b7b6519a1cce2e57e2443e359e0b58c1d9cd	READ_FULL	none
OWNED	64	4070	370c238cad351bde407f5856fde34e1630f659fde5dedb0c62179d724e2bd239	tests/contracts/refinery/schema-authoring.contract.test.ts	64	4070	370c238cad351bde407f5856fde34e1630f659fde5dedb0c62179d724e2bd239	READ_FULL	none
OWNED	186	10448	c9445e14826f511283fe1788a42489945b61595ace1cd902084ce33ae81ebde2	tests/contracts/refinery/schema-forge.contract.test.ts	186	10448	c9445e14826f511283fe1788a42489945b61595ace1cd902084ce33ae81ebde2	READ_FULL	none
OWNED	173	9607	f5d812f1b0164728578eac6f27968a9f184176ac6674593d26d676fbd49e22b8	tests/contracts/regex/index.contract.test.ts	173	9607	f5d812f1b0164728578eac6f27968a9f184176ac6674593d26d676fbd49e22b8	READ_FULL	none
OWNED	14	980	9b9df974a6936f9ed34579632d5fab50be251b7cab84c305d5c982a8dd2ba814	tests/contracts/regex/index.test-d.ts	14	980	9b9df974a6936f9ed34579632d5fab50be251b7cab84c305d5c982a8dd2ba814	READ_FULL	none
OWNED	103	5502	4a32dd0f953739dcfc0fef410c3268d39985971254d449489210086bd60af283	tests/contracts/role-clients/index.contract.test.ts	103	5502	4a32dd0f953739dcfc0fef410c3268d39985971254d449489210086bd60af283	READ_FULL	none
OWNED	36	2238	15508cf3dd277d453ad4bfae2f6f29fa57018d1eb65c0391a7ae303f574415d1	tests/contracts/role-clients/index.test-d.ts	36	2238	15508cf3dd277d453ad4bfae2f6f29fa57018d1eb65c0391a7ae303f574415d1	READ_FULL	none
OWNED	195	11459	0f27699ab54bc2864b68404b82f1f3554079fa02191549979aacf0253a40da94	tests/contracts/rpg/actor.contract.test.ts	195	11459	0f27699ab54bc2864b68404b82f1f3554079fa02191549979aacf0253a40da94	READ_FULL	none
OWNED	125	7297	3ae423f078e337b665b07b673cce4138b6c09ae5e6017ff94602c182477e2baa	tests/contracts/rpg/ambient.contract.test.ts	125	7297	3ae423f078e337b665b07b673cce4138b6c09ae5e6017ff94602c182477e2baa	READ_FULL	none
OWNED	47	2730	132f949e969c9766c434912e38ded36b839b88a039e83e933516a46648c5eeb1	tests/contracts/rpg/bus.contract.test.ts	47	2730	132f949e969c9766c434912e38ded36b839b88a039e83e933516a46648c5eeb1	READ_FULL	none
OWNED	97	6047	f815310cd13f5103660ec0996c0c32a2b5d464b5ae80236df437e7fbcbdcdaa1	tests/contracts/rpg/config.contract.test.ts	97	6047	f815310cd13f5103660ec0996c0c32a2b5d464b5ae80236df437e7fbcbdcdaa1	READ_FULL	none
OWNED	68	3231	99e4f20b1d3f522c257484af688bde5118a33975a78c04f422132da4520fc7b2	tests/contracts/rpg/enums.contract.test.ts	68	3231	99e4f20b1d3f522c257484af688bde5118a33975a78c04f422132da4520fc7b2	READ_FULL	none
OWNED	304	32181	ad678a68abb21b9a15fa30baaa138c4b00d899bf7cb563a32ffbd6c077edae87	tests/contracts/rpg/extraction-prompt.contract.test.ts	304	32181	ad678a68abb21b9a15fa30baaa138c4b00d899bf7cb563a32ffbd6c077edae87	READ_FULL	none
OWNED	1138	70587	9ad924034c29d629fec1fb5e9935ab8eded829a5f1896533f48cf9a5fad0dc3d	tests/contracts/rpg/extraction.contract.test.ts	1138	70587	9ad924034c29d629fec1fb5e9935ab8eded829a5f1896533f48cf9a5fad0dc3d	READ_FULL	none
OWNED	120	8876	d14637837291b9eac385a31787c3dfafb1c18a4d42634c028738db7b35a0d1c3	tests/contracts/rpg/inputs.contract.test.ts	120	8876	d14637837291b9eac385a31787c3dfafb1c18a4d42634c028738db7b35a0d1c3	READ_FULL	none
OWNED	35	1641	1b6e4736a235f27b334744dacba766fc315cf0dc60e7222700f6f9df4fac3942	tests/contracts/rpg/mode.contract.test.ts	35	1641	1b6e4736a235f27b334744dacba766fc315cf0dc60e7222700f6f9df4fac3942	READ_FULL	none
OWNED	21	1198	80c4dd3adcee50516797bcc88db5e41a179eebe44e99164b243142a8168b3549	tests/contracts/rpg/pointer.contract.test.ts	21	1198	80c4dd3adcee50516797bcc88db5e41a179eebe44e99164b243142a8168b3549	READ_FULL	none
OWNED	53	2359	8e37f61884c510c7f13b880bc8c9efc2b478ce5a516c53996eb4d65d6e9a13b7	tests/contracts/rpg/profile.contract.test.ts	53	2359	8e37f61884c510c7f13b880bc8c9efc2b478ce5a516c53996eb4d65d6e9a13b7	READ_FULL	none
OWNED	35	1903	7d9d089d2192af339ba69ffbbfe3d9e6ecabd930c25079e19c6e234aa6ea7f84	tests/contracts/rpg/sheet.contract.test.ts	35	1903	7d9d089d2192af339ba69ffbbfe3d9e6ecabd930c25079e19c6e234aa6ea7f84	READ_FULL	none
OWNED	133	6321	31d1aad357fd12f6bbe9ac57abcf2fe25bca7793a572dac1ccacfa01efc085cb	tests/contracts/rpg/snapshot.contract.test.ts	133	6321	31d1aad357fd12f6bbe9ac57abcf2fe25bca7793a572dac1ccacfa01efc085cb	READ_FULL	none
OWNED	144	8199	8f8b5e35f02375570abc609243f854506333bac3c12bcbcc179a000a489e6af8	tests/contracts/rpg/tools.contract.test.ts	144	8199	8f8b5e35f02375570abc609243f854506333bac3c12bcbcc179a000a489e6af8	READ_FULL	none
OWNED	187	12730	1ec5580c02facfc4e48cdbaf264979073281d1c1362bc6835c52e2dccb4433a7	tests/contracts/rpg/tracker.contract.test.ts	187	12730	1ec5580c02facfc4e48cdbaf264979073281d1c1362bc6835c52e2dccb4433a7	READ_FULL	none
OWNED	122	4892	12e78cb1a07fb21fb24e4ceba1ca911d0073bcbea311353dff0daee18cfd9752	tests/contracts/search/index.contract.test.ts	122	4892	12e78cb1a07fb21fb24e4ceba1ca911d0073bcbea311353dff0daee18cfd9752	READ_FULL	none
OWNED	44	2154	ca22e22ea1cd03104fd6b6bf0debf932fe12f3ca076f2d202b697cd5cdd559d9	tests/contracts/session/index.contract.test.ts	44	2154	ca22e22ea1cd03104fd6b6bf0debf932fe12f3ca076f2d202b697cd5cdd559d9	READ_FULL	none
OWNED	600	34639	99c8037166ff69981856cb33667e27c3b46557726a336d577d06203e1e73aa15	tests/contracts/settings/index.contract.test.ts	600	34639	99c8037166ff69981856cb33667e27c3b46557726a336d577d06203e1e73aa15	READ_FULL	none
OWNED	204	7051	ea28206be2d4e40b0ea31405c2781df0b4c230ab8f54806c32393b4ad54dbaec	tests/contracts/stats/index.contract.test.ts	204	7051	ea28206be2d4e40b0ea31405c2781df0b4c230ab8f54806c32393b4ad54dbaec	READ_FULL	none
OWNED	66	5091	e62927ecea33903615bc7339fe375a5a32cd50cb450c58f7aa6e5ce9e5ca4fc6	tests/contracts/stream/index.contract.test.ts	66	5091	e62927ecea33903615bc7339fe375a5a32cd50cb450c58f7aa6e5ce9e5ca4fc6	READ_FULL	none
OWNED	34	2259	0aa96365aa3852adcf893b19b45dbd3c299fe73dec958f62b98da68509a98d89	tests/contracts/stream/index.test-d.ts	34	2259	0aa96365aa3852adcf893b19b45dbd3c299fe73dec958f62b98da68509a98d89	READ_FULL	none
OWNED	193	8089	d64e6909b081c03c6ed29c8da3a28e08788eb3fe47a5870c381f405a7d153800	tests/contracts/tag/index.contract.test.ts	193	8089	d64e6909b081c03c6ed29c8da3a28e08788eb3fe47a5870c381f405a7d153800	READ_FULL	none
OWNED	66	2936	2b4da0f4cce70fcf592183deeed544512cb08ea84bff277e1413b82d3f8e7fb9	tests/contracts/theme/background.contract.test.ts	66	2936	2b4da0f4cce70fcf592183deeed544512cb08ea84bff277e1413b82d3f8e7fb9	READ_FULL	none
OWNED	98	5514	cbc74769a0f1dfb4601943c62a187852ee1bfd7864bbbc69809f78429560838b	tests/contracts/theme/card-embeddable-partition.suite.test.ts	98	5514	cbc74769a0f1dfb4601943c62a187852ee1bfd7864bbbc69809f78429560838b	READ_FULL	none
OWNED	26	1008	772cf906d19d5a805008f8d49f87ab0035e9dbe7dab95fe6960977271f7a212d	tests/contracts/theme/index.contract.test.ts	26	1008	772cf906d19d5a805008f8d49f87ab0035e9dbe7dab95fe6960977271f7a212d	READ_FULL	none
OWNED	44	1741	5dc8630d28a8f056692f3a9c972ae0fc534e0efc392f25de8bc7d3906c0f4a91	tests/contracts/theme/override.contract.test.ts	44	1741	5dc8630d28a8f056692f3a9c972ae0fc534e0efc392f25de8bc7d3906c0f4a91	READ_FULL	none
OWNED	45	2492	3f29d2c4079d37a9e234a57dff8818157732fda002aca08088e04ad22c23c019	tests/contracts/theme/pairing.suite.test.ts	45	2492	3f29d2c4079d37a9e234a57dff8818157732fda002aca08088e04ad22c23c019	READ_FULL	none
OWNED	57	2748	2ce4e0ec9a9aed001e3219616c5c975cea07b1da05e26a718235dee701bb1123	tests/contracts/uploads/index.contract.test.ts	57	2748	2ce4e0ec9a9aed001e3219616c5c975cea07b1da05e26a718235dee701bb1123	READ_FULL	none
OWNED	70	3279	d00b81ad5ac5480f8c2a6421d784cda61d3b0396220c9c50eed32db4deb44e4c	tests/contracts/versioned-config/index.contract.test.ts	70	3279	d00b81ad5ac5480f8c2a6421d784cda61d3b0396220c9c50eed32db4deb44e4c	READ_FULL	none
OWNED	248	11027	6d3fe2194445d914dcd5b90a64e84d61c5f82f220b70aba917920433a8a1b305	tests/contracts/workloads/axes.contract.test.ts	248	11027	6d3fe2194445d914dcd5b90a64e84d61c5f82f220b70aba917920433a8a1b305	READ_FULL	none
OWNED	107	5577	1721a6a4cd72d739db7d25f5f40e41d8980ecea60b31f23b3fe0cc0d8fa5451a	tests/contracts/workloads/params.contract.test.ts	107	5577	1721a6a4cd72d739db7d25f5f40e41d8980ecea60b31f23b3fe0cc0d8fa5451a	READ_FULL	none
OWNED	129	5618	d401838cce639cf6938dccea3faf55808c438434bbef33df1cf3efd523526213	tests/contracts/world-info/index.contract.test.ts	129	5618	d401838cce639cf6938dccea3faf55808c438434bbef33df1cf3efd523526213	READ_FULL	none
SHARED	343	30441	8b50cc7e042e901a95afbc98681e2e8860f9ff83a3d93dfa490ed4fbf0e80140	docs/architecture/core/AGENTS.md	343	30441	8b50cc7e042e901a95afbc98681e2e8860f9ff83a3d93dfa490ed4fbf0e80140	READ_FULL	none
SHARED	41	1997	1ccac63e31bb369567cd1aa09adf949c4e75023beb8b8846769cf12d8492724f	docs/Mission.md	41	1997	1ccac63e31bb369567cd1aa09adf949c4e75023beb8b8846769cf12d8492724f	READ_FULL	none
SHARED	257	18686	598fb10bebcd28a6755bdc2f7d1910116ee95e049a8e097dff6b7f8bb563ed58	docs/architecture/core/Core-0-Architecture-and-Structure.md	257	18686	598fb10bebcd28a6755bdc2f7d1910116ee95e049a8e097dff6b7f8bb563ed58	READ_FULL	none
SHARED	135	14977	5d0492cebc9a6affd893f3415ca20cbe21fd96399f426d23fb9892bf43e18126	docs/architecture/core/Spine-TypeScript-and-Patterns.md	135	14977	5d0492cebc9a6affd893f3415ca20cbe21fd96399f426d23fb9892bf43e18126	READ_FULL	none
SHARED	146	19718	c5c30942b2ea90b1985951addfa5ff61138131fcb46dcbf0651d706477a9b0a1	docs/architecture/core/Spine-Testing.md	146	19718	c5c30942b2ea90b1985951addfa5ff61138131fcb46dcbf0651d706477a9b0a1	READ_FULL	none
SHARED	4099	223111	3fb787531f2e1456b31b3d78eb39f3c06061999b0f8776119894f7406084b572	scripts/codemods/ast.ts	4099	223111	3fb787531f2e1456b31b3d78eb39f3c06061999b0f8776119894f7406084b572	READ_FULL	none
SHARED	48	2763	31554441235ff1e44794aafbff1d6fa582de6945a12562b61228aa0e96d2669e	docs/reviews/repository-audit-2026-08-13/README.md	48	2763	31554441235ff1e44794aafbff1d6fa582de6945a12562b61228aa0e96d2669e	READ_FULL	none
SHARED	89	4439	20afbcfd4f2758a0f3d31faa76b436f64c7bdf8704c7e8eb729969bb2e4ea218	docs/reviews/repository-audit-2026-08-13/RUBRIC.md	89	4439	20afbcfd4f2758a0f3d31faa76b436f64c7bdf8704c7e8eb729969bb2e4ea218	READ_FULL	none
SHARED	73	2015	2410c69138e3e9556a43dd602f237da0fed74616dd2c62d66dd382621343be16	docs/reviews/repository-audit-2026-08-13/REPORT-TEMPLATE.md	73	2015	2410c69138e3e9556a43dd602f237da0fed74616dd2c62d66dd382621343be16	READ_FULL	none
