kind	path	expected_lines	current_lines	expected_bytes	current_bytes	expected_sha256	current_sha256	hash_drift	read_status
OWNED	packages/kit/package.json	25	25	451	451	fc22b6867579daaa5ddced38895e2c2e3e8ed582c29a96ca508fbbffb7f605ef	fc22b6867579daaa5ddced38895e2c2e3e8ed582c29a96ca508fbbffb7f605ef	no	full
OWNED	packages/kit/src/assets/index.ts	15	15	927	927	1ec14dbc8583748aa503a7947a2275f73a5a3a756e5cf8d390a0c0dc7bf5294e	1ec14dbc8583748aa503a7947a2275f73a5a3a756e5cf8d390a0c0dc7bf5294e	no	full
OWNED	packages/kit/src/card-frame/index.ts	178	178	10850	10850	3913c181fe7e13d276d660e406cc055eaf4a57a30d58758aaea09fd33ad2956a	3913c181fe7e13d276d660e406cc055eaf4a57a30d58758aaea09fd33ad2956a	no	full
OWNED	packages/kit/src/cel/index.ts	113	113	5822	5822	978a2c48e5ea8440955ebe37727a6fe0a5fde4f9871d05d3df42a7546955dc0e	978a2c48e5ea8440955ebe37727a6fe0a5fde4f9871d05d3df42a7546955dc0e	no	full
OWNED	packages/kit/src/chunk/index.ts	67	67	3721	3721	10b90b4b1e845f63b4738a1a0f59362646a911641238cb2c2aaea247a19ff256	10b90b4b1e845f63b4738a1a0f59362646a911641238cb2c2aaea247a19ff256	no	full
OWNED	packages/kit/src/chunk/split.ts	98	98	4247	4247	6c8ee75f32f803872e527f512dc3aed59be48f224bf697e28489071742a88760	6c8ee75f32f803872e527f512dc3aed59be48f224bf697e28489071742a88760	no	full
OWNED	packages/kit/src/content/index.ts	1005	1005	52061	52061	e164261a82056b16a43588b3eec17752370e48e7aa0f5ae896821a000931f567	e164261a82056b16a43588b3eec17752370e48e7aa0f5ae896821a000931f567	no	full
OWNED	packages/kit/src/css-validate/index.ts	47	47	2696	2696	606853a290216fe700cfe358eef709c46eb582e7a4a893037d988d80da79e1cf	606853a290216fe700cfe358eef709c46eb582e7a4a893037d988d80da79e1cf	no	full
OWNED	packages/kit/src/error-message/index.ts	17	17	1265	1265	b52e32b58cfe7656c708a537730fd3bf21ba42651a664210fd09861f70ffea47	b52e32b58cfe7656c708a537730fd3bf21ba42651a664210fd09861f70ffea47	no	full
OWNED	packages/kit/src/errors/index.ts	112	112	4109	4109	aedc8a1bc20f74980aa535bcd51acbd37fdc5337db5b479cc6c4df6a7e6a2fe1	aedc8a1bc20f74980aa535bcd51acbd37fdc5337db5b479cc6c4df6a7e6a2fe1	no	full
OWNED	packages/kit/src/fix-markdown/index.ts	115	115	5476	5476	826dbb682502080de2a5805ff4478da1bb0b6b5912e37e2e118fd61225d26685	826dbb682502080de2a5805ff4478da1bb0b6b5912e37e2e118fd61225d26685	no	full
OWNED	packages/kit/src/guards/index.ts	10	10	529	529	82be689e4c5a81567202fc514698ebca641262dda5e38de4d68ab71de457991f	82be689e4c5a81567202fc514698ebca641262dda5e38de4d68ab71de457991f	no	full
OWNED	packages/kit/src/guided/index.ts	154	154	11669	11669	11dbdb72694fe522e9ea0c4b27697f135f4ed1b8b1556f3e30adb4a297778017	11dbdb72694fe522e9ea0c4b27697f135f4ed1b8b1556f3e30adb4a297778017	no	full
OWNED	packages/kit/src/ids/index.ts	259	259	13646	13646	74215593293fb1c681fb0bfb94abf240fa45fa43d572de07dc7da6d9a5995fcc	74215593293fb1c681fb0bfb94abf240fa45fa43d572de07dc7da6d9a5995fcc	no	full
OWNED	packages/kit/src/image-sniff/index.ts	352	352	14411	14411	d1c3bd9750a258f4c538121c2b4c56b57c97014c40221c765a38f8e8a5cd8ce6	d1c3bd9750a258f4c538121c2b4c56b57c97014c40221c765a38f8e8a5cd8ce6	no	full
OWNED	packages/kit/src/index.ts	1	1	78	78	3f06afc94e377fef93f30ac35aa9c02bc9bd839bb430d409cbf45bd8d03474b1	3f06afc94e377fef93f30ac35aa9c02bc9bd839bb430d409cbf45bd8d03474b1	no	full
OWNED	packages/kit/src/initials/index.ts	39	39	1948	1948	ac3389f0b81ff5f55480bc802eb3ed655fc5d102330b0fb855df6a2e53c3759e	ac3389f0b81ff5f55480bc802eb3ed655fc5d102330b0fb855df6a2e53c3759e	no	full
OWNED	packages/kit/src/injection/index.ts	63	63	3792	3792	5e8f5a0442f09c5567bb562a0e754cd35d08eb4f40c44138939718f643f76581	5e8f5a0442f09c5567bb562a0e754cd35d08eb4f40c44138939718f643f76581	no	full
OWNED	packages/kit/src/json-schema/index.ts	83	83	5313	5313	9c2c74730302447bdceb16aeb9507cf154b17d487a8379fd0f08d469734d06ce	9c2c74730302447bdceb16aeb9507cf154b17d487a8379fd0f08d469734d06ce	no	full
OWNED	packages/kit/src/json-schema/lift.ts	303	303	14297	14297	32a89419c9ab6a521a21be75509f799cba6ada0168e26fea7169c94a0e164470	32a89419c9ab6a521a21be75509f799cba6ada0168e26fea7169c94a0e164470	no	full
OWNED	packages/kit/src/json-schema/wire-subset.ts	367	367	21717	21717	0c6e6517dd73690fd35cc9a451763f03e78c30e1b80bbd86b85a8a0f4672bba4	0c6e6517dd73690fd35cc9a451763f03e78c30e1b80bbd86b85a8a0f4672bba4	no	full
OWNED	packages/kit/src/json/index.ts	16	16	1193	1193	9259a3369164a377d8498ceff498772b9dccc3c3371eddc52f80ae7a8a9ff086	9259a3369164a377d8498ceff498772b9dccc3c3371eddc52f80ae7a8a9ff086	no	full
OWNED	packages/kit/src/macro/builtin-metadata.ts	156	156	11590	11590	cffa62a4ec3422aee389af4c4cd1540fd59a9d065d97177a89f81f02200d9c6b	cffa62a4ec3422aee389af4c4cd1540fd59a9d065d97177a89f81f02200d9c6b	no	full
OWNED	packages/kit/src/macro/content.ts	85	85	4674	4674	5a8ac64ae206da09aea256a06452ae498abb90e41880488848de04ea76040524	5a8ac64ae206da09aea256a06452ae498abb90e41880488848de04ea76040524	no	full
OWNED	packages/kit/src/macro/engine.ts	100	100	5284	5284	a238571dc41338529cfd3d31eb248eef6bf9fabd618bb2062c7384e6a0599baa	a238571dc41338529cfd3d31eb248eef6bf9fabd618bb2062c7384e6a0599baa	no	full
OWNED	packages/kit/src/macro/evaluator.ts	234	234	11873	11873	d334dc4ab668f98bd7e4083bf8c4b80f8b57808915a7e97c0e13bbe0e75e6b41	d334dc4ab668f98bd7e4083bf8c4b80f8b57808915a7e97c0e13bbe0e75e6b41	no	full
OWNED	packages/kit/src/macro/index.ts	86	86	3605	3605	1d2c1e883e79028d7908374bc6690bd6a569b5e435c79ef2765900aa2ee98941	1d2c1e883e79028d7908374bc6690bd6a569b5e435c79ef2765900aa2ee98941	no	full
OWNED	packages/kit/src/macro/metadata.ts	151	151	7883	7883	cb26a596448e1e129e9495d1a1931ba0b7c2cfcd954b6ce2123d2b4342569542	cb26a596448e1e129e9495d1a1931ba0b7c2cfcd954b6ce2123d2b4342569542	no	full
OWNED	packages/kit/src/macro/parser.ts	476	476	20078	20078	8f49e3723bea8b08d68e49d18be6ebc7672560238b1b45527faecb5b7a5a1e20	8f49e3723bea8b08d68e49d18be6ebc7672560238b1b45527faecb5b7a5a1e20	no	full
OWNED	packages/kit/src/macro/registry.ts	784	784	32017	32017	2f98a97615fd912f1deb6c1087702dce98b39de5c9232bc821f113cad0fce9c9	2f98a97615fd912f1deb6c1087702dce98b39de5c9232bc821f113cad0fce9c9	no	full
OWNED	packages/kit/src/macro/row-macros.ts	132	132	7785	7785	a12dbd4b4001428e1a89cc244d70355b2d425809b2686c09461b8bc9fe1b70f6	a12dbd4b4001428e1a89cc244d70355b2d425809b2686c09461b8bc9fe1b70f6	no	full
OWNED	packages/kit/src/macro/types.ts	457	457	29767	29767	fe7578b27f7463a947715f7294e8d72bfbd95c348425532a3f95baa8b25cde4a	fe7578b27f7463a947715f7294e8d72bfbd95c348425532a3f95baa8b25cde4a	no	full
OWNED	packages/kit/src/macro/user-macros.ts	359	359	19059	19059	12cb234b693589fe334ccb11c9be3a175bb8593a02250a8c9f80c2c165d138ab	12cb234b693589fe334ccb11c9be3a175bb8593a02250a8c9f80c2c165d138ab	no	full
OWNED	packages/kit/src/macro/variables.ts	54	54	2294	2294	4c1a5e70b1db9ef6bb6205b6814ab301954697595d8dd398fe1802757fb7c651	4c1a5e70b1db9ef6bb6205b6814ab301954697595d8dd398fe1802757fb7c651	no	full
OWNED	packages/kit/src/message-role/index.ts	44	44	2763	2763	43a746d623926f8f965e009fa1e3163b237440303d54f91d96d6065398f95fd0	43a746d623926f8f965e009fa1e3163b237440303d54f91d96d6065398f95fd0	no	full
OWNED	packages/kit/src/objects/index.ts	31	31	1694	1694	a430d3c6c113285a98d3b686b35c8ff9d8e641a8ae513391987fec0b4e41ebbe	a430d3c6c113285a98d3b686b35c8ff9d8e641a8ae513391987fec0b4e41ebbe	no	full
OWNED	packages/kit/src/persona/index.ts	83	83	5226	5226	22844addc4a281d95f8e3666ce10677d4bfe7cad105f5e01f43a1819e1ea1ab3	22844addc4a281d95f8e3666ce10677d4bfe7cad105f5e01f43a1819e1ea1ab3	no	full
OWNED	packages/kit/src/png-card-chunk/index.ts	447	447	18509	18509	3953eab7a4e91162425faa8c664632e128230128c8168bbe495fffb99f060ed7	3953eab7a4e91162425faa8c664632e128230128c8168bbe495fffb99f060ed7	no	full
OWNED	packages/kit/src/regex/index.ts	381	381	20373	20373	372c6e8b3fdd0d9413e34bb89a6a21285c1a939e347761421db876f423afce59	372c6e8b3fdd0d9413e34bb89a6a21285c1a939e347761421db876f423afce59	no	full
OWNED	packages/kit/src/replay-buffer/index.ts	118	118	4863	4863	a85379a7a3b7c4aec4a94569b3899274242b522bbf210ca1d74b72d592631cb5	a85379a7a3b7c4aec4a94569b3899274242b522bbf210ca1d74b72d592631cb5	no	full
OWNED	packages/kit/src/safe-color/index.ts	72	72	4544	4544	773b46d337ec4e748ba9ae07d614c089807652156e412428cb66b6e6a4525bdd	773b46d337ec4e748ba9ae07d614c089807652156e412428cb66b6e6a4525bdd	no	full
OWNED	packages/kit/src/scroll-mode/index.ts	16	16	1189	1189	a156d9e7f599f4ba4d05735110f8be3fa6d8813dbe0f6e59866867a894799c01	a156d9e7f599f4ba4d05735110f8be3fa6d8813dbe0f6e59866867a894799c01	no	full
OWNED	packages/kit/src/side-gen-posture/index.ts	54	54	3288	3288	238c57505926ba101fb05a15fd3b4e9d67e5d1659974eba3b8f66f7b147f68cc	238c57505926ba101fb05a15fd3b4e9d67e5d1659974eba3b8f66f7b147f68cc	no	full
OWNED	packages/kit/src/slug/index.ts	17	17	1007	1007	3bf66198cf1d05ea87137e41763c4ada4511272ca3e3133af18b962d17268a7f	3bf66198cf1d05ea87137e41763c4ada4511272ca3e3133af18b962d17268a7f	no	full
OWNED	packages/kit/src/speaker-label/index.ts	282	282	17115	17115	b42bf61905585e603e10c81bf9d3a5161fa7926b084bdaee6e60aab7f928cfeb	b42bf61905585e603e10c81bf9d3a5161fa7926b084bdaee6e60aab7f928cfeb	no	full
OWNED	packages/kit/src/stable-stringify/index.ts	25	25	1503	1503	d42b985d722e2a2605e64178d98210e3e699d6d04f74db198815cdf240175e41	d42b985d722e2a2605e64178d98210e3e699d6d04f74db198815cdf240175e41	no	full
OWNED	packages/kit/src/stats-tally/index.ts	30	30	1498	1498	3d0d7c8d69cde70023fbecb934456634b4cedfecf85d11713dbf006009f63ab1	3d0d7c8d69cde70023fbecb934456634b4cedfecf85d11713dbf006009f63ab1	no	full
OWNED	packages/kit/src/strings/index.ts	35	35	2065	2065	11fcecb2938d63e3aa3cae6f65e174094d9092933398b39b36b0b816df683889	11fcecb2938d63e3aa3cae6f65e174094d9092933398b39b36b0b816df683889	no	full
OWNED	packages/kit/src/tag/index.ts	17	17	1141	1141	c932df7d9866a2642da274a3e7e478af364d09acb271449f09e50f53c1fc58fc	c932df7d9866a2642da274a3e7e478af364d09acb271449f09e50f53c1fc58fc	no	full
OWNED	packages/kit/src/theme-derivation/index.ts	183	183	8486	8486	041c4b2e56cea5c05a2bc514423e1e9692213563036ccd6849a71fd8afd4b095	041c4b2e56cea5c05a2bc514423e1e9692213563036ccd6849a71fd8afd4b095	no	full
OWNED	packages/kit/src/time/index.ts	228	228	11658	11658	94248edb7ce7be1fda6f67ff1aa2df5ca424952f87f57d74745c058761b31af1	94248edb7ce7be1fda6f67ff1aa2df5ca424952f87f57d74745c058761b31af1	no	full
OWNED	packages/kit/src/tokens/index.ts	36	36	1797	1797	1078d9e2cbe10d03e513660180909eec11b6dd380716b506d71597140c0dd537	1078d9e2cbe10d03e513660180909eec11b6dd380716b506d71597140c0dd537	no	full
OWNED	packages/kit/src/vector-math/index.ts	166	166	6706	6706	f3c41e5025bc4a847772d82ce436eb2beab58fb7b8663e38fe0e655fc24b9d63	f3c41e5025bc4a847772d82ce436eb2beab58fb7b8663e38fe0e655fc24b9d63	no	full
OWNED	packages/kit/src/weather/index.ts	32	32	2652	2652	15fe10577fd81248491b23d04678bc33a56b2959bb9e040c530bd09c92f0265c	15fe10577fd81248491b23d04678bc33a56b2959bb9e040c530bd09c92f0265c	no	full
OWNED	packages/kit/src/world-info/index.ts	114	114	6348	6348	64642e80b86c1c8e31f748fcb84752dac6feaffd974e5dce96108b26aae2b78d	64642e80b86c1c8e31f748fcb84752dac6feaffd974e5dce96108b26aae2b78d	no	full
OWNED	packages/kit/tsconfig.json	5	5	216	216	585e726de580efe2a066aa86b027e0e3a0087d383c8a4145c04b9ad0d419962f	585e726de580efe2a066aa86b027e0e3a0087d383c8a4145c04b9ad0d419962f	no	full
OWNED	tests/kit/assets/index.test.ts	31	31	1129	1129	d12277c085d3e1818971e279928fc36b788864b74abb2d83be75d7ff371d89da	d12277c085d3e1818971e279928fc36b788864b74abb2d83be75d7ff371d89da	no	full
OWNED	tests/kit/card-frame/index.test.ts	109	109	6246	6246	c6bf727d360073f8c8facc8988a42ab6aa4eb0cd1fc8f6829f0a36f945cacc86	c6bf727d360073f8c8facc8988a42ab6aa4eb0cd1fc8f6829f0a36f945cacc86	no	full
OWNED	tests/kit/cel/cel-goldens.json	28	28	2082	2082	53a113bd56e9b16371411e1167ebaf4ecb897d85eb3a4b544d6d5662953541c7	53a113bd56e9b16371411e1167ebaf4ecb897d85eb3a4b544d6d5662953541c7	no	full
OWNED	tests/kit/cel/index.test.ts	89	89	3712	3712	4009bd84f0b09b144b1388d99df0c79cdf95a16caa3bb0e81b907679c7afe77f	4009bd84f0b09b144b1388d99df0c79cdf95a16caa3bb0e81b907679c7afe77f	no	full
OWNED	tests/kit/chunk/index.test.ts	101	101	5321	5321	cbe8274eefcca5f0e29a6e089a078b283315a638e00b8585f2c68a5b899a398f	cbe8274eefcca5f0e29a6e089a078b283315a638e00b8585f2c68a5b899a398f	no	full
OWNED	tests/kit/content/index.test.ts	655	655	36912	36912	ed081fbad5bfce164bf86eddef5270a2eb47a2577ae1315918a6099e1de8836e	ed081fbad5bfce164bf86eddef5270a2eb47a2577ae1315918a6099e1de8836e	no	full
OWNED	tests/kit/css-validate/index.test.ts	43	43	1894	1894	ab371b3739ea76a38625bcbaedc013f2cfb2e2d76dd3e1d1897ad46fe9084a38	ab371b3739ea76a38625bcbaedc013f2cfb2e2d76dd3e1d1897ad46fe9084a38	no	full
OWNED	tests/kit/error-message/index.test.ts	19	19	817	817	cf28d1a8dd6ac7e8abd6f9f9394162f0e8662bc3b64a6c32d2da80cbbf8c380b	cf28d1a8dd6ac7e8abd6f9f9394162f0e8662bc3b64a6c32d2da80cbbf8c380b	no	full
OWNED	tests/kit/errors/index.test.ts	60	60	2258	2258	9e6b0c9783b6f0c702b282947f843abae2a823e72b6145e7666f0ebdf86d3c88	9e6b0c9783b6f0c702b282947f843abae2a823e72b6145e7666f0ebdf86d3c88	no	full
OWNED	tests/kit/fix-markdown/index.test.ts	47	47	2167	2167	60118c5c6695fb7fbff3195ab265ff0dc1f12709166b81c48cc87b416851d643	60118c5c6695fb7fbff3195ab265ff0dc1f12709166b81c48cc87b416851d643	no	full
OWNED	tests/kit/guards/index.test.ts	33	33	1392	1392	d77123d1f8de3e53763622369572c0a9f3def43ec518cc9935320fc06eea46bb	d77123d1f8de3e53763622369572c0a9f3def43ec518cc9935320fc06eea46bb	no	full
OWNED	tests/kit/guided/index.test.ts	201	201	10367	10367	5632b7f4ad8a6c914144b6ec552d80ce8d51fe4fd2213c8dd107f2ccc91eef12	5632b7f4ad8a6c914144b6ec552d80ce8d51fe4fd2213c8dd107f2ccc91eef12	no	full
OWNED	tests/kit/ids/index.test-d.ts	40	40	1857	1857	ecbf1c4d909c127149248f3b179cfe580ef3ecacb615705b12a9ed225e19c108	ecbf1c4d909c127149248f3b179cfe580ef3ecacb615705b12a9ed225e19c108	no	full
OWNED	tests/kit/ids/index.test.ts	50	50	1972	1972	7e11faec21b1ae2e13215834460067a314d471e156e3fe2b971141089b4134ff	7e11faec21b1ae2e13215834460067a314d471e156e3fe2b971141089b4134ff	no	full
OWNED	tests/kit/image-sniff/index.test.ts	150	150	6316	6316	1c2360bbec43ccd8c05e819c8b2569b4b7ab17d5122d4ee536c640aa31d31dd3	1c2360bbec43ccd8c05e819c8b2569b4b7ab17d5122d4ee536c640aa31d31dd3	no	full
OWNED	tests/kit/initials/index.test.ts	46	46	1540	1540	8a799fe150c2011071218d49e2e156dd2efd115c496aaec40a363ee9b390bdec	8a799fe150c2011071218d49e2e156dd2efd115c496aaec40a363ee9b390bdec	no	full
OWNED	tests/kit/injection/index.test.ts	65	65	3136	3136	0c78659df9f9000b16d5d8ee4423d1694ae092e4653c416d34a6461572e06ff5	0c78659df9f9000b16d5d8ee4423d1694ae092e4653c416d34a6461572e06ff5	no	full
OWNED	tests/kit/json-schema/index.test.ts	32	32	1496	1496	efce6c62c7590024bec6e972959d79e63530291abf23f1bc77ba55c78ce501b5	efce6c62c7590024bec6e972959d79e63530291abf23f1bc77ba55c78ce501b5	no	full
OWNED	tests/kit/json-schema/lift.test.ts	227	227	11976	11976	4cbf7b2f974a9dfc19b79e7307b85f38f24952a8f09446314f3b49aa577331ed	4cbf7b2f974a9dfc19b79e7307b85f38f24952a8f09446314f3b49aa577331ed	no	full
OWNED	tests/kit/json-schema/wire-subset.test.ts	316	316	19966	19966	7f6129db55a984cf8f5257c8fe769926a23bdb55b7508247d331b75d7475d587	7f6129db55a984cf8f5257c8fe769926a23bdb55b7508247d331b75d7475d587	no	full
OWNED	tests/kit/json/index.test.ts	29	29	1285	1285	a9b203f269529a0f19ad4f6b5c8054bd51abceaeb5d1d9d95d7e7b29c9f62f6f	a9b203f269529a0f19ad4f6b5c8054bd51abceaeb5d1d9d95d7e7b29c9f62f6f	no	full
OWNED	tests/kit/macro/content.test.ts	66	66	3592	3592	5a4839fc7b4df686754977321406b0893135bc019b61e67f5c03880aeb3b6197	5a4839fc7b4df686754977321406b0893135bc019b61e67f5c03880aeb3b6197	no	full
OWNED	tests/kit/macro/dos-bounds.suite.test.ts	149	149	8775	8775	10ae0c01ede3146090ae7ff5ed53ec95e8b7230e57c817b5af7c27d1eca62947	10ae0c01ede3146090ae7ff5ed53ec95e8b7230e57c817b5af7c27d1eca62947	no	full
OWNED	tests/kit/macro/grammar-corpus.suite.test.ts	347	347	17280	17280	be1dd263b0e4eafb77dbfd5d25bde43b4bd353602e120059ea264d6156b18e76	be1dd263b0e4eafb77dbfd5d25bde43b4bd353602e120059ea264d6156b18e76	no	full
OWNED	tests/kit/macro/index.test.ts	512	512	26661	26661	fa3325fe335c0112e77c1412946ee70a5e6b8ef25ae3a9280fbfe42bfc2e4bc0	fa3325fe335c0112e77c1412946ee70a5e6b8ef25ae3a9280fbfe42bfc2e4bc0	no	full
OWNED	tests/kit/macro/metadata.test.ts	271	271	13403	13403	fd606f116dcd07fa1bbeafe5f6033aeeb4d913dba16072153265f4e03ea47bb6	fd606f116dcd07fa1bbeafe5f6033aeeb4d913dba16072153265f4e03ea47bb6	no	full
OWNED	tests/kit/macro/registry.test.ts	156	156	8622	8622	16c488e998c1080c6d1783481342d26d318637b16f7d39292f8305dae31f0fd7	16c488e998c1080c6d1783481342d26d318637b16f7d39292f8305dae31f0fd7	no	full
OWNED	tests/kit/macro/row-macros.test.ts	167	167	9606	9606	be3c107a80f1b6bce55679afe009fcc1779769dfbb137ed384a176b6a5985c0a	be3c107a80f1b6bce55679afe009fcc1779769dfbb137ed384a176b6a5985c0a	no	full
OWNED	tests/kit/macro/st-parity.suite.test.ts	262	262	15499	15499	45968f8e9bb28f6572c825c045c45f042674087e6c29ec633d7182977508725a	45968f8e9bb28f6572c825c045c45f042674087e6c29ec633d7182977508725a	no	full
OWNED	tests/kit/macro/st-rejected.suite.test.ts	91	91	5626	5626	fc709d7e40404c5b6d4f9ebfe316f76f21091d093c317dca999cb0b399f5bb4e	fc709d7e40404c5b6d4f9ebfe316f76f21091d093c317dca999cb0b399f5bb4e	no	full
OWNED	tests/kit/macro/user-macros.test.ts	335	335	18331	18331	c36213c4298a6ad5bc0792aeac90356109c75481c2d0fcd0df2e6b29400cba35	c36213c4298a6ad5bc0792aeac90356109c75481c2d0fcd0df2e6b29400cba35	no	full
OWNED	tests/kit/macro/variables.test.ts	103	103	4222	4222	1bb970186fc44d02eec1331234df7fe607fc5afe59f253eaf849837e03593eb9	1bb970186fc44d02eec1331234df7fe607fc5afe59f253eaf849837e03593eb9	no	full
OWNED	tests/kit/message-role/index.test.ts	46	46	1646	1646	00abe1ad171fad7ee076a0562ac2be53358b09c64779084b96437de43aed7396	00abe1ad171fad7ee076a0562ac2be53358b09c64779084b96437de43aed7396	no	full
OWNED	tests/kit/objects/index.test.ts	36	36	1515	1515	d627e77f700ca4adb0946af48e76e11cd556d0c584c0808f7be9d7b692f7608c	d627e77f700ca4adb0946af48e76e11cd556d0c584c0808f7be9d7b692f7608c	no	full
OWNED	tests/kit/persona/index.test.ts	96	96	3828	3828	8a2ddeafeacdd146657138650bf89bb840204c93268b7299663c6ca930afe478	8a2ddeafeacdd146657138650bf89bb840204c93268b7299663c6ca930afe478	no	full
OWNED	tests/kit/png-card-chunk/index.test.ts	206	206	9429	9429	3c940f8e9c658b0194b5a7793d63855a154843025e49e2de68f8d039d16b5346	3c940f8e9c658b0194b5a7793d63855a154843025e49e2de68f8d039d16b5346	no	full
OWNED	tests/kit/regex/index.test.ts	394	394	14997	14997	bd6d8557a6d557cbfe9880524b7de8053d37f3d75428939279f92ad3ddc539cc	bd6d8557a6d557cbfe9880524b7de8053d37f3d75428939279f92ad3ddc539cc	no	full
OWNED	tests/kit/replay-buffer/index.test.ts	69	69	2343	2343	2b3942f1bff4b0fffeb8ff8f966b75b7c22ff9a48c99781e0d4411e94e0ce7f8	2b3942f1bff4b0fffeb8ff8f966b75b7c22ff9a48c99781e0d4411e94e0ce7f8	no	full
OWNED	tests/kit/safe-color/index.test.ts	98	98	4082	4082	45c8ae71b49cb1448e80715dabb56c2ad059ccafd2202fd9fd7da03856934967	45c8ae71b49cb1448e80715dabb56c2ad059ccafd2202fd9fd7da03856934967	no	full
OWNED	tests/kit/side-gen-posture/index.test.ts	53	53	3216	3216	3862fc7a00df99bd2d0095ad0d79578a58597f8124327ba46965f7c5b8ac9bea	3862fc7a00df99bd2d0095ad0d79578a58597f8124327ba46965f7c5b8ac9bea	no	full
OWNED	tests/kit/slug/index.test.ts	26	26	1054	1054	2564a7a49d2d090e20df72b73b0650162e07926bbb7c0b9f2d0c2ecdd95f949d	2564a7a49d2d090e20df72b73b0650162e07926bbb7c0b9f2d0c2ecdd95f949d	no	full
OWNED	tests/kit/speaker-label/index.test.ts	245	245	13191	13191	f9d99e3635fbc4adc625a5a1bf7edb68630641a40de470c0c4064871efa7b9bf	f9d99e3635fbc4adc625a5a1bf7edb68630641a40de470c0c4064871efa7b9bf	no	full
OWNED	tests/kit/stable-stringify/index.test.ts	32	32	1381	1381	df2c49df3ba18eb78fa301d3d40b710ff3de4874f6ecf39ea770b639ee892cf3	df2c49df3ba18eb78fa301d3d40b710ff3de4874f6ecf39ea770b639ee892cf3	no	full
OWNED	tests/kit/stats-tally/index.test.ts	34	34	1571	1571	1261048cc51e6c66517d5764a005fa17357e8d7537e24145b405ffb36d5a872a	1261048cc51e6c66517d5764a005fa17357e8d7537e24145b405ffb36d5a872a	no	full
OWNED	tests/kit/strings/index.test.ts	25	25	1475	1475	83b16dedfa355cc0139d4ee503a48f50225b244514ac137c5144295193fbdbb4	83b16dedfa355cc0139d4ee503a48f50225b244514ac137c5144295193fbdbb4	no	full
OWNED	tests/kit/tag/index.test.ts	29	29	1282	1282	8c1f7933fc49ef8a75123929f9c73ead62c642659e71c7c1c1b2ffdd3473913a	8c1f7933fc49ef8a75123929f9c73ead62c642659e71c7c1c1b2ffdd3473913a	no	full
OWNED	tests/kit/theme-derivation/index.test.ts	101	101	5215	5215	521cfe4330720a27e7a494daacb59a601518936fd21878dbd5cfe73758fb2067	521cfe4330720a27e7a494daacb59a601518936fd21878dbd5cfe73758fb2067	no	full
OWNED	tests/kit/time/index.test.ts	113	113	5396	5396	b88e020e10ddb4185328e747ca61f3118feb0900b9ed53503d37757540cfa7f0	b88e020e10ddb4185328e747ca61f3118feb0900b9ed53503d37757540cfa7f0	no	full
OWNED	tests/kit/tokens/index.test.ts	34	34	1331	1331	d618f891d58cc429bf30adb8f6485f46d3c2f09d90c9fdbc66e8e020e6c20afe	d618f891d58cc429bf30adb8f6485f46d3c2f09d90c9fdbc66e8e020e6c20afe	no	full
OWNED	tests/kit/vector-math/index.test.ts	61	61	2411	2411	c54244fddb1398fc0a7a538a3612abc4646f417078454b146a9cd2507f58b14f	c54244fddb1398fc0a7a538a3612abc4646f417078454b146a9cd2507f58b14f	no	full
OWNED	tests/kit/world-info/index.test.ts	170	170	8868	8868	d974535a1654e5dc2734c454fc9ba73d3d2223ce2f40adf5d5f073f0c7388eeb	d974535a1654e5dc2734c454fc9ba73d3d2223ce2f40adf5d5f073f0c7388eeb	no	full
SHARED	docs/architecture/core/AGENTS.md	343	343	30441	30441	8b50cc7e042e901a95afbc98681e2e8860f9ff83a3d93dfa490ed4fbf0e80140	8b50cc7e042e901a95afbc98681e2e8860f9ff83a3d93dfa490ed4fbf0e80140	no	full
SHARED	docs/Mission.md	41	41	1997	1997	1ccac63e31bb369567cd1aa09adf949c4e75023beb8b8846769cf12d8492724f	1ccac63e31bb369567cd1aa09adf949c4e75023beb8b8846769cf12d8492724f	no	full
SHARED	docs/architecture/core/Core-0-Architecture-and-Structure.md	257	257	18686	18686	598fb10bebcd28a6755bdc2f7d1910116ee95e049a8e097dff6b7f8bb563ed58	598fb10bebcd28a6755bdc2f7d1910116ee95e049a8e097dff6b7f8bb563ed58	no	full
SHARED	docs/architecture/core/Spine-TypeScript-and-Patterns.md	135	135	14977	14977	5d0492cebc9a6affd893f3415ca20cbe21fd96399f426d23fb9892bf43e18126	5d0492cebc9a6affd893f3415ca20cbe21fd96399f426d23fb9892bf43e18126	no	full
SHARED	docs/architecture/core/Spine-Testing.md	146	146	19718	19718	c5c30942b2ea90b1985951addfa5ff61138131fcb46dcbf0651d706477a9b0a1	c5c30942b2ea90b1985951addfa5ff61138131fcb46dcbf0651d706477a9b0a1	no	full
SHARED	scripts/codemods/ast.ts	4099	4099	223111	223111	3fb787531f2e1456b31b3d78eb39f3c06061999b0f8776119894f7406084b572	3fb787531f2e1456b31b3d78eb39f3c06061999b0f8776119894f7406084b572	no	full
SHARED	docs/reviews/repository-audit-2026-08-13/README.md	48	48	2763	2763	31554441235ff1e44794aafbff1d6fa582de6945a12562b61228aa0e96d2669e	31554441235ff1e44794aafbff1d6fa582de6945a12562b61228aa0e96d2669e	no	full
SHARED	docs/reviews/repository-audit-2026-08-13/RUBRIC.md	89	89	4439	4439	20afbcfd4f2758a0f3d31faa76b436f64c7bdf8704c7e8eb729969bb2e4ea218	20afbcfd4f2758a0f3d31faa76b436f64c7bdf8704c7e8eb729969bb2e4ea218	no	full
SHARED	docs/reviews/repository-audit-2026-08-13/REPORT-TEMPLATE.md	73	73	2015	2015	2410c69138e3e9556a43dd602f237da0fed74616dd2c62d66dd382621343be16	2410c69138e3e9556a43dd602f237da0fed74616dd2c62d66dd382621343be16	no	full
