path	lines	bytes	sha256	method	read_at	snapshot	status
packages/client/src/features/chat/components/add-chat-document-dialog.tsx	125	5493	7266b0bb0db23eb63bf76f09c7c1394e4d556284a6f26d353337f0c2f26f8c0c	sed-full-sequential-semantic-review	2026-08-14T05:29:00Z	c93253a3f907fb7fd93d411c511a98ed378505db	MATCH
packages/client/src/features/chat/components/add-member-popover.tsx	74	2898	17d1ec87f9d2fb4ee99f61d1c563cb1ba5317101548fc6d2943308b6bd139b6d	sed-full-sequential-semantic-review	2026-08-14T05:29:00Z	c93253a3f907fb7fd93d411c511a98ed378505db	MATCH
packages/client/src/features/chat/components/appearance-avatars-section.tsx	101	5198	c247c56d74f248f564b14f6a3d103949d97934b149fc611bda5684ae6cfe6c41	sed-full-sequential-semantic-review	2026-08-14T05:29:00Z	c93253a3f907fb7fd93d411c511a98ed378505db	MATCH
packages/client/src/features/chat/components/appearance-message-details-section.tsx	126	6338	a49ee7fd668b407fa725d75185e4b9107b7a5da97963a5b8a17dcb73f4e0b47e	sed-full-sequential-semantic-review	2026-08-14T05:29:00Z	c93253a3f907fb7fd93d411c511a98ed378505db	MATCH
packages/client/src/features/chat/components/appearance-message-style-section.tsx	121	6393	028f970c447628e1a949cb0b29bbd5539cb90585b7615908fd4bae2e7fe2b543	sed-full-sequential-semantic-review	2026-08-14T05:29:00Z	c93253a3f907fb7fd93d411c511a98ed378505db	MATCH
packages/client/src/features/chat/components/assembly-preview-diagnostics.tsx	324	16407	46fc9795c4ab6be019f6e966800eb06c765a3a7e5c26af4be6f0c7a72564ad20	sed-full-sequential-semantic-review	2026-08-14T05:29:00Z	c93253a3f907fb7fd93d411c511a98ed378505db	MATCH
packages/client/src/features/chat/components/assembly-preview-panel.tsx	245	11702	1e2f79f4a09e76ab2e7cb2306f4f91348f436694186c938641ac5af86f82f46e	sed-full-sequential-semantic-review	2026-08-14T05:29:00Z	c93253a3f907fb7fd93d411c511a98ed378505db	MATCH
packages/client/src/features/chat/components/chat-behavior-message-handling-section.tsx	201	10016	252c8932101906c8817b3c9ae33a79f57a8673e3761a56e7bfae66a92dd63df1	sed-full-sequential-semantic-review	2026-08-14T05:29:00Z	c93253a3f907fb7fd93d411c511a98ed378505db	MATCH
packages/client/src/features/chat/components/chat-behavior-streaming-section.tsx	125	5640	9fac2834959ce2461b6abd4abe3d1a99bc1450f679404858860082d498d6c601	sed-full-sequential-semantic-review	2026-08-14T05:29:00Z	c93253a3f907fb7fd93d411c511a98ed378505db	MATCH
packages/client/src/features/chat/components/chat-cast-bar.tsx	154	7101	d79d3b7e6fb9b0fee4ddcf72586f3559a826c61e14b84087d023b5eff1f9acd7	sed-full-sequential-semantic-review	2026-08-14T05:29:00Z	c93253a3f907fb7fd93d411c511a98ed378505db	MATCH
packages/client/src/features/chat/components/chat-content.tsx	78	3994	63749ebcf8a3d2219736a72d221849bf1630c77a2f324bd68c39bc17e8b06af3	sed-full-sequential-semantic-review	2026-08-14T05:29:00Z	c93253a3f907fb7fd93d411c511a98ed378505db	MATCH
packages/client/src/features/chat/components/chat-documents-section.tsx	194	10086	96368224f63f771c8823becc0ad60bff76b3e6b166b654873cb3a72fd1cc0a04	sed-full-sequential-semantic-review	2026-08-14T05:29:00Z	c93253a3f907fb7fd93d411c511a98ed378505db	MATCH
packages/client/src/features/chat/components/chat-header.tsx	358	16357	451b6feca77aba0e6f6b46d2c133a524f000adc161f4a13ede80b3c5abcdceb8	sed-full-sequential-semantic-review	2026-08-14T05:29:00Z	c93253a3f907fb7fd93d411c511a98ed378505db	MATCH
packages/client/src/features/chat/components/chat-import-dialog.tsx	97	4423	ac30b42cb9c850369cc3b402a88808c4f59456a436227ae403051fb9804070b5	sed-full-sequential-semantic-review	2026-08-14T05:29:00Z	c93253a3f907fb7fd93d411c511a98ed378505db	MATCH
packages/client/src/features/chat/components/chat-list-header.tsx	62	3269	623e2bd68dcb08b4ed27cf33eb82f5f6f49db6a26403feb9bac0dbeee2eaa60f	sed-full-sequential-semantic-review	2026-08-14T05:29:00Z	c93253a3f907fb7fd93d411c511a98ed378505db	MATCH
packages/client/src/features/chat/components/chat-list-row-menu.tsx	126	6249	8f155d8d14cff214a5709a5cd1fc96e2d6ffd3d31b23223d769adf7c8dcec86d	sed-full-sequential-semantic-review	2026-08-14T05:29:00Z	c93253a3f907fb7fd93d411c511a98ed378505db	MATCH
packages/client/src/features/chat/components/chat-list-row.tsx	65	3878	c1c7a20cd6b947cf0d63754d29142a9760dc1bd70d74e7caf0f45f2908c52bda	sed-full-sequential-semantic-review	2026-08-14T05:29:00Z	c93253a3f907fb7fd93d411c511a98ed378505db	MATCH
packages/client/src/features/chat/components/chat-options-menu.tsx	319	15398	59bd3160116d9a601d3eafcd1e5fb87b7eb273b96dda86fe72236305b6acb4e8	sed-full-sequential-semantic-review	2026-08-14T05:29:00Z	c93253a3f907fb7fd93d411c511a98ed378505db	MATCH
packages/client/src/features/chat/components/chat-summary-row.tsx	208	11291	0d693684543ac2e44c3a73f81e993d7194c4c5eb4105e8644cbeed2b229b8f1a	sed-full-sequential-semantic-review	2026-08-14T05:29:00Z	c93253a3f907fb7fd93d411c511a98ed378505db	MATCH
packages/client/src/features/chat/components/chats-topbar-header.tsx	72	3288	6a06f05670aca347082df806030edd6f4ae996624bebb80e9c40f1d3c08faa1b	sed-full-sequential-semantic-review	2026-08-14T05:29:00Z	c93253a3f907fb7fd93d411c511a98ed378505db	MATCH
packages/client/src/features/chat/components/chats-with-character-pane.tsx	151	8165	cf35684e0af4651f59a5ee33aa50dd0c2481a3102077bbd059a88f9cf9fd1dbb	sed-full-sequential-semantic-review	2026-08-14T05:29:00Z	c93253a3f907fb7fd93d411c511a98ed378505db	MATCH
packages/client/src/features/chat/components/choice-send-provider.tsx	62	3704	dd1243caec82a0111e3ff16f1b4ee074ec0f2005f541857700f15058cad5d7b6	sed-full-sequential-semantic-review	2026-08-14T05:29:00Z	c93253a3f907fb7fd93d411c511a98ed378505db	MATCH
packages/client/src/features/chat/components/committed-members-tab.tsx	151	7104	1124a3211a80e381e3ef327b5dda611b68cbe7c376f1487588cf85d6b6727c53	sed-full-sequential-semantic-review	2026-08-14T05:29:00Z	c93253a3f907fb7fd93d411c511a98ed378505db	MATCH
packages/client/src/features/chat/components/compact-summary-peek.tsx	44	2123	01772dc032b67ee24ebf12f7cbc6ee895f0c34f34dbd3ce05009f4c2e8d8ef06	sed-full-sequential-semantic-review	2026-08-14T05:29:00Z	c93253a3f907fb7fd93d411c511a98ed378505db	MATCH
packages/client/src/features/chat/components/composer-chat-options.tsx	58	3912	f26f422e64220c72c5c8c57cf15be68a9fe1cdc631c010c21325f855229ba69f	sed-full-sequential-semantic-review	2026-08-14T05:29:00Z	c93253a3f907fb7fd93d411c511a98ed378505db	MATCH
packages/client/src/features/chat/components/composer-guided-cluster.tsx	448	21643	636693b5c0765ed20d0498d2fc636a4d53410a56648e5e178fef787cb9f19c62	sed-full-sequential-semantic-review	2026-08-14T05:29:00Z	c93253a3f907fb7fd93d411c511a98ed378505db	MATCH
packages/client/src/features/chat/components/composer-send-control.tsx	58	2081	85b9473fcd326adb74e58d7cfa81685ce68b9c94e573dda65ab5f34d4406d379	sed-full-sequential-semantic-review	2026-08-14T05:29:00Z	c93253a3f907fb7fd93d411c511a98ed378505db	MATCH
packages/client/src/features/chat/components/composer-slash-strip.tsx	79	4412	a8cabab6bc32ce8d6f05fab639b9a833a46687db6df1ba1878e5bbd371089c52	sed-full-sequential-semantic-review	2026-08-14T05:29:00Z	c93253a3f907fb7fd93d411c511a98ed378505db	MATCH
packages/client/src/features/chat/components/composer-utility-menu.tsx	297	13748	6ab71782f00df2533d552738988a2f16badbe8367e03c6ff4f43957ae349ffda	sed-full-sequential-semantic-review	2026-08-14T05:29:00Z	c93253a3f907fb7fd93d411c511a98ed378505db	MATCH
packages/client/src/features/chat/components/composer.tsx	449	24419	286ef8f496521411c1731a50508782ffeae0ae1950afd93c546293fe0e564ca1	sed-full-sequential-semantic-review	2026-08-14T05:29:00Z	c93253a3f907fb7fd93d411c511a98ed378505db	MATCH
packages/client/src/features/chat/components/databank-settings-section.tsx	128	6193	96f0573fbdd3f09bb44c550520331d8f538e3059e27a59487c465bce5e024c4c	sed-full-sequential-semantic-review	2026-08-14T05:29:00Z	c93253a3f907fb7fd93d411c511a98ed378505db	MATCH
packages/client/src/features/chat/components/draft-context-tabs.tsx	154	6243	b80a1ae4ada02214beffb3d2be81e3c2474d87960fea631cc22a5c6c8a6bf4cb	sed-full-sequential-semantic-review	2026-08-14T05:29:00Z	c93253a3f907fb7fd93d411c511a98ed378505db	MATCH
packages/client/src/features/chat/components/ghost-message-row.tsx	235	11583	253384eca8cafa7ce78cf0464cfcf9a7e56cfc2450ae577a6425e5576979aefe	sed-full-sequential-semantic-review	2026-08-14T05:29:00Z	c93253a3f907fb7fd93d411c511a98ed378505db	MATCH
packages/client/src/features/chat/components/greeting-actions-row.tsx	107	5416	5785e51628b3472b23c944a6f793f5ada6404ff7a0ce3a71571f2a90037d8037	sed-full-sequential-semantic-review	2026-08-14T05:29:00Z	c93253a3f907fb7fd93d411c511a98ed378505db	MATCH
packages/client/src/features/chat/components/greeting-swipe-strip.tsx	61	3052	3d8c6fc3dbf62d2464bf1d451250221522628ae43c8a7a4174a94e2e3ecc91f9	sed-full-sequential-semantic-review	2026-08-14T05:29:00Z	c93253a3f907fb7fd93d411c511a98ed378505db	MATCH
packages/client/src/features/chat/components/group-config-form.tsx	201	10104	b7a1cb6d7e976b771d468f2c0265a0081f20a6c9fc1f02fb1c5d571561c5b356	sed-full-sequential-semantic-review	2026-08-14T05:29:00Z	c93253a3f907fb7fd93d411c511a98ed378505db	MATCH
packages/client/src/features/chat/components/home-quick-picks-tile-body.tsx	89	3762	ce8ef3097658ceedf915a422a954a3c5f1652c143e05bc18501db8d95d868f78	sed-full-sequential-semantic-review	2026-08-14T05:29:00Z	c93253a3f907fb7fd93d411c511a98ed378505db	MATCH
packages/client/src/features/chat/components/home-recents-tile-body.tsx	69	3060	4f0cc46df5d6b201044e2951f2c846f9ce250cd69759b81b2da47b7579bec370	sed-full-sequential-semantic-review	2026-08-14T05:29:00Z	c93253a3f907fb7fd93d411c511a98ed378505db	MATCH
packages/client/src/features/chat/components/home-temp-chat-tile-body.tsx	77	3823	2590003351b6199d210d68b9222b03f499c63492a2f472141509cfa5f83f5a58	sed-full-sequential-semantic-review	2026-08-14T05:29:00Z	c93253a3f907fb7fd93d411c511a98ed378505db	MATCH
packages/client/src/features/chat/components/host-display-scripts-control.tsx	45	2516	7e01ba5e4900877d888f9d9192c1b5130f8921a47c293403b2d70ba4d4858650	sed-full-sequential-semantic-review	2026-08-14T05:29:00Z	c93253a3f907fb7fd93d411c511a98ed378505db	MATCH
packages/client/src/features/chat/components/imagery-templates-section.tsx	163	9238	7620b81e680f791f764b3625b5db14de0cfad1113e77e8718b196f4cc716e033	sed-full-sequential-semantic-review	2026-08-14T05:29:00Z	c93253a3f907fb7fd93d411c511a98ed378505db	MATCH
packages/client/src/features/chat/components/injections-manager.tsx	208	8882	3a3598a18383fdc3a25d6d58c31e85cf5918c3b8c59331a29016a3b3416dfede	sed-full-sequential-semantic-review	2026-08-14T05:29:00Z	c93253a3f907fb7fd93d411c511a98ed378505db	MATCH
packages/client/src/features/chat/components/invite-dialog.tsx	252	10039	0b02fe6fd83aab59355b9f10c2e63a4c377d0dbea929d9e803b45018e1a3b66b	sed-full-sequential-semantic-review	2026-08-14T05:29:00Z	c93253a3f907fb7fd93d411c511a98ed378505db	MATCH
packages/client/src/features/chat/components/jump-to-latest-pill.tsx	54	2244	ca41947edf6ed91d0841041bc8849406f18b9b5e1fbb60b92cbbcb5cb4c0665d	sed-full-sequential-semantic-review	2026-08-14T05:29:00Z	c93253a3f907fb7fd93d411c511a98ed378505db	MATCH
packages/client/src/features/chat/components/macro-picks-section.tsx	346	17292	ab01d3a13837f21aafd12da4034ee1c3ec0d5d4485e16a9f30d70458060b0dbc	sed-full-sequential-semantic-review	2026-08-14T05:29:00Z	c93253a3f907fb7fd93d411c511a98ed378505db	MATCH
packages/client/src/features/chat/components/member-card-viewer.tsx	340	14819	7708611c550854f0de6f26e3db6801167df497652b320b7f11be20948c738196	sed-full-sequential-semantic-review	2026-08-14T05:29:00Z	c93253a3f907fb7fd93d411c511a98ed378505db	MATCH
packages/client/src/features/chat/components/member-row-menu.tsx	134	6433	52d7b01eabe38a11aa07c403858c1de385079a1ca89da9d076a3e4998cf02e21	sed-full-sequential-semantic-review	2026-08-14T05:29:00Z	c93253a3f907fb7fd93d411c511a98ed378505db	MATCH
packages/client/src/features/chat/components/member-row.tsx	330	14379	052d6fb40ed6e6babac5efb0d63322ab44cd9f8263196282586e9892e5601691	sed-full-sequential-semantic-review	2026-08-14T05:29:00Z	c93253a3f907fb7fd93d411c511a98ed378505db	MATCH
packages/client/src/features/chat/components/members-panel.tsx	214	8730	bdd12838b2aa232f81f2c6c94b8a3a59b62d29341f4698e9b61da62a8d75ffcb	sed-full-sequential-semantic-review	2026-08-14T05:29:00Z	c93253a3f907fb7fd93d411c511a98ed378505db	MATCH
packages/client/src/features/chat/components/memory-settings-section.tsx	101	6163	30da2557402124a3e5e23918958f538c959459fcd3b042538a10f8f4d75c7232	sed-full-sequential-semantic-review	2026-08-14T05:29:00Z	c93253a3f907fb7fd93d411c511a98ed378505db	MATCH
packages/client/src/features/chat/components/message-actions-row.tsx	239	10871	80bc533464ad10bada7045e6c987618455ee30a640a2698224448442b835857c	sed-full-sequential-semantic-review	2026-08-14T05:29:00Z	c93253a3f907fb7fd93d411c511a98ed378505db	MATCH
packages/client/src/features/chat/components/message-choices-block.tsx	84	4233	4499ca30a1697fe06ce0616e3953c371f65dd0733ab31154845719184f18adec	sed-full-sequential-semantic-review	2026-08-14T05:29:00Z	c93253a3f907fb7fd93d411c511a98ed378505db	MATCH
packages/client/src/features/chat/components/message-content.tsx	212	11838	3a9fde46f2278a3454655abe0fdf944fab0d26c65610ef2f3df00c85ba10f880	sed-full-sequential-semantic-review	2026-08-14T05:29:00Z	c93253a3f907fb7fd93d411c511a98ed378505db	MATCH
packages/client/src/features/chat/components/message-cost-readout.tsx	71	2651	7c3779e2e210d829446035fd63b85f6ce411a5767034c78dfc35cffb907c317c	sed-full-sequential-semantic-review	2026-08-14T05:29:00Z	c93253a3f907fb7fd93d411c511a98ed378505db	MATCH
packages/client/src/features/chat/components/message-edit-textarea.tsx	121	4007	25431de66ba05d08f8aa2bd6a3d657c83b1911be8bb9b0a5323aeb3e43e3f577	sed-full-sequential-semantic-review	2026-08-14T05:29:00Z	c93253a3f907fb7fd93d411c511a98ed378505db	MATCH
packages/client/src/features/chat/components/message-media-block.tsx	69	2674	ff0c2dc5e4309616d13fa8d2c080ff23c1e6bf11dcd25d8e569530dd692cb84d	sed-full-sequential-semantic-review	2026-08-14T05:29:00Z	c93253a3f907fb7fd93d411c511a98ed378505db	MATCH
packages/client/src/features/chat/components/message-metadata-row.tsx	128	6319	e0f4095b5c2a0711269bc1ab0e6b9fd8cdd0be6c26ce9245b0a8d70320f6a29a	sed-full-sequential-semantic-review	2026-08-14T05:29:00Z	c93253a3f907fb7fd93d411c511a98ed378505db	MATCH
packages/client/src/features/chat/components/message-row-bubble.tsx	93	4161	13c84736641496de6fb39dfc23c9bdaeedba26049d947f194e4a5b0a06c0eab3	sed-full-sequential-semantic-review	2026-08-14T05:29:00Z	c93253a3f907fb7fd93d411c511a98ed378505db	MATCH
packages/client/src/features/chat/components/message-row-parts.tsx	343	14672	7d4c725449dde971ca97372921e81b19a01621d2245214ce305f3e2d7b975159	sed-full-sequential-semantic-review	2026-08-14T05:29:00Z	c93253a3f907fb7fd93d411c511a98ed378505db	MATCH
packages/client/src/features/chat/components/message-row.tsx	323	16176	03ff9dcf2bf634f17999d2f1dde1eb9c8503fa6b6cc101b21b09d5476ef964ca	sed-full-sequential-semantic-review	2026-08-14T05:29:00Z	c93253a3f907fb7fd93d411c511a98ed378505db	MATCH
packages/client/src/features/chat/components/message-selection-bar.tsx	82	3538	380214d0e28435ce75ac352dc0aea02a8f500cb698a31086277d84c07b1229b8	sed-full-sequential-semantic-review	2026-08-14T05:29:00Z	c93253a3f907fb7fd93d411c511a98ed378505db	MATCH
packages/client/src/features/chat/components/message-tool-calls.tsx	56	2695	b5cc9ac219182c54f697a2005fa6dc9f2f1f31e458f2e0d4a382168ba8eda4b6	sed-full-sequential-semantic-review	2026-08-14T05:29:00Z	c93253a3f907fb7fd93d411c511a98ed378505db	MATCH
packages/client/src/features/chat/components/prose-settings-section.tsx	273	14090	ab776074fabc2e78755db3b3dff9abdd91c5e8452d49bf794a5ff9a070422dea	sed-full-sequential-semantic-review	2026-08-14T05:29:00Z	c93253a3f907fb7fd93d411c511a98ed378505db	MATCH
packages/client/src/features/chat/components/reasoning-block.tsx	98	5312	585edcc19c7978e3fb2251fb93619f2ab6ef4407a833b63bf5acef730e7ae7b1	sed-full-sequential-semantic-review	2026-08-14T05:29:00Z	c93253a3f907fb7fd93d411c511a98ed378505db	MATCH
packages/client/src/features/chat/components/rename-chat-dialog.tsx	38	1591	103f0c029738edf52327de23896c947078a1f3bb6367826a229d08ba223e507c	sed-full-sequential-semantic-review	2026-08-14T05:29:00Z	c93253a3f907fb7fd93d411c511a98ed378505db	MATCH
packages/client/src/features/chat/components/rewrite-dialog.tsx	76	4224	be16ff74a24ff7c607c8e55b7bbf31e1298bfc634467892b94a0bdbd891d1067	sed-full-sequential-semantic-review	2026-08-14T05:29:00Z	c93253a3f907fb7fd93d411c511a98ed378505db	MATCH
packages/client/src/features/chat/components/room-overrides-form.tsx	212	11628	f2eb4b1af543d56728c0a81f3a05e4c4b95b3d570cf8ad374e48cbfc12df0d59	sed-full-sequential-semantic-review	2026-08-14T05:29:00Z	c93253a3f907fb7fd93d411c511a98ed378505db	MATCH
packages/client/src/features/chat/components/room-overrides-tab.tsx	88	4633	0dba29f17c534bac303314dd2db6324464a500b769eed8b6270f2df00cbfde81	sed-full-sequential-semantic-review	2026-08-14T05:29:00Z	c93253a3f907fb7fd93d411c511a98ed378505db	MATCH
packages/client/src/features/chat/components/settings-context-tab.tsx	240	13423	f6cfbb4745ff1f3cc2b2ea2e1b94d6846b83ac8d6fcb7f89a7fa06a493cb5337	sed-full-sequential-semantic-review	2026-08-14T05:29:00Z	c93253a3f907fb7fd93d411c511a98ed378505db	MATCH
packages/client/src/features/chat/components/slash-new-chat-mount.tsx	14	623	0d28852a7c636357934f70a483db6c73c37d04dbb3be443627861b252b196398	sed-full-sequential-semantic-review	2026-08-14T05:29:00Z	c93253a3f907fb7fd93d411c511a98ed378505db	MATCH
packages/client/src/features/chat/components/speak-as-select.tsx	95	4447	ad9b7e6cab6f552577756f911b4024a9710bfc8d598f2024b487e0763d9a395d	sed-full-sequential-semantic-review	2026-08-14T05:29:00Z	c93253a3f907fb7fd93d411c511a98ed378505db	MATCH
packages/client/src/features/chat/components/swipe-strip.tsx	112	4659	604f208e849758ae9ea29ae204d102bc62ad247bcbc40a565c30bf7a79b8b22e	sed-full-sequential-semantic-review	2026-08-14T05:29:00Z	c93253a3f907fb7fd93d411c511a98ed378505db	MATCH
packages/client/src/features/chat/components/talkativeness-popover.tsx	102	4448	0c7f65f008fa068d8f92f697175e0357b917793e34d7360abcc47787ef7f06ea	sed-full-sequential-semantic-review	2026-08-14T05:29:00Z	c93253a3f907fb7fd93d411c511a98ed378505db	MATCH
packages/client/src/features/chat/components/tool-recurse-control.tsx	56	3124	0ec54dd4b942a9e9c18ddeeade818928d1e12316767cfa22e5caff2987bbb40d	sed-full-sequential-semantic-review	2026-08-14T05:29:00Z	c93253a3f907fb7fd93d411c511a98ed378505db	MATCH
packages/client/src/features/chat/components/use-rewrite-modal.ts	69	3059	ca776ccccedbe0980f7c558e05099bf63376f0db7fd596511f6f771ad6c1f94f	sed-full-sequential-semantic-review	2026-08-14T05:29:00Z	c93253a3f907fb7fd93d411c511a98ed378505db	MATCH
packages/client/src/features/chat/components/variant-wire-viewer.tsx	175	8703	95d16b3d9d721b913ea8eea83f0fdb62f208a108b63ee45e7238e6400de13799	sed-full-sequential-semantic-review	2026-08-14T05:29:00Z	c93253a3f907fb7fd93d411c511a98ed378505db	MATCH
tests/client/features/chat/components/add-chat-document-dialog.ct.tsx	121	7030	c7bf2c72baee5c56e66c3133b9de63ddf5db0b1c078e7935cd552a87e458616f	sed-full-sequential-semantic-review	2026-08-14T05:29:00Z	c93253a3f907fb7fd93d411c511a98ed378505db	MATCH
tests/client/features/chat/components/appearance-avatars-section.ct.tsx	68	3864	d21a046fe4ca3b818f675e863da2c0d5ecc4d51f449b50f5bc3e6d83709f62d9	sed-full-sequential-semantic-review	2026-08-14T05:29:00Z	c93253a3f907fb7fd93d411c511a98ed378505db	MATCH
tests/client/features/chat/components/appearance-message-details-section.ct.tsx	61	3118	b0ab5a15edd3ccaf9e1b126bf78ec94c26b9f651c3ceb1c006b7a5442be97457	sed-full-sequential-semantic-review	2026-08-14T05:29:00Z	c93253a3f907fb7fd93d411c511a98ed378505db	MATCH
tests/client/features/chat/components/appearance-message-style-section.ct.tsx	107	5827	9e47b70caa7e9d99d911937b5ecd0a279460b4346542814f9ef17aaf562958e9	sed-full-sequential-semantic-review	2026-08-14T05:29:00Z	c93253a3f907fb7fd93d411c511a98ed378505db	MATCH
tests/client/features/chat/components/assembly-preview-panel.ct.tsx	514	24947	1fffa24ac461f5d9e76abb2ef665beb0afaebc69d7c89a8d087b5f6d7ad5beaf	sed-full-sequential-semantic-review	2026-08-14T05:29:00Z	c93253a3f907fb7fd93d411c511a98ed378505db	MATCH
tests/client/features/chat/components/chat-behavior-message-handling-section.ct.tsx	147	7983	3f3f6c9bb764732568eb4d8a11bf1e480e58c90365dcae6634339ed506e364a1	sed-full-sequential-semantic-review	2026-08-14T05:29:00Z	c93253a3f907fb7fd93d411c511a98ed378505db	MATCH
tests/client/features/chat/components/chat-behavior-streaming-section.ct.tsx	67	4344	abfc5a95c78b4df81876ed161bc69c88a62e21b2e97136dfde073c16e783b37e	sed-full-sequential-semantic-review	2026-08-14T05:29:00Z	c93253a3f907fb7fd93d411c511a98ed378505db	MATCH
tests/client/features/chat/components/chat-cast-bar.ct.tsx	100	4583	350442399679810e9c8536cf659010b7252836e896c987b279759acd584c7dfb	sed-full-sequential-semantic-review	2026-08-14T05:29:00Z	c93253a3f907fb7fd93d411c511a98ed378505db	MATCH
tests/client/features/chat/components/chat-documents-section.ct.tsx	191	10877	49a42900304bec633d6c57d1420f3cf79dd1e8ed8bf05953d3cd4c2d74846486	sed-full-sequential-semantic-review	2026-08-14T05:29:00Z	c93253a3f907fb7fd93d411c511a98ed378505db	MATCH
tests/client/features/chat/components/chat-header.ct.tsx	262	13733	ecc1a14f32b49e2254682de6e71a081d9771901bd4ed7a12bc3c43452596a5f1	sed-full-sequential-semantic-review	2026-08-14T05:29:00Z	c93253a3f907fb7fd93d411c511a98ed378505db	MATCH
tests/client/features/chat/components/chat-import-dialog.ct.tsx	83	4310	21492ac53ee29f56bc09421811c55e427bc632f95596d9ed5fd9ce806371b9a2	sed-full-sequential-semantic-review	2026-08-14T05:29:00Z	c93253a3f907fb7fd93d411c511a98ed378505db	MATCH
tests/client/features/chat/components/chat-options-menu.ct.tsx	139	9273	4eac0da2fc6d9f52781a61b1cc29b0994fab8036fa2742546a88807d651a973c	sed-full-sequential-semantic-review	2026-08-14T05:29:00Z	c93253a3f907fb7fd93d411c511a98ed378505db	MATCH
tests/client/features/chat/components/choice-send-provider.ct.tsx	73	4050	33fa4f1019aa0395f0eb51dd6200b8175e31f8f8f28e1f2438cd2f5fa32d112c	sed-full-sequential-semantic-review	2026-08-14T05:29:00Z	c93253a3f907fb7fd93d411c511a98ed378505db	MATCH
tests/client/features/chat/components/compact-summary-peek.ct.tsx	27	1644	81bdc2e84fb025586be4f2ad0dfd9b54b3a6a2f04ca75fe478485e20d01ddf0a	sed-full-sequential-semantic-review	2026-08-14T05:29:00Z	c93253a3f907fb7fd93d411c511a98ed378505db	MATCH
tests/client/features/chat/components/composer-chat-options.ct.tsx	61	4361	21ccc2e1dc4e6782b868c6e84815c891c4e270420fe4c9e56c6798dc74b5bae8	sed-full-sequential-semantic-review	2026-08-14T05:29:00Z	c93253a3f907fb7fd93d411c511a98ed378505db	MATCH
tests/client/features/chat/components/composer-guided-cluster.ct.tsx	578	38051	3ba1be4a6a461d552e4741a2b1bff13b7e2660dd37aae08e7b58b0abd08406da	sed-full-sequential-semantic-review	2026-08-14T05:29:00Z	c93253a3f907fb7fd93d411c511a98ed378505db	MATCH
tests/client/features/chat/components/composer.ct.tsx	595	35371	1538e6a85554b74c5296a3a2f2e00591f3241fd974feeac376e6aeae7be4aa39	sed-full-sequential-semantic-review	2026-08-14T05:29:00Z	c93253a3f907fb7fd93d411c511a98ed378505db	MATCH
tests/client/features/chat/components/databank-settings-section.ct.tsx	70	3863	da6d01ae3cb199784a3336fc32a4e73d5c805727995ab9f717fcafd7dbf058ae	sed-full-sequential-semantic-review	2026-08-14T05:29:00Z	c93253a3f907fb7fd93d411c511a98ed378505db	MATCH
tests/client/features/chat/components/draft-context-tabs.ct.tsx	98	6413	1f898b95754658b80830ed1edbe2a8d0af8c4f6ffcdae19ff594d8933a6fc2bf	sed-full-sequential-semantic-review	2026-08-14T05:29:00Z	c93253a3f907fb7fd93d411c511a98ed378505db	MATCH
tests/client/features/chat/components/ghost-message-row.ct.tsx	207	12749	e44fb2808442776a6a4b5bee553906781944392efc65badf5958593a017ce5cf	sed-full-sequential-semantic-review	2026-08-14T05:29:00Z	c93253a3f907fb7fd93d411c511a98ed378505db	MATCH
tests/client/features/chat/components/greeting-swipe-strip.ct.tsx	70	4286	ec4cfcdd08313f5cc1ff1e962d0aa14666d68eff2ef4adb1b2dd7bfe6a103b6b	sed-full-sequential-semantic-review	2026-08-14T05:29:00Z	c93253a3f907fb7fd93d411c511a98ed378505db	MATCH
tests/client/features/chat/components/group-config-form.ct.tsx	88	5649	9d05228098fe8e0603458d1d7d9bd72fc71a998df28490729a41ff3c9a12936f	sed-full-sequential-semantic-review	2026-08-14T05:29:00Z	c93253a3f907fb7fd93d411c511a98ed378505db	MATCH
tests/client/features/chat/components/home-quick-picks-tile-body.ct.tsx	95	4529	17d5cdf98af2f4cce7cffb508f9acc95f5956157ed74e30abad0aa787332bc28	sed-full-sequential-semantic-review	2026-08-14T05:29:00Z	c93253a3f907fb7fd93d411c511a98ed378505db	MATCH
tests/client/features/chat/components/home-recents-tile-body.ct.tsx	92	5210	04eb13567ccc4c5135cfe38fa278c88812e7db20ea29a669d1397c3f12ef1dc8	sed-full-sequential-semantic-review	2026-08-14T05:29:00Z	c93253a3f907fb7fd93d411c511a98ed378505db	MATCH
tests/client/features/chat/components/home-temp-chat-tile-body.ct.tsx	77	4215	15a4761cab60a71ed50432e4f5cb46f84f6a8d284aa5ecee85a39402a2cbfd7d	sed-full-sequential-semantic-review	2026-08-14T05:29:00Z	c93253a3f907fb7fd93d411c511a98ed378505db	MATCH
tests/client/features/chat/components/imagery-templates-section.ct.tsx	118	6905	ec7b2d28a26530f8f378e4f89d49ac987d9ca2310a228a61883dd0c422e2777e	sed-full-sequential-semantic-review	2026-08-14T05:29:00Z	c93253a3f907fb7fd93d411c511a98ed378505db	MATCH
tests/client/features/chat/components/injections-manager.ct.tsx	177	8765	16cb338ec1c53029a6b5b44807e33a687725a2606f6c2b9abee8441aa2f54723	sed-full-sequential-semantic-review	2026-08-14T05:29:00Z	c93253a3f907fb7fd93d411c511a98ed378505db	MATCH
tests/client/features/chat/components/invite-dialog.ct.tsx	142	6160	c1bacd9303ddd326794db743e37ca65d3e87998f20b740c55d9d5fa996324944	sed-full-sequential-semantic-review	2026-08-14T05:29:00Z	c93253a3f907fb7fd93d411c511a98ed378505db	MATCH
tests/client/features/chat/components/jump-to-latest-pill.ct.tsx	180	9516	cc64e84e849bcbb4f54dabb301bcee4210b47d7ed43776b6e1d264955f2157d2	sed-full-sequential-semantic-review	2026-08-14T05:29:00Z	c93253a3f907fb7fd93d411c511a98ed378505db	MATCH
tests/client/features/chat/components/macro-picks-section.ct.tsx	283	14329	423fef154df4c82fc08e2f5e927f289e6f5328fa2546bd58769568fc5e91da58	sed-full-sequential-semantic-review	2026-08-14T05:29:00Z	c93253a3f907fb7fd93d411c511a98ed378505db	MATCH
tests/client/features/chat/components/member-card-viewer.ct.tsx	153	7544	5893b041db174360a57cbe61505ed95440d62f699a518cbe5f07106ff897915d	sed-full-sequential-semantic-review	2026-08-14T05:29:00Z	c93253a3f907fb7fd93d411c511a98ed378505db	MATCH
tests/client/features/chat/components/members-panel.ct.tsx	370	20621	ef4de4f760917ce08f7a61885f00ce5d06b0ba5b00aa91dc562f25be13cd1817	sed-full-sequential-semantic-review	2026-08-14T05:29:00Z	c93253a3f907fb7fd93d411c511a98ed378505db	MATCH
tests/client/features/chat/components/memory-settings-section.ct.tsx	86	4553	5f905841ae534f87c46ed311c026e19f351bd15d626145158482c09bb7d2ab5d	sed-full-sequential-semantic-review	2026-08-14T05:29:00Z	c93253a3f907fb7fd93d411c511a98ed378505db	MATCH
tests/client/features/chat/components/message-actions-row.ct.tsx	256	13305	706dd1c18d5750c341bb10eb8646227996543f4db1b7cdf7790e427d3388a03f	sed-full-sequential-semantic-review	2026-08-14T05:29:00Z	c93253a3f907fb7fd93d411c511a98ed378505db	MATCH
tests/client/features/chat/components/message-content.ct.tsx	412	27647	c02db585ca30855809fc18e387ed6273546516cc620f4582762e813a75d8af5e	sed-full-sequential-semantic-review	2026-08-14T05:29:00Z	c93253a3f907fb7fd93d411c511a98ed378505db	MATCH
tests/client/features/chat/components/message-cost-readout.ct.tsx	51	3215	8d0223c690bb1284470c42e52d0eebb801a0e2d47f6314095118d1fcda3540d1	sed-full-sequential-semantic-review	2026-08-14T05:29:00Z	c93253a3f907fb7fd93d411c511a98ed378505db	MATCH
tests/client/features/chat/components/message-edit-textarea.ct.tsx	106	5426	6914e1b32663872785afa70210b2bf282418382348a1d16da60b022f9df078f8	sed-full-sequential-semantic-review	2026-08-14T05:29:00Z	c93253a3f907fb7fd93d411c511a98ed378505db	MATCH
tests/client/features/chat/components/message-media-block.ct.tsx	28	1580	251c247e1246ecf9fadcd5af612f22863d2551556d5802c2b7a0f6d988a24de2	sed-full-sequential-semantic-review	2026-08-14T05:29:00Z	c93253a3f907fb7fd93d411c511a98ed378505db	MATCH
tests/client/features/chat/components/message-metadata-row.ct.tsx	71	4402	8f8859e6d86c6b84534c6f65b02bd6109a247572b76ff89bb2138afd5a7ce345	sed-full-sequential-semantic-review	2026-08-14T05:29:00Z	c93253a3f907fb7fd93d411c511a98ed378505db	MATCH
tests/client/features/chat/components/message-row.ct.tsx	996	62342	4eb4b930298fa9a51089f2e027e8f7b5c5a0944ca0b4d11bfa2e52d464fc91c2	sed-full-sequential-semantic-review	2026-08-14T05:29:00Z	c93253a3f907fb7fd93d411c511a98ed378505db	MATCH
tests/client/features/chat/components/message-selection-bar.ct.tsx	92	4587	26d4b8f5c9b245462fe91ba237cdb14468dbf849bd16715adb01123313744f80	sed-full-sequential-semantic-review	2026-08-14T05:29:00Z	c93253a3f907fb7fd93d411c511a98ed378505db	MATCH
tests/client/features/chat/components/message-tool-calls.ct.tsx	84	4721	5f1a6557d685360ae2b1116394bd96075f3c298bf62d3be61a894d0e0c52e283	sed-full-sequential-semantic-review	2026-08-14T05:29:00Z	c93253a3f907fb7fd93d411c511a98ed378505db	MATCH
tests/client/features/chat/components/prose-settings-section.ct.tsx	217	14009	a270afd899fa73182f0f8ca861a5b5a97476a16cd7971fa02301c0bcb6d3baee	sed-full-sequential-semantic-review	2026-08-14T05:29:00Z	c93253a3f907fb7fd93d411c511a98ed378505db	MATCH
tests/client/features/chat/components/reasoning-block.ct.tsx	96	5569	b6c57d602ee8d02dc7bc56357ec3fc7a737b4ce7bba3ead10de1465b3e09262c	sed-full-sequential-semantic-review	2026-08-14T05:29:00Z	c93253a3f907fb7fd93d411c511a98ed378505db	MATCH
tests/client/features/chat/components/rewrite-dialog.ct.tsx	61	3890	3b2fd0bc79b9c81768e77a5967d37ee259cf79f4529e60fe64e21152da1757e1	sed-full-sequential-semantic-review	2026-08-14T05:29:00Z	c93253a3f907fb7fd93d411c511a98ed378505db	MATCH
tests/client/features/chat/components/room-overrides-form.ct.tsx	74	5119	a43ce07f9a542a3c9306d77050abaf7569298d4224dc7ee93528920aedf59948	sed-full-sequential-semantic-review	2026-08-14T05:29:00Z	c93253a3f907fb7fd93d411c511a98ed378505db	MATCH
tests/client/features/chat/components/settings-context-tab.ct.tsx	449	25703	aab6956a96319bb06e3c6e4ef298bb81c13f98e96b9aeecd05eb3cb12a7d14ee	sed-full-sequential-semantic-review	2026-08-14T05:29:00Z	c93253a3f907fb7fd93d411c511a98ed378505db	MATCH
tests/client/features/chat/components/speak-as-select.ct.tsx	84	4027	7036ede08a68967810c684a1ab5b73bc15ec1aa5b51bd102a1af9dc5a6f53ab2	sed-full-sequential-semantic-review	2026-08-14T05:29:00Z	c93253a3f907fb7fd93d411c511a98ed378505db	MATCH
tests/client/features/chat/components/swipe-strip.ct.tsx	198	9713	0683d94cd9bafdd577e170958f99816064fb4fe62d100f0ec9dfdbf3245bf685	sed-full-sequential-semantic-review	2026-08-14T05:29:00Z	c93253a3f907fb7fd93d411c511a98ed378505db	MATCH
tests/client/features/chat/components/variant-wire-viewer.ct.tsx	151	8888	0f4628cb3e14eb768e27597ada78a5eaa4417982e881bd487ae7b20f9b6b804a	sed-full-sequential-semantic-review	2026-08-14T05:29:00Z	c93253a3f907fb7fd93d411c511a98ed378505db	MATCH
