# Read receipt: current working-tree bytes, read 2026-08-14; assignment snapshot 41e18afe74afa570b67a3e670a1a38863c486a00
# kind	lines	bytes	sha256	path
OWNED	144	6287	48a4357a41fbc196d896811619caee3f2545216a70b6b48118f1fce9fe687cbe	packages/ui/package.json
OWNED	166	7747	b253e22c22327664bb9eaf5722f630423ad861e1cdfd439063cd002166119346	packages/ui/src/content/immersive-card/immersive-card.tsx
OWNED	2	146	311269de5325691e9a9f2d8189af302ffa2f67c8184d0fdfb89b4230c45b49fa	packages/ui/src/content/immersive-card/index.ts
OWNED	75	4228	a1ac92419c69edc0a850daca8cdda0741302e9c51371263a01da04e0be55d60f	packages/ui/src/content/immersive-card/inert-card.tsx
OWNED	40	2330	991341999257627aef108ffa8886203376065826736359653051fe952cd1b6cc	packages/ui/src/content/immersive-card/variants.ts
OWNED	1	63	244755487d55998ca7c57f9d843509fe43c5aa96a6fc232526105be2fb48d951	packages/ui/src/content/lightbox/index.ts
OWNED	32	1414	c0cc6a61daaf3c5ff18d0a72c6daf079636f0815b9e6ad682aced8a1f7db89c0	packages/ui/src/content/lightbox/lightbox.tsx
OWNED	1	94	09d8b55c1d8aff6d8024295f7a019fd0443fca4cc0791841ce693d1dc38d30a4	packages/ui/src/content/message-media/index.ts
OWNED	123	5022	5d25c0913b2c7ecec6905bb6344e3ee67e7f5a723f727004483a7387a7cf637c	packages/ui/src/content/message-media/message-media.tsx
OWNED	2	159	35ff00f75def537331c6f39219bdc5297778d3568a73a0633b0f870608268bc3	packages/ui/src/content/sandbox-frame/index.ts
OWNED	100	4898	78b402f5b569704f43f7b82bba7f7ff7cb6b143d3c4897dc61517dcb9cc242d4	packages/ui/src/content/sandbox-frame/sandbox-frame.tsx
OWNED	44	2961	b5b39a4826525559149a1323e67e82673dce1a4c7f36b86f957085555e2c296d	packages/ui/src/content/sandbox-frame/srcdoc.ts
OWNED	111	4663	c92a977f9fa42cd3da8f4edcefe529ebc271008af003d21bae4fa0e3655fa35f	packages/ui/src/content/sandbox-frame/use-sandbox-theme.ts
OWNED	283	14249	8f89d0a47366e604324e586ece5e00353e970a6cfc538cce9f738556eff191e4	packages/ui/src/content/theme-scope/clamp.ts
OWNED	11	287	84e1792f9a1de2e24d4ab1000414166b13bbeafa4dbdde6709913d51d1e833e7	packages/ui/src/content/theme-scope/index.ts
OWNED	26	1413	ea62049113800f87a3498f64c8ea10ebf3a86dafbe851c3ad13a0f7a7eeb3017	packages/ui/src/content/theme-scope/theme-scope.tsx
OWNED	6	527	6ac1ae6de01963316a8743052f36f01f1a0ed1e551c6dc3a630ea690baaa0223	packages/ui/src/markdown/css-modules.d.ts
OWNED	112	5574	8d4644e6f207a1204e07f16d63dea24c2203dd36e6ba6c26a54f3ccf1f6416d1	packages/ui/src/markdown/dialogue-paragraph.tsx
OWNED	137	5614	a17d6598285b7ac6aaa19133a069005244fefcb8f5575f89cae9c0a038d59fcd	packages/ui/src/markdown/dialogue.ts
OWNED	2	160	1c26f71dad771ef4ae169a639e35d1731ad11aa349f804b6104c5de1a8b31ee0	packages/ui/src/markdown/index.ts
OWNED	172	10261	d7dd67c60b71e7945a1be403d9f5af8ba99cb654f2b18fb4da68b9e09805e4d8	packages/ui/src/markdown/markdown.tsx
OWNED	19	946	f1936f46ae7abec75c83d83372dd3e0c3590491a8cf9a08f6274ca9da2f6444e	packages/ui/src/markdown/math.ts
OWNED	38	1870	98072fd24857e8757e07544a443238b6f8f4786db0e1a1b67c623fb4be2c94d2	packages/ui/src/markdown/mermaid.tsx
OWNED	120	4488	4f0b0fb2750d825e44c2610293c49ee84681d1f85855e85ae71fe728468c88f9	packages/ui/src/markdown/policy.ts
OWNED	229	8999	2961e3bbe8ca23b2a77c0bffbd2ec583e04f2b403ffb8f6d071fc02174481179	packages/ui/src/markdown/reveal-plugin.ts
OWNED	179	8238	61e97e53bf971302c00edf628a510ce6161822f6988c7cfeec0c39261664b18c	packages/ui/src/markdown/shiki-plugin.ts
OWNED	17	996	f5f439a8e76019c3ec284422a405ac75b0cbe11029203de58fcb4365cd2a29d5	packages/ui/src/stream/index.ts
OWNED	20	890	26361fcb25e02d227f313cc87fc1ac026a7a5681a49ca78e3ca30ed2c63d8d71	packages/ui/src/stream/shimmer.tsx
OWNED	59	2478	d62ba2d822a61ea67ef87cf3954ff2bd9568edcfc56d8ec86555670833cce13f	packages/ui/src/stream/snap.ts
OWNED	42	2016	3217a47f1b365e6e7621b5bcd98bb6e34ef9b866a3d7bf84cc83c9c4a50f4f90	packages/ui/src/stream/stream-text.tsx
OWNED	25	1556	52af4a091f783a293fd7b03a7da0b8f9835e7900f4868f6983613e3dd325847f	packages/ui/src/stream/typing-dots.tsx
OWNED	108	4868	46ac5e6e7a355850d629e414b4f9ea9944a56638e02d2d61afc41193f238f63e	packages/ui/src/stream/use-smooth-text.ts
OWNED	728	32504	3976c8b870cfa2cc62a4eaa26a8da2b136f3859d8617497450164626b989f1ce	packages/ui/src/styles/globals.css
OWNED	256	10084	1f44f05b0c634d03db711f1a5ff07b749a5f08c91c26c97f8d6fa01816c9b7da	packages/ui/src/styles/theme.css
OWNED	121	7252	0aa6140deebb1f9dcadadd62d4fa52331e217b20962b0992bcc87a37a07d82f4	packages/ui/src/styles/tiers.css
OWNED	180	14402	0d6fc0b02dae2367c2211c273f059df3a06954521a1348ea54740601142adad4	packages/ui/src/tokens/index.ts
OWNED	82	4127	101a88a523649ee994625ab2aa7b2ec2f6cc7fb43b02475f36ce8b2b63c052bb	packages/ui/src/tokens/themes.gen.ts
OWNED	39	2514	55f3d3103e83c2319428e69abf2812e23707a81e62cce6afe05e6ad0a90ca6dc	packages/ui/src/tokens/themes/light.json
OWNED	39	2748	c43cb457e1b09149e55fa694a8692d62b7a60826bd9483326ad725f432943e56	packages/ui/src/tokens/themes/mocha.json
OWNED	662	47719	eae60d8c99aceb48b6a3e9343a09bac6d94dd309b7e0cb6cd4ac02b97fa65338	packages/ui/src/tokens/tokens.json
OWNED	293	14061	395cfff6c3dd87b43068a22e5cacc085a672613e27a1da6c7bd8c2787403ba9f	packages/ui/tokens.build.ts
OWNED	162	8445	18b0d7413687cf744560111d1dd6a190291876be66f6e0261e9a16c660dd69b4	packages/ui/tokens.near-duplicate.ts
OWNED	37	2357	b596d58f71cb289def91b30338d48f1fc5d9c43f90482a2d6b943c5d6e6ae8ff	packages/ui/tsconfig.json
OWNED	81	5072	d602be78f902d4965ecd5614ff8fdc03f0c31bc8f49a49e126255593f75c23c1	tests/ui/content/immersive-card/immersive-card.ct.tsx
OWNED	48	2733	e5af6bbd45b4a7671420384c5ed68e18e77248dae7c9784e8cf8b508da677436	tests/ui/content/lightbox/lightbox.ct.tsx
OWNED	19	819	c9cb53d3b08c9b1f39e9a7d68ec29e3a1194dfdf4ae38ad952fd578f1221055d	tests/ui/content/lightbox/lightbox.fixtures.tsx
OWNED	52	3369	262b62ca45ef57bfb7dbfacdc1f1fe3751f87ab2974c1729751830dce5fdbde8	tests/ui/content/message-media/message-media.ct.tsx
OWNED	117	6413	bf5a106d1f7d0f2603a0302bfd58a4815332147eac3c6c621104e607752a3900	tests/ui/content/sandbox-frame/sandbox-frame.ct.tsx
OWNED	177	10563	ea7d3a12646fae7e0236ae83b03b9aaa8a923598bb0264e615b9b5f3219ff036	tests/ui/content/theme-scope/clamp.test.ts
OWNED	47	2564	3aa3accaafdcee0eb6275fb411304a43b9ccc53584315f0a5129b6a705501527	tests/ui/content/theme-scope/emit-surface.suite.test.ts
OWNED	23	1205	ec7464196846b6171f71d2bd1dff0596bf3df3730900a62bf2bb9b21c2315f63	tests/ui/content/theme-scope/float-theming.fixtures.tsx
OWNED	275	16544	f7d366428b7ccdb8677d73c2a33f94231c10896fc53cd3b2a1ee3def6353fa8d	tests/ui/content/theme-scope/palette-contrast.suite.test.ts
OWNED	256	13238	8009897055d533d96e79562d64ddd0635ff1032db5ce1a6e0a184f7e50f45368	tests/ui/content/theme-scope/theme-scope.ct.tsx
OWNED	136	8521	f576d03077f03b413c6f6b147d65c65ac6d0fb8ba623b769f3aba01e2eddef5c	tests/ui/content/theme-scope/token-classification.suite.test.ts
OWNED	493	24808	261b3a547446b5fe51d8ace389b3d52c362c42446c34f440c626efb8f7e64f61	tests/ui/density-tier.suite.ct.tsx
OWNED	100	4618	024dfe82da2912ceb9d2560e18da5acfe60bec02b74bfd4104e096362b2527b4	tests/ui/markdown/dialogue.test.ts
OWNED	452	23048	0eee5e84404ea76ae742db61eaaaf86f3d86b376f682e5c621729210d1f9d18a	tests/ui/markdown/markdown.ct.tsx
OWNED	161	9087	10d7df40bf11463774417709eb5dc0b68637e7ccfeb77f7ec047376da39be778	tests/ui/markdown/policy.test.ts
OWNED	134	5367	0808903fa01aa0b471c3902ac5c61ea9debf99013a295070a74d93dc2a3901c0	tests/ui/markdown/reveal-plugin.test.ts
OWNED	111	5926	a5428395a5736891ba73aa2302f9eb5bdd868373048ca3277f56077d63ae191d	tests/ui/markdown/shiki-plugin.test.ts
OWNED	64	3530	5717ab27c3fc1ae97a0a84872f05a319f269dfef76a11028a791ad455d857512	tests/ui/stream/snap.test.ts
OWNED	60	3435	25fb628e68dd6b9c6350b4bdf816e607628aa9212cd8f4ecee89b8850c09464f	tests/ui/stream/stream-text.ct.tsx
OWNED	216	12799	caacf59bcef0f2c2b80e75860917b98d954a7a42999ce043afbc386cf3af5bbe	tests/ui/styles/css-structure.suite.test.ts
OWNED	30	2011	2065c32ab4c72f8c87f55ab36e0d3d2cf02f7a5777b638e16e026197509bf9a6	tests/ui/tokens/index.ct.tsx
OWNED	183	9281	298ce2c4682940a8bd39806bac298d92034b3f3bbbfe98609d7a2eb4bc89f46d	tests/ui/tokens/index.test.ts
OWNED	82	5130	855708c2dbc651e21577c1c3ae9d5941befa0cab6a0a177e36eae47b612c83a7	tests/ui/tokens/near-duplicate.suite.test.ts
OWNED	118	6370	2f6103a2b63f41eeb9a6084f4b6ee5201e9fab437f73e47297ed05b5d294177a	tests/ui/tokens/theme-emit-pairing.suite.test.ts
OWNED	258	14609	611db0f8a6506d5625e7c0c3ce8716378902e9326f341c7db50f142791329587	tests/ui/touch-target-floor.suite.ct.tsx
