kind	assigned_lines	actual_lines	assigned_bytes	actual_bytes	assigned_sha256	actual_sha256	path
OWNED	233	233	17901	17901	90824878da1beeb1813698e2b886cc46f8d28c6a6ea3cd0f261c2b5e1a2fdf4f	90824878da1beeb1813698e2b886cc46f8d28c6a6ea3cd0f261c2b5e1a2fdf4f	docs/reviews/misc/2026-07-25-buried-knobs-audit-wip.md
OWNED	54	54	4426	4426	5b784134c66c75492fbef9cf95f41e4cd8c7e7bc9551d732006d82dfddcf73bd	5b784134c66c75492fbef9cf95f41e4cd8c7e7bc9551d732006d82dfddcf73bd	docs/reviews/misc/2026-08-01-st-impersonate-anatomy.md
OWNED	388	388	40543	40543	8c9771827d3c9d45d3d5e96a8b82ae3f2e040f18f6259a942c725fdf63a54cdd	8c9771827d3c9d45d3d5e96a8b82ae3f2e040f18f6259a942c725fdf63a54cdd	docs/reviews/misc/2026-08-03-archive-rescue-audit.md
OWNED	261	261	26539	26539	a13cbc126a14be0bafb27b64f27c4c33ea51f2b04ec65a1cfadb9c716a8069ea	a13cbc126a14be0bafb27b64f27c4c33ea51f2b04ec65a1cfadb9c716a8069ea	docs/reviews/misc/2026-08-03-export-rot-dispositions.md
OWNED	77	77	6013	6013	792859b20707c9fdae6b8b5a68f13ebe9955d5f805f7024a44da0e5f64c3e8e4	792859b20707c9fdae6b8b5a68f13ebe9955d5f805f7024a44da0e5f64c3e8e4	docs/reviews/misc/2026-08-03-registry-map.md
OWNED	566	566	41114	41114	4f844a4f1d70ee2881297e8ae527706a9d79ff44deb69a4f159b64d962105851	4f844a4f1d70ee2881297e8ae527706a9d79ff44deb69a4f159b64d962105851	docs/reviews/misc/2026-08-08-import-fidelity-audit.md
OWNED	340	340	28153	28153	d5eb1cd87ebe6f36e066f988a607be43e274a57706b05a659eb7e0b5cfaaa6ca	d5eb1cd87ebe6f36e066f988a607be43e274a57706b05a659eb7e0b5cfaaa6ca	docs/reviews/misc/2026-08-08-task-7-12-gap-rederivation.md
OWNED	687	687	75848	75848	c6cf176ead74dedcaca53bbf6cd24a646204acf9939f6e8fd33d0a4b9a41493a	c6cf176ead74dedcaca53bbf6cd24a646204acf9939f6e8fd33d0a4b9a41493a	docs/reviews/misc/2026-08-09-api-surface-classification.md
OWNED	76	76	4970	4970	77161df9294ad0bd617006068b9c6db6a83af29426c0672f32ca446dc550f2af	77161df9294ad0bd617006068b9c6db6a83af29426c0672f32ca446dc550f2af	docs/reviews/misc/2026-08-09-openrouter-structured-output-probe.md
OWNED	139	139	11059	11059	2aa461eda365c42fd800779e5ae75a1456cae8c056c8de1d325dffabb30daad8	2aa461eda365c42fd800779e5ae75a1456cae8c056c8de1d325dffabb30daad8	docs/reviews/misc/2026-08-09-package-report-cards-worklist.md
OWNED	183	183	15649	15649	069fa9451b9dad9afeec069aa17ae5f9b77598de0859b7068165057027491d9b	069fa9451b9dad9afeec069aa17ae5f9b77598de0859b7068165057027491d9b	docs/reviews/misc/2026-08-09-refinery-live-e2e.md
OWNED	196	196	13416	13416	623c79023abebcc93dc703318cc1d559facef9c5683f5e99578c0c0ebf377896	623c79023abebcc93dc703318cc1d559facef9c5683f5e99578c0c0ebf377896	docs/reviews/misc/2026-08-14-global-agents-proposed.md
OWNED	262	262	21018	21018	a5fc7978b119f97fff3d6a379a253976cd1df79612d6d8f6cdc462525b7aa88a	a5fc7978b119f97fff3d6a379a253976cd1df79612d6d8f6cdc462525b7aa88a	docs/reviews/misc/marinara-engine-parser-macro-audit.md
OWNED	383	383	27738	27738	d81fd7d6360e97a10eca40ecbed375b0a12f4817bd403628573c2f7654e60310	d81fd7d6360e97a10eca40ecbed375b0a12f4817bd403628573c2f7654e60310	docs/reviews/misc/marinara-st-extension-lite-mode.md
