kind	logical_lines	bytes	sha256	path
OWNED	614	43937	b82aa098e074d26f1d2f3ddb4b28ad1b3d5420e0e07a0ce913b8619196549414	docs/design/mocks/panel-redesign/DESIGN.md
OWNED	4755	495821	fc7f73d842bb7f3be93a8683c549d7878d90372d70605b5f7360e0712cdfbe1d	docs/design/mocks/panel-redesign/all-tabs.html
OWNED	418	35905	1fdf298e574e76a1fec4a171f1f4fb419354e068c305762911eb09c92ad56131	docs/design/mocks/panel-redesign/features.html
OWNED	581	56928	b3026f6f49be5520feac88dbba24978ae278ffcaced2ebdcd5541ba7d6f019d3	docs/design/mocks/panel-redesign/game.html
OWNED	717	71114	9c2810843825a21a34b2ddcd8c7d19b8a82205f9504bc6112110707a5144f51f	docs/design/mocks/panel-redesign/header-band.html
OWNED	350	30195	0727d111ea070f088b1542ee23d82db15afdc3a6944be13ed48d0e078a65c6fc	docs/design/mocks/panel-redesign/index.html
OWNED	541	50752	7476a50418b7da2f3611b6ff35ee3b8dbd3bf7366d6ece0342d1079176808644	docs/design/mocks/panel-redesign/injections.html
OWNED	541	52839	f8704173253088cf4d4b320c19f6b9aba5b0c1ea702b3f4c3fd9393c4f6796dd	docs/design/mocks/panel-redesign/inventory.html
OWNED	547	52167	3e4992694230da7811454195080ef8644e460c9fee88e8cabd032155536c67a6	docs/design/mocks/panel-redesign/journal.html
OWNED	693	69642	aebe6d5297b364c92f69f74afd4627f0b14d3b5cd39ddf4c89f178af5c25705d	docs/design/mocks/panel-redesign/map.html
OWNED	597	53470	07280d52b11e8a5d3bb3caf8e741fbe6bfc82afc1c30f0c8deceeeec8b45be9c	docs/design/mocks/panel-redesign/members.html
OWNED	523	53468	786b1c8abf9edeb4e244a004160024cee15e6cdd87ba58d5d184f2512773d2cc	docs/design/mocks/panel-redesign/preview.html
OWNED	595	57673	e770c63e3b6bad8ac6b64e0d47ea5a4bd812bf2f33b02e784984c64274cce25a	docs/design/mocks/panel-redesign/quests.html
OWNED	625	56920	f30e5ae57c8b6170f8d937315abdb1cda1b81d6f72726169926bce1916bca189	docs/design/mocks/panel-redesign/scene.html
OWNED	563	49975	e21180158ea9d887eabf0077135059de87dc86d7189fd389976a71834ccde217	docs/design/mocks/panel-redesign/settings.html
OWNED	591	54031	3a839421048cb7d0e9474a08d77f06b77ef531be3e73bba41e301cc017b15ceb	docs/design/mocks/panel-redesign/sheet.html
OWNED	683	58739	c8af811dcf57f0f22cbffbd35e0493fe86210801da2329dcbe3a51e5c268d6f6	docs/design/mocks/panel-redesign/status.html
OWNED	380	25639	8c2bd7ff26f58aea021c3fcfb0df648a71c187f6b58106df1847108e803e775f	docs/design/mocks/panel-redesign/this-chat-overrides.html
