path	lines	bytes	sha256	read_method	read_utc
packages/client/src/features/preset/anchors/preset-library-anchor.tsx	21	914	99ad00df0a1ceb7671ad116f08deea7965055df1fb8c21d4ccfddc5faf0a15b5	full-text-sed-n-1-dollar-p	2026-08-13T23:44:00-06:00
packages/client/src/features/preset/components/actions-view.tsx	354	17729	cf72f437c544f03fe8225d0c6cdf79fb35abba3fb8f6fd6fce21e7b2ae0b8b6c	full-text-sed-n-1-dollar-p	2026-08-13T23:44:00-06:00
packages/client/src/features/preset/components/assembly-toolbar.tsx	56	2446	6006b69d6a4379a95ef290c119ea7356b0f4ea47dee7317b60e440b57bf8e9f2	full-text-sed-n-1-dollar-p	2026-08-13T23:44:00-06:00
packages/client/src/features/preset/components/capability-gate.tsx	108	7098	e2881ee29f42b128a14304de8ea4800390f643bd7ba5e603ad31851a25ff52a5	full-text-sed-n-1-dollar-p	2026-08-13T23:44:00-06:00
packages/client/src/features/preset/components/delivery-cluster.tsx	146	8058	400092ab63ff8acf38d990a34401a0e29c064b976afe50d6e1f751922f035769	full-text-sed-n-1-dollar-p	2026-08-13T23:44:00-06:00
packages/client/src/features/preset/components/knob-row.tsx	233	11260	8722359603bdf0d4654f7ca08611b95bd3f17a01e3bbc62fc68004ae6b57613a	full-text-sed-n-1-dollar-p	2026-08-13T23:44:00-06:00
packages/client/src/features/preset/components/macro-browser.tsx	119	5012	c96ec85f849663d611c17d4315e81340702e1ef05c4330ada55a6731d87ec908	full-text-sed-n-1-dollar-p	2026-08-13T23:44:00-06:00
packages/client/src/features/preset/components/macro-text.tsx	77	4975	d2e492ff3cdd5d38cd75f45f1afe1983d94b70cb98a1030f2f20978dd612f909	full-text-sed-n-1-dollar-p	2026-08-13T23:44:00-06:00
packages/client/src/features/preset/components/message-handling-section.tsx	107	5234	3b1667c8b52d24b455c06064136a811a8757b2a825731eda7e874dda31e61053	full-text-sed-n-1-dollar-p	2026-08-13T23:44:00-06:00
packages/client/src/features/preset/components/params-deck.tsx	380	18713	22b10b82c71d0443460764048b36b1242488127ec5c1748352e3c04f885d99ac	full-text-sed-n-1-dollar-p	2026-08-13T23:44:00-06:00
packages/client/src/features/preset/components/params-limits.tsx	371	18306	5294b23733c9da03dc8ed32ae0fc2efb684440ca03a5c2cb5836a18410827012	full-text-sed-n-1-dollar-p	2026-08-13T23:44:00-06:00
packages/client/src/features/preset/components/preset-content.tsx	20	1078	005f514394104cacf6542bc4ff3f92dae2b1f29b55b99ed8bc528b9819e267bf	full-text-sed-n-1-dollar-p	2026-08-13T23:44:00-06:00
packages/client/src/features/preset/components/preset-fork-choice-dialog.tsx	109	4696	2b95b7b4f64d520cc19239583e12b506f3aa1c196b9501b514173e7a36441bf0	full-text-sed-n-1-dollar-p	2026-08-13T23:44:00-06:00
packages/client/src/features/preset/components/preset-import-dialog.tsx	207	9736	1c5b613ee06e4627b30233dbcee28a4041a36c537236ad817571a57a5b3ba6e8	full-text-sed-n-1-dollar-p	2026-08-13T23:44:00-06:00
packages/client/src/features/preset/components/preset-library-row.tsx	185	10687	fb4e890d04ed3d85601841bb9fa94ce7e1f4779aaaf98fbf30fa680575199917	full-text-sed-n-1-dollar-p	2026-08-13T23:44:00-06:00
packages/client/src/features/preset/components/preset-library-welcome.tsx	29	1843	f0b3c09986332a91cca1bcbbbc699ab1885183604963618f1fb84496264135f6	full-text-sed-n-1-dollar-p	2026-08-13T23:44:00-06:00
packages/client/src/features/preset/components/preset-list-header.tsx	100	5248	e41057d4b2e29a9bd404fa5cbbc76a31498b51949a4d229fc6e65a65eafd7dc1	full-text-sed-n-1-dollar-p	2026-08-13T23:44:00-06:00
packages/client/src/features/preset/components/preset-macro-suggestions.tsx	30	1770	bc0c0f9612b4e2723645cb5ffbc8613d29a43372e15f61cd96a87856a056e568	full-text-sed-n-1-dollar-p	2026-08-13T23:44:00-06:00
packages/client/src/features/preset/components/preset-rename-dialog.tsx	68	2359	415af91594c11f96306c611539e510ce2c14be8f1c6371b6ade6c04901df3d97	full-text-sed-n-1-dollar-p	2026-08-13T23:44:00-06:00
packages/client/src/features/preset/components/preset-structure-tabs.tsx	251	13905	cad199287f0aca010514eca7159156d532240bb889bda6fbe8d91e3732278eb2	full-text-sed-n-1-dollar-p	2026-08-13T23:44:00-06:00
packages/client/src/features/preset/components/prompt-assembly/assembly-preview.tsx	177	7319	b8eb7f6da4d3908470e3ef9a2693aa3383a68c645477a302a4b17534567782f4	full-text-sed-n-1-dollar-p	2026-08-13T23:44:00-06:00
packages/client/src/features/preset/components/prompt-assembly/assembly-rack.tsx	154	7531	b983344ee56e7b12bdd7a0376f7b702cedd7de444d9e51ad8339908f6abcfa70	full-text-sed-n-1-dollar-p	2026-08-13T23:44:00-06:00
packages/client/src/features/preset/components/prompt-assembly/derive-zones.ts	76	3433	d5e0ba331aaaa4d5c4331286dd758e5e320f739d0f986e4e3bec504e86fe9c63	full-text-sed-n-1-dollar-p	2026-08-13T23:44:00-06:00
packages/client/src/features/preset/components/prompt-assembly/estimate-tokens.ts	32	1705	0b63923d09eb73ad4ec0a7d91ab0de32151d613da1075e2fe7eee102a97f6a95	full-text-sed-n-1-dollar-p	2026-08-13T23:44:00-06:00
packages/client/src/features/preset/components/prompt-assembly/marker-copy.ts	190	10514	4a3a38c90a86f1abd7d103134dc66808251447b436ed3703693febe24d22108a	full-text-sed-n-1-dollar-p	2026-08-13T23:44:00-06:00
packages/client/src/features/preset/components/prompt-assembly/pivot-band.tsx	68	3621	784c592a071a106912c9fd0e9b0653405f31812050ac94125c9f4edd93088a6d	full-text-sed-n-1-dollar-p	2026-08-13T23:44:00-06:00
packages/client/src/features/preset/components/prompt-assembly/preview-model.ts	169	7960	fdef88743406fbd621bf33e213bd486fb55926c78465c6f058c613ccbb83770a	full-text-sed-n-1-dollar-p	2026-08-13T23:44:00-06:00
packages/client/src/features/preset/components/prompt-assembly/reorder-move.ts	24	1411	811a4845d939104b06956163a21a5531514500c8a5067286062acbbfb0f2cbe3	full-text-sed-n-1-dollar-p	2026-08-13T23:44:00-06:00
packages/client/src/features/preset/components/prompt-assembly/section-body.tsx	194	10060	534dad65717c00547d097a6562d383dc119d36d2be1a0accc3bb30fadc37ae09	full-text-sed-n-1-dollar-p	2026-08-13T23:44:00-06:00
packages/client/src/features/preset/components/prompt-assembly/section-drill-in.tsx	433	23715	e665189681517b5c20b7b8d162959b3dc3ac7e9af658f747261ab732b6427ee3	full-text-sed-n-1-dollar-p	2026-08-13T23:44:00-06:00
packages/client/src/features/preset/components/prompt-assembly/section-row.tsx	204	11389	2b3e282861cba7d5e449d2c40bcdf145acddab1d2f48659aabb073f21777a73b	full-text-sed-n-1-dollar-p	2026-08-13T23:44:00-06:00
packages/client/src/features/preset/components/readout/actions-readout.tsx	219	13389	15c993e1ff3cbe037482f64450dadc33bd3d886260bcfa61a475a647e27708af	full-text-sed-n-1-dollar-p	2026-08-13T23:44:00-06:00
packages/client/src/features/preset/components/readout/data-readout.tsx	77	3126	f91e41a2aea6cdc602f17440a12120f71ea1307af436b37bd46c71f6a0ae804e	full-text-sed-n-1-dollar-p	2026-08-13T23:44:00-06:00
packages/client/src/features/preset/components/readout/preset-readout-header.tsx	42	2408	2f59bbd17d1efaa8b084be64613c989605993fee18e219eddd661d8b8a3e8947	full-text-sed-n-1-dollar-p	2026-08-13T23:44:00-06:00
packages/client/src/features/preset/components/readout/preset-readout.tsx	235	12782	56caac1dc889d5b8423bd2ce90dbb986907a01f68ae5cb2674398bad1c9600ef	full-text-sed-n-1-dollar-p	2026-08-13T23:44:00-06:00
packages/client/src/features/preset/components/readout/prompt-readout.tsx	353	17721	e1ae6ef4b5c0e77cbca1e8c194b4ce532a84197098c281abd4a059370f11f297	full-text-sed-n-1-dollar-p	2026-08-13T23:44:00-06:00
packages/client/src/features/preset/components/readout/readout-binding.tsx	57	2546	44ff89a131219bae5d6ca4c8281b27c6ce631ecf16bc46cf93233137fd915281	full-text-sed-n-1-dollar-p	2026-08-13T23:44:00-06:00
packages/client/src/features/preset/components/readout/readout-parts.tsx	215	11124	b6e4503172954ac14d72aa6e5c476b1b1dd3e1079ebdfdbe04f21723fbd7e5c8	full-text-sed-n-1-dollar-p	2026-08-13T23:44:00-06:00
packages/client/src/features/preset/components/readout/transforms-readout.tsx	181	9210	797dd214689428ddbaf6b8b84ac92adfe932b2f7d27c080276008da183175b63	full-text-sed-n-1-dollar-p	2026-08-13T23:44:00-06:00
packages/client/src/features/preset/components/regex-tab.tsx	74	4514	767eb7c9ce5a771808e93a289ed1a23653264c02db4e96979cdc447995c9ce84	full-text-sed-n-1-dollar-p	2026-08-13T23:44:00-06:00
packages/client/src/features/preset/components/template-drill-in.tsx	404	22534	b8f02c556ae8262eef9aacde5209b2b69798433fe52de1b95e7c06cfbfed5721	full-text-sed-n-1-dollar-p	2026-08-13T23:44:00-06:00
packages/client/src/features/preset/components/user-macros-tab.tsx	92	4614	6a4acec229056e89b6ff9000407b3d0574ec9aa6dd922fc6d37630cec569afa8	full-text-sed-n-1-dollar-p	2026-08-13T23:44:00-06:00
packages/client/src/features/preset/components/variable-editor-dialog.tsx	123	5454	837de6bba2a60cb553ae93ddd1754f87fa0535ef2711f5ff7574e789a00dd843	full-text-sed-n-1-dollar-p	2026-08-13T23:44:00-06:00
packages/client/src/features/preset/components/variables-tab.tsx	62	2817	838cd03675beafa85c80abd4352e83faf560fb986fd0c5b81ce6aac1efc2326f	full-text-sed-n-1-dollar-p	2026-08-13T23:44:00-06:00
packages/client/src/features/preset/hooks/use-preset-autosave.ts	169	9657	9c29c22f2ba9b13473ce2377c2d4f71a0f6a9cd82d7ea4a21b51d6115c565067	full-text-sed-n-1-dollar-p	2026-08-13T23:44:00-06:00
packages/client/src/features/preset/hooks/use-preset-mutations.ts	71	4736	a8fdf9c113b116c870c9bfbfe024eef5111f580022a29d12a83f7e6a0ed07ed7	full-text-sed-n-1-dollar-p	2026-08-13T23:44:00-06:00
packages/client/src/features/preset/hooks/use-readout-binding.ts	60	3842	bf7e86acdf1c03b696e541a071b6b18dcecaf99c273ffe100bd80ddc726739eb	full-text-sed-n-1-dollar-p	2026-08-13T23:44:00-06:00
packages/client/src/features/preset/index.ts	13	1009	a8c0ed59bb0763f78b8716593c5806e78c85aac8306c33ccd6d78d45f938c8a1	full-text-sed-n-1-dollar-p	2026-08-13T23:44:00-06:00
packages/client/src/features/preset/lib/assembly-model.ts	205	10477	3056656ec2d27605bd38360df6ca1d18fac33832b5289e7288f9e5d9a45fe006	full-text-sed-n-1-dollar-p	2026-08-13T23:44:00-06:00
packages/client/src/features/preset/lib/capability-panel-model.ts	263	11896	773150256166013f84e3776264573c155601aa10e8678f618d6a19d9776fc49d	full-text-sed-n-1-dollar-p	2026-08-13T23:44:00-06:00
packages/client/src/features/preset/lib/effective-knobs.ts	222	12401	4cef9d0f814fc6266ec0ea208705657494ca1c7b15ffa1098cd467324e5582ae	full-text-sed-n-1-dollar-p	2026-08-13T23:44:00-06:00
packages/client/src/features/preset/lib/format-count.ts	58	3702	1552242e42ee3452ef40224afc2bca5d7896d3272ed2955900d352897a766f7e	full-text-sed-n-1-dollar-p	2026-08-13T23:44:00-06:00
packages/client/src/features/preset/lib/preset-editor-model.ts	161	9254	cf29809e96c2782c021472746c4536e1c286caa324f49654152162d5efb9eb4e	full-text-sed-n-1-dollar-p	2026-08-13T23:44:00-06:00
packages/client/src/features/preset/lib/preset-fork-choice.ts	44	2260	03ce146557f6c1b3d45a4de26957450418c078b0ea560e263d87f7b4b567bec3	full-text-sed-n-1-dollar-p	2026-08-13T23:44:00-06:00
packages/client/src/features/preset/lib/preset-nav.ts	122	7343	c944710212d2e1a9a31295072d53238b06c38183414645c519c0783d3e85f197	full-text-sed-n-1-dollar-p	2026-08-13T23:44:00-06:00
packages/client/src/features/preset/lib/preset-row-view.ts	20	1652	58692815cc6ef3404f49a43e7575fbc15c2c1850eb6f78002dbfba42ea395e19	full-text-sed-n-1-dollar-p	2026-08-13T23:44:00-06:00
packages/client/src/features/preset/lib/preset-selection-title.ts	13	665	5f8a4802c8e8737b9b0e6569b1757c1c44807b5bcd411b33083060afa4e59144	full-text-sed-n-1-dollar-p	2026-08-13T23:44:00-06:00
packages/client/src/features/preset/lib/presets-section.tsx	50	3198	38a8a8f625aa0b85e52df16dbb236b60b0cd74a08ec976590d31b91356127523	full-text-sed-n-1-dollar-p	2026-08-13T23:44:00-06:00
packages/client/src/features/preset/lib/reference-scan.ts	112	5570	fea2a9c252fbea9daf4514bb040da00cd8dce24b5d1f47cadfe5f463c31322b3	full-text-sed-n-1-dollar-p	2026-08-13T23:44:00-06:00
packages/client/src/features/preset/lib/resolve-failure.ts	108	6904	b30bbd0c07363c67fa7933a1ade5e547e57cf845ad758590c671303174dea617	full-text-sed-n-1-dollar-p	2026-08-13T23:44:00-06:00
packages/client/src/features/preset/lib/template-rows.ts	302	18135	4f21d007e0f8d50725c3b1bc6c4a8e1e43a6856503bdc83af4e08aac479d234f	full-text-sed-n-1-dollar-p	2026-08-13T23:44:00-06:00
packages/client/src/features/preset/surfaces/preset-editor-surface.tsx	450	26512	8c243d1ac0356a0593cb683c86a888196b48a78e330d69dea5059d8cb877180d	full-text-sed-n-1-dollar-p	2026-08-13T23:44:00-06:00
packages/client/src/features/preset/surfaces/preset-library-surface.tsx	192	9049	e4c81d774a71dbdce60500fd08aa0b059baac2708bd44edaf70adcf1a86a3a6a	full-text-sed-n-1-dollar-p	2026-08-13T23:44:00-06:00
packages/client/src/features/refinery/anchors/refinery-list-anchor.tsx	13	518	d2b89d5beb2cc7028f2edc6ba6e8b87f2fed57247df59813b7f0aa8f2ebae343	full-text-sed-n-1-dollar-p	2026-08-13T23:44:00-06:00
packages/client/src/features/refinery/components/accept-review.tsx	116	5522	bd278c74f94c0506cb3dafdca3c7295415f39c4711f04911991f0d080c56990f	full-text-sed-n-1-dollar-p	2026-08-13T23:44:00-06:00
packages/client/src/features/refinery/components/apply-outcome.tsx	112	5274	da64d84ca8396bede569529f30e58282dcfdc69fdbf5aed008d8f28f7f6d9ef9	full-text-sed-n-1-dollar-p	2026-08-13T23:44:00-06:00
packages/client/src/features/refinery/components/apply-row.tsx	94	3870	be70a841839d828e8d0076875cd859462e90b81948c436df8ab9ca0fb06393e9	full-text-sed-n-1-dollar-p	2026-08-13T23:44:00-06:00
packages/client/src/features/refinery/components/character-door.tsx	62	2924	dd5bae41d7dd95e3e812f3f1edc822b65a4db9a4ab54eb79d4249271e7fd644c	full-text-sed-n-1-dollar-p	2026-08-13T23:44:00-06:00
packages/client/src/features/refinery/components/context-tabs.tsx	320	15038	a5a37eeaff591897f53bd8b2fd726d464ec2c13833c9c9014686f7c6632b9cb6	full-text-sed-n-1-dollar-p	2026-08-13T23:44:00-06:00
packages/client/src/features/refinery/components/manual-rewrite-dialog.tsx	105	4691	e15da2a01cb0cf0b29390a94d86271b2ae036c0038eb3ac687c1032e8c2aa857	full-text-sed-n-1-dollar-p	2026-08-13T23:44:00-06:00
packages/client/src/features/refinery/components/payload-view.tsx	422	20805	504e0be53e1502736cbbce358b5962e731ad8c07cefb1a5dbe5910a869f3dcfd	full-text-sed-n-1-dollar-p	2026-08-13T23:44:00-06:00
packages/client/src/features/refinery/components/refinery-chip.tsx	32	1518	1838ecc6ec8c948789ec2115f9f70cd048b4e04afb21881d7d89eb9e019366e7	full-text-sed-n-1-dollar-p	2026-08-13T23:44:00-06:00
packages/client/src/features/refinery/components/refinery-context-tabs.tsx	150	7330	05c2698822925328d5d995906b7a43a211ec6fd9e3d23e8484a08fd10933638f	full-text-sed-n-1-dollar-p	2026-08-13T23:44:00-06:00
packages/client/src/features/refinery/components/run-controls-card.tsx	163	7995	c6f3a4f440390c4b258725563541260adac8e658bdc0ea65bc053f5ebb3dca44	full-text-sed-n-1-dollar-p	2026-08-13T23:44:00-06:00
packages/client/src/features/refinery/components/schema-editor-dialog.tsx	448	21315	a07b87155c98ebf590c746d3486d5a094ccc1c33bd7037238d3b24eb7aca284a	full-text-sed-n-1-dollar-p	2026-08-13T23:44:00-06:00
packages/client/src/features/refinery/components/scope-editor-dialog.tsx	245	9689	7c1047270dadf95d33b5162f586f3fe3cf1635b54363f5b31e8cb6e85cf9bda8	full-text-sed-n-1-dollar-p	2026-08-13T23:44:00-06:00
packages/client/src/features/refinery/components/stage-pane.tsx	104	5204	ef9b21f1c5496fcd5d6e152003b3aeb064e5a079c1a620fc7e871cc04b6d766d	full-text-sed-n-1-dollar-p	2026-08-13T23:44:00-06:00
packages/client/src/features/refinery/components/stage-stepper.tsx	151	8475	fd1518b0f13246208b0c155cac3bcd5d06fd9f6732466cb6da9e6a5020592247	full-text-sed-n-1-dollar-p	2026-08-13T23:44:00-06:00
packages/client/src/features/refinery/components/teaching-state.tsx	114	6397	061467f6f7fc52895d9e60de112bce32f7cfc20b546bbabdaec9a085202d4df6	full-text-sed-n-1-dollar-p	2026-08-13T23:44:00-06:00
packages/client/src/features/refinery/hooks/use-count-up.ts	128	7935	48755141baf506a661ec2e74bf76f98d009e32024bb1d13994f45ea172d1e338	full-text-sed-n-1-dollar-p	2026-08-13T23:44:00-06:00
packages/client/src/features/refinery/hooks/use-refinery-mutations.ts	232	16050	32dc915dd2cc0c91f0dafd0f5f08f9ae8b79c0059272ed62e021f02e33c5d40a	full-text-sed-n-1-dollar-p	2026-08-13T23:44:00-06:00
packages/client/src/features/refinery/hooks/use-refinery-schemas.ts	79	4549	220a336e9afbd4fa1b26a0f146f14889d3db645f382348afbda407d4ba3004ad	full-text-sed-n-1-dollar-p	2026-08-13T23:44:00-06:00
packages/client/src/features/refinery/hooks/use-refinery-sessions.ts	58	3975	45e4beb2ca82df350e26a4e7470b9b5a062d19334c04a522f86b9369263f500d	full-text-sed-n-1-dollar-p	2026-08-13T23:44:00-06:00
packages/client/src/features/refinery/index.ts	49	2756	e3a92bedfed1bae48a0c723ae3791124f83bac13161837fadbae322d0c4815e7	full-text-sed-n-1-dollar-p	2026-08-13T23:44:00-06:00
packages/client/src/features/refinery/lib/builtin-hints.ts	46	2270	969e96244965f2b8a0e8cc57111b8d0c21827794ff911595d22d2062e0d87fe9	full-text-sed-n-1-dollar-p	2026-08-13T23:44:00-06:00
packages/client/src/features/refinery/lib/reason-copy.ts	79	4992	ac0e02c060f738c1a8b34f8447fe8eff9b14f03b3695814b1c66585674d17366	full-text-sed-n-1-dollar-p	2026-08-13T23:44:00-06:00
packages/client/src/features/refinery/lib/refinery-section.tsx	92	4636	4352c567a3977f4f4f306e013e00f8faef9e8c813b9218c73521c05d427a37e0	full-text-sed-n-1-dollar-p	2026-08-13T23:44:00-06:00
packages/client/src/features/refinery/lib/render-plan.ts	321	14518	7e67659b37ce001432b0d31e0a3878583ec9e8830057d55f3d2238af005376c9	full-text-sed-n-1-dollar-p	2026-08-13T23:44:00-06:00
packages/client/src/features/refinery/lib/review-entries.ts	80	3947	3601598afbae48fe2aa748270475713bd5ae5cd04c225aa6bc8dc1bd618193b0	full-text-sed-n-1-dollar-p	2026-08-13T23:44:00-06:00
packages/client/src/features/refinery/lib/run-views.ts	35	1912	6327b41dc6f34baa42124c621b8eb621779e86206ee01819c15b3a8439f0c53d	full-text-sed-n-1-dollar-p	2026-08-13T23:44:00-06:00
packages/client/src/features/refinery/surfaces/refinery-content-surface.tsx	448	20701	a5f538c82d79048f30d93d36cd36a117d9e1b4af04a930b292a580001ca6dbb0	full-text-sed-n-1-dollar-p	2026-08-13T23:44:00-06:00
packages/client/src/features/refinery/surfaces/refinery-list-surface.tsx	215	11469	f5023d9fe7837c556bc67ad1d1b95cb76ce81d180a924e775608440e2c2b6e17	full-text-sed-n-1-dollar-p	2026-08-13T23:44:00-06:00
tests/client/features/preset/components/_actions-stories.tsx	108	5374	674dda3aa1fa19e5f7a95dd3298da9274fd0598245dcbcd630840a7ec0cb7556	full-text-sed-n-1-dollar-p	2026-08-13T23:44:00-06:00
tests/client/features/preset/components/_add-flow-stories.tsx	114	5450	2bfafad39f04b163ca8df0650cbdb74d4cf58a40f7d73058b7416b1d6e642c7d	full-text-sed-n-1-dollar-p	2026-08-13T23:44:00-06:00
tests/client/features/preset/components/_macro-completion-stories.tsx	77	3756	f5d297f8166707bebf6ee78cbf557f1844d01e0f853ff05fbeea4c3e7148e0b9	full-text-sed-n-1-dollar-p	2026-08-13T23:44:00-06:00
tests/client/features/preset/components/_params-deck-stories.tsx	203	10404	32a8f6d62217b4c3848413327d5bdc26252a6fab53c0d3f966c03dd68d76de12	full-text-sed-n-1-dollar-p	2026-08-13T23:44:00-06:00
tests/client/features/preset/components/_regex-tab-stories.tsx	39	1745	df0df56e40ae697c0c208d15ff2b5ab73f1e130994c1934c314c4ef91ce68bd3	full-text-sed-n-1-dollar-p	2026-08-13T23:44:00-06:00
tests/client/features/preset/components/actions-view.ct.tsx	545	35735	4b13f3e0d7050cf135a4ebc2ffbab44264443329e0ea51c3decbf2d2f5e788b4	full-text-sed-n-1-dollar-p	2026-08-13T23:44:00-06:00
tests/client/features/preset/components/macro-text.ct.tsx	106	6144	6f91b709a75f6f1956c95a83a3df51e9ac6be31833d71783ae491061f87bccb9	full-text-sed-n-1-dollar-p	2026-08-13T23:44:00-06:00
tests/client/features/preset/components/params-deck.ct.tsx	469	30467	ce20099df0cd72ccc5383af18435d69272e45942f4c426d02732aec8267d0a7e	full-text-sed-n-1-dollar-p	2026-08-13T23:44:00-06:00
tests/client/features/preset/components/preset-macro-suggestions.ct.tsx	65	3762	bd2a5e4e899726b6b6ab218ff93d32529ce565483189399e0114876832dfb9ce	full-text-sed-n-1-dollar-p	2026-08-13T23:44:00-06:00
tests/client/features/preset/components/prompt-assembly/_rack-stories.tsx	165	9322	e7f64ed19128ff6953c2c2acb4e4e2cc9b7ea7d37ac84e7fac455b795b77be9d	full-text-sed-n-1-dollar-p	2026-08-13T23:44:00-06:00
tests/client/features/preset/components/prompt-assembly/derive-zones.int.test.ts	76	3908	d4792a319bf7f57d1fff2659125eb61c02619eb35d435fba92be836a4a318e43	full-text-sed-n-1-dollar-p	2026-08-13T23:44:00-06:00
tests/client/features/preset/components/prompt-assembly/estimate-tokens.int.test.ts	59	2075	b62b91f52bcc8f2e41490743ead45db420c248310184bb99d29d0c4096a3cd0b	full-text-sed-n-1-dollar-p	2026-08-13T23:44:00-06:00
tests/client/features/preset/components/prompt-assembly/marker-copy.int.test.ts	41	2387	3f7472f6448bdcb0bb7298c56e6ac47a63696d6ce3d7eb063875b48b883d5bcc	full-text-sed-n-1-dollar-p	2026-08-13T23:44:00-06:00
tests/client/features/preset/components/prompt-assembly/preview-model.int.test.ts	118	5316	8e543e9d45c8d52cebd76cd0d0b5dcc0edcfb026b9c3cae6b696a7c499c325fa	full-text-sed-n-1-dollar-p	2026-08-13T23:44:00-06:00
tests/client/features/preset/components/prompt-assembly/reorder-move.int.test.ts	51	2287	63955779749b0b560b9b8c5d96886cf018ed7bbd9838afdbeb4e7065dc2fa97d	full-text-sed-n-1-dollar-p	2026-08-13T23:44:00-06:00
tests/client/features/preset/components/prompt-assembly/section-drill-in.ct.tsx	474	29428	35782ae90fc7417d112a53159fb5c1ae97694eeb3e5d07c5e96a65cf5467ed14	full-text-sed-n-1-dollar-p	2026-08-13T23:44:00-06:00
tests/client/features/preset/components/readout/_readout-stories.tsx	344	15104	06e9bf191376873a5fe57eaa7d9a1024ebb24193b24a648335d31e23ea9440d6	full-text-sed-n-1-dollar-p	2026-08-13T23:44:00-06:00
tests/client/features/preset/components/readout/actions-readout.ct.tsx	129	7656	ac30b596839962d7261339375c498736ea7cf4d1a863cbef8141b7f59beba62a	full-text-sed-n-1-dollar-p	2026-08-13T23:44:00-06:00
tests/client/features/preset/components/readout/prompt-readout.ct.tsx	91	5316	36147380cffee707d5e77d254b064817ddde7bc6fe644cb7fc326d795cb6aede	full-text-sed-n-1-dollar-p	2026-08-13T23:44:00-06:00
tests/client/features/preset/components/readout/readout-binding.ct.tsx	267	15223	fd30ce94a1ec6e860f31aa32417fb7e89c59120e59528b3511d57ab4326e376b	full-text-sed-n-1-dollar-p	2026-08-13T23:44:00-06:00
tests/client/features/preset/components/readout/readout-parts.ct.tsx	265	17397	d9e74e557c1afae0c3bc99fa08c4b1a39272e5f2fbef5ec078a43dadfd7a799f	full-text-sed-n-1-dollar-p	2026-08-13T23:44:00-06:00
tests/client/features/preset/components/readout/transforms-readout.ct.tsx	103	6719	bb8a0f753966d9cf0451c46497a049bd8db4ac979709b857935ba7b9dc9d5053	full-text-sed-n-1-dollar-p	2026-08-13T23:44:00-06:00
tests/client/features/preset/components/regex-tab.ct.tsx	78	4366	b68f7ff758d55b3edef2c2407bc49329b66e53bf7dff61de641346481eaf7ced	full-text-sed-n-1-dollar-p	2026-08-13T23:44:00-06:00
tests/client/features/preset/components/user-macros-tab.ct.tsx	43	2575	f5b3e2bca04969de690c640448c10152c58a74a87c81678a02fd462e3be13740	full-text-sed-n-1-dollar-p	2026-08-13T23:44:00-06:00
tests/client/features/preset/components/variables-tab.ct.tsx	33	2057	ae228c890b8aa29afbe7fd0bbdaef964e9d9c7bfd7b04bbf781d40a43ff18972	full-text-sed-n-1-dollar-p	2026-08-13T23:44:00-06:00
tests/client/features/preset/lib/assembly-model.test.ts	133	5051	7bc39c6a69d5f406600b7d4a7e2a6f9948c972961bf60fae734af0f3c57b8d58	full-text-sed-n-1-dollar-p	2026-08-13T23:44:00-06:00
tests/client/features/preset/lib/capability-panel-model.test.ts	129	6545	3d2df8b7a7ab290ae738ee8b18b0227108f6ed645f34734fdf5f0b10179c3d20	full-text-sed-n-1-dollar-p	2026-08-13T23:44:00-06:00
tests/client/features/preset/lib/preset-editor-model.test.ts	235	12850	b378aab34024029dadb707fa85865d80be4677ed662d293ddc2c2252dd9b0b65	full-text-sed-n-1-dollar-p	2026-08-13T23:44:00-06:00
tests/client/features/preset/lib/preset-fork-choice.test.ts	48	2576	c64eb5dfd78b8462a0852b6bbd639e6af12815c43e6ec0cd4a3a8a5867e46b3f	full-text-sed-n-1-dollar-p	2026-08-13T23:44:00-06:00
tests/client/features/preset/lib/preset-row-view.test.ts	25	1599	feedfbff4f2e8175fa9009fa8a5b50d801ae62a5fa754d4ca870981422662c52	full-text-sed-n-1-dollar-p	2026-08-13T23:44:00-06:00
tests/client/features/preset/lib/reference-scan.test.ts	81	4390	3c615a03311fc1bc5217428e3fbb1d31550053d48b260dec06534cb8d6703437	full-text-sed-n-1-dollar-p	2026-08-13T23:44:00-06:00
tests/client/features/preset/lib/template-rows.test.ts	89	4962	1ca51700e253caf13791fbee96b69dff051b54a668675b7ed249f53134819d1b	full-text-sed-n-1-dollar-p	2026-08-13T23:44:00-06:00
tests/client/features/preset/surfaces/_ct-stories.tsx	140	6599	d4312a823bd823e614bd329e7058cee58edf2e0ff399f7021d9e44c554293964	full-text-sed-n-1-dollar-p	2026-08-13T23:44:00-06:00
tests/client/features/preset/surfaces/preset-editor-surface.ct.tsx	1175	71587	735c64ff4f2adb15af3eebd7f8fec1b5ad93b2c0a7d649328a5e3532bfcfd615	full-text-sed-n-1-dollar-p	2026-08-13T23:44:00-06:00
tests/client/features/preset/surfaces/preset-library-surface.ct.tsx	670	40377	2ccaed292cf0eba489cad36bd7b8b673dfbc71c85b74d986e94e800a80c41c72	full-text-sed-n-1-dollar-p	2026-08-13T23:44:00-06:00
tests/client/features/refinery/_ct-stories.tsx	378	17258	89436e32f07762fe83cf2a87ba01ac04fc5bde6ce28c57a02567f598ec0fb968	full-text-sed-n-1-dollar-p	2026-08-13T23:44:00-06:00
tests/client/features/refinery/components/accept-review.ct.tsx	125	8020	61b6dd07c86884fc626b0f690338edbc83a01e2f2d18de6d2bb69e08b6e03079	full-text-sed-n-1-dollar-p	2026-08-13T23:44:00-06:00
tests/client/features/refinery/components/payload-view.ct.tsx	215	12200	46541a630628db7a78e07357ba8f18f3bcf0fdc9357183848b39652f3818d86d	full-text-sed-n-1-dollar-p	2026-08-13T23:44:00-06:00
tests/client/features/refinery/components/run-controls-card.ct.tsx	51	2563	1c6b27d716be37d71829177ee1733184c09052e29b856ec322f1f5ce02da5c46	full-text-sed-n-1-dollar-p	2026-08-13T23:44:00-06:00
tests/client/features/refinery/components/schema-editor-dialog.ct.tsx	197	11264	a4ea4c3762f848454b424c0ba074d5f28c91299cf07b7da695b497fbb5b5ce4f	full-text-sed-n-1-dollar-p	2026-08-13T23:44:00-06:00
tests/client/features/refinery/components/stage-stepper.ct.tsx	89	5039	27d611700ba8400628cf1ec324123c5c0272a955c483aa19c3ca8414f97b92a6	full-text-sed-n-1-dollar-p	2026-08-13T23:44:00-06:00
tests/client/features/refinery/components/teaching-state.ct.tsx	99	6236	a1ce0d10f2394faf708f1a64fa12b5d7b54cd49593eec35d9d56727244425f6d	full-text-sed-n-1-dollar-p	2026-08-13T23:44:00-06:00
tests/client/features/refinery/fixtures.ts	49	2276	63735b72c254baafadbb0c761eeaf62a26cbbc8109f43fd07ca5c390d62fad88	full-text-sed-n-1-dollar-p	2026-08-13T23:44:00-06:00
tests/client/features/refinery/hooks/use-refinery-mutations.ct.tsx	176	10365	0b57b3fbc385732d4049b09959ae18822184c2035626a3a85df0d550a0691d62	full-text-sed-n-1-dollar-p	2026-08-13T23:44:00-06:00
tests/client/features/refinery/lib/render-plan.test.ts	160	7853	a2732f5a7085f7c8841847114bfd12d330be84ab538d803bc6aa02b5c4205e57	full-text-sed-n-1-dollar-p	2026-08-13T23:44:00-06:00
tests/client/features/refinery/surfaces/refinery-list-surface.ct.tsx	147	7729	97a706c5b85fd60897479fb5c8f4f8c0e877bb416a030d8afc2483d70c583314	full-text-sed-n-1-dollar-p	2026-08-13T23:44:00-06:00
