kind	lines	bytes	sha256	path	current_snapshot
OWNED	508	37807	3daf4d512efab5f3b830c78835c3b493a71930eb7c77cbd5ccba6643b5f2be6f	scripts/check/gates/query-freshness-coverage.ts	match
OWNED	150	7208	d807ae4afe9abe78aadecbb0090286ee66eb4b0859a0354f74df6e8aa89f9cdc	scripts/check/gates/query-machine-seals.ts	match
OWNED	86	4178	8a870b1f81fc6d1d0c573f1f62946204127f78b101f6626a5a225c7e7a8abe5e	scripts/check/gates/registry-assembly-at-door-only.ts	match
OWNED	86	4533	7ecf5849121faa8389716c6792394428ec92d54ef441dd095110eae08fdcfec8	scripts/check/gates/registry-context-via-mint.ts	match
OWNED	208	11534	56b4ffc0bd3fc032c9f7646b9a79835f7aeb1d0379d09132f6b65783f053d190	scripts/check/gates/render-error-via-battery.ts	match
OWNED	77	5157	a54269ddc5d5c427d589e057bcfcf2c4f2f1bac690f66e0bb1311f5fd369cdb9	scripts/check/gates/rpg-bus-coverage.ts	match
OWNED	348	13851	286cb72f3d824d573928126a420945c7d89526e8c7754e7a037fcdd036445c47	scripts/check/gates/schema-banned-shapes.ts	match
OWNED	183	7645	4a3f7a0c0d624ed320382374322cf3a6b615ecc5402f23a56cc48e6542d73f9e	scripts/check/gates/schema-branding.ts	match
OWNED	167	9459	23cba13982882f4ba000ff669ad3a6e577694b02d63d33edffe46931d3613809	scripts/check/gates/scrubber-home.ts	match
OWNED	290	15253	a6858c7d39978b6e8531f8739afad21bd9be783e0aca884131dd61be17b595b1	scripts/check/gates/section-factory-contribution-bundle.ts	match
OWNED	290	14004	f2f4c3c0dfa04a356bf1f2656ee4719f9d9373288f7e9409eee21413329e2a98	scripts/check/gates/section-registry-completeness.ts	match
OWNED	147	8274	45abd936043f38e3553bd47ccc3242409ca4098b99c9ec94c0bea2c90f735e98	scripts/check/gates/selection-store-via-factory.ts	match
OWNED	136	6690	9e12feb6cb73b2ae06db4d5b071e3be619191efa31db860eebfc51e2c594f40e	scripts/check/gates/serde-core-seal.ts	match
OWNED	111	5808	dcfd123d46cd05fe26dfce22f43baa930a4f5bca24e334755037dd0a03534b39	scripts/check/gates/server-layout.ts	match
OWNED	270	14471	ebdbd3f58870e68d03f88933f1737f64fb914e676131aa49eb65cb2b4d1c8c05	scripts/check/gates/settings-pane-completeness.ts	match
OWNED	111	6680	65aa3c7e7d6c6ea10f6708ba1dfbae99193084d8edb21b23caed6ebe733e8425	scripts/check/gates/settings-section-anchored.ts	match
OWNED	163	9383	dd7ea4c10498995ad3f8f70208ba564c48ee4725d079e25a8720465497b67563	scripts/check/gates/single-stream-transport.ts	match
OWNED	161	8257	d0d75e1958a1617687833ee6a659d3344b9776e0da1a8270b90480bf2b14a2c9	scripts/check/gates/sole-env-reader.ts	match
OWNED	235	10449	2f2921d3efe93f5a77a4c53961befcfe245f8a28c5838d32f15883f81e466cfb	scripts/check/gates/state-files.ts	match
OWNED	193	12139	cc21dcf9d4c958903515d512643f2eb0fd55137487cc5f4e982db48a3b04585d	scripts/check/gates/suppressions.baseline.json	match
OWNED	185	10058	53f3b89c976c73b74acd9722cd51e32065a95d1c613e7a1be6b80220c5e261cb	scripts/check/gates/suppressions.ts	match
OWNED	92	3650	1d91c4a311c4d87d1a05c19dc5e38103d1e92b27ba87459b35baf4b791bfdf9f	scripts/check/gates/surface-a11y-focus.ts	match
OWNED	150	7304	3a8c888f031f70ccdf1de30e7b1c2490355336deeed38e324ebf7389b261df58	scripts/check/gates/surface-in-a-container.ts	match
OWNED	112	5589	01e675975a30f8240fe0981a58a33ae5d6a868b6c23d859210349b0bded042e1	scripts/check/gates/table-explicit-primary-key.ts	match
OWNED	485	29838	1dacd62d0dae548f9e2f478f7180ba2682d7d3366ce858e6f845214ce08fb84a	scripts/check/gates/table-scoping-class.ts	match
OWNED	129	5249	e58505b3da3bf8a754357651ee419923d30cc24a7b46672c85b34c35d15005a1	scripts/check/gates/test-determinism.ts	match
OWNED	76	2980	f3bfe75a0bfb259987a62b6aa486809ae033beb7c3218c51b227b1a63b0e0816	scripts/check/gates/test-factory-contract.ts	match
OWNED	70	3214	2f940438827c1b3cd11616a7f9e56c30659dad7606f316b607a61d89e96aee8d	scripts/check/gates/test-fixture-imports.ts	match
OWNED	153	6711	db9ea1c6b863c865caf31f16b3f48f73f5afffbf972531af8fdaefb01b445a41	scripts/check/gates/test-layout.ts	match
OWNED	77	2864	51ec0e5f4750b9da175c0a1938b394c865796185ebde02633bd55587cf635fcd	scripts/check/gates/test-mock-doctrine.ts	match
OWNED	55	2286	a15d56b57e2185c9ef44a22e13ba497972aa51759e2d34759b8c8bb1525ec732	scripts/check/gates/test-no-stubs.ts	match
OWNED	325	16087	f4f1cf879cc00bd18e790899ae23b20f4d7232014e0d8f0e2886ce1198b1de73	scripts/check/gates/test-presence-client.ts	match
OWNED	218	10384	1d77ab19b58079c448c6fde40022990b3b7f1519342417d4da30e1ac927c25ee	scripts/check/gates/test-presence.ts	match
OWNED	66	2615	8901b373bd132bd979464ab6dd9ceefc49060c3469b1e9c5fe91e53551ff6b4f	scripts/check/gates/testid-typed-only.ts	match
OWNED	98	4841	980a416f2b69e8440ffde11a09c54b5d2e8ed3be573777756c1469ed6785840c	scripts/check/gates/theme-override-only-via-scope.ts	match
OWNED	188	9090	67439d3de2b0e7020405c24b70fbc567423a962ad38c9d88899eb6a92eecf616	scripts/check/gates/tsconfig-routing-parity.ts	match
OWNED	67	3681	dc040155cb0444062a42742b4a662b0c56c9c3416193d85eadd40322c257791e	scripts/check/gates/turn-identity.ts	match
OWNED	303	17388	50f59af93fbdf6e6d054a3edd2182f89405136741a465d13ceb176012700d925	scripts/check/gates/two-class-role-authority.ts	match
OWNED	51	2237	d0b65a98c4df72a096c2b9ff56e75aa00f8cec3658dc5e42a0d8a2d84b417d5d	scripts/check/gates/types-in-contract.ts	match
OWNED	179	8963	c03312b8c315a0c12ae5d3271bdcbdb9e0d85855a5b0d5b18ce92fcd7a97eb05	scripts/check/gates/ui-accname-survives-spread.ts	match
OWNED	555	26759	456623df4aefe7abebe5c891af1bb2845c062dc4323f47122628c97d234beea4	scripts/check/gates/ui-primitive-structure.ts	match
OWNED	369	21842	e86efaebd5ee651befb4b4a86e0b604030b1bce903f791a7ab40d4051126e63f	scripts/check/gates/ui-size-via-variant.ts	match
OWNED	114	7324	d0e0ec865a962cc2fc18da4b9139a9d8dc44671ac69f9f693b9944517c836708	scripts/check/gates/ui-skin-fragment-purity.ts	match
OWNED	73	4264	14881ceb6860d9ea12cf5173fc65144b10824d170b9400eba7b69b0070034039	scripts/check/gates/user-bus-coverage.ts	match
OWNED	165	7593	9133135c4622d9feb8eabd7a10d38ead22b769cdc9704c2862c2a6ddeffbd672	scripts/check/gates/vector-scope-derived.ts	match
OWNED	65	2678	639ad8b53390f3278363c2593662c00253f85b15d831fe4ff31d5e873e85c2ee	scripts/check/gates/verb-naming.ts	match
OWNED	187	10248	90bde9f84d88d64b9c87b599447676cee6b3cb53fd11e6d63e4a549953b01fbb	scripts/check/gates/verify-registry-parity.ts	match
OWNED	155	7314	e1d6c0af6ad13e10748d2577fbde63c2c03278b08f15db9e95190131385611e3	scripts/check/gates/warning-code-coverage.ts	match
OWNED	215	11132	8e3b044fc5b51c7982e1fadd54b8dc692cb047ef65da27fc4242bbac6159fa28	scripts/check/gates/wire-schema-vocab-one-home.ts	match
OWNED	423	26674	84827794f7b33d43ce869c8e8075cffb6b6a4482f07586a3ccb70231cc7fa52c	scripts/check/gates/zod-modern-spellings.ts	match
OWNED	268	13918	0a5419adad0b49623ef2dc6e206f8bb5327d3e5ce9f74a30a7fe6198bd72c716	scripts/check/gates/zustand-selector-derived.ts	match
OWNED	66	2513	68d0fe4d88add7b757d2a889653b5479a394c7f71329e7d341128001115432de	scripts/check/gates/zustand-selector-stability.ts	match
