path	lines	bytes	sha256	read_method	read_at	scope
packages/server/src/entry/compose/.gitkeep	0	0	e3b0c44298fc1c149afbf4c8996fb92427ae41e4649b934ca495991b7852b855	full-file semantic read	2026-08-13T23:16:53-06:00..23:20:00-06:00	owned
packages/server/src/entry/compose/admin.ts	132	6667	10990d30f5dd32c53c02e7de7f219772c295098800c8376627feb49e0fc5f04f	full-file semantic read	2026-08-13T23:16:53-06:00..23:20:00-06:00	owned
packages/server/src/entry/compose/assets-character.ts	412	22476	882f4a7b3505726824855efdcca4f0ff77c4436c96b97af05886da5864cb4b00	full-file semantic read	2026-08-13T23:16:53-06:00..23:20:00-06:00	owned
packages/server/src/entry/compose/automation-plugin.ts	402	21893	772d2b07d5555e1d0bcf8269fbf4d8663b67912210af74b6592841737ca7d2c3	full-file semantic read	2026-08-13T23:16:53-06:00..23:20:00-06:00	owned
packages/server/src/entry/compose/automation-watcher.ts	132	7362	4ed84ba342a85e3fbedf5bed7be7aa41190b6c122746c7caadd7ec0bf8e39694	full-file semantic read	2026-08-13T23:16:53-06:00..23:20:00-06:00	owned
packages/server/src/entry/compose/chat.ts	1250	67400	349be6b03dde933a072cd00f44af2028c346bdd075d641dd8ec48369de1227ba	full-file semantic read	2026-08-13T23:16:53-06:00..23:20:00-06:00	owned
packages/server/src/entry/compose/databank.ts	100	6280	b46c8aba9e0f87855560f9f43007fc7537bf9da31c301072553498f6353696ed	full-file semantic read	2026-08-13T23:16:53-06:00..23:20:00-06:00	owned
packages/server/src/entry/compose/demo-chat-game.ts	201	11461	2ee74e367b5824d3c51079f9d8360b1fd5b5758872f6516d88313d08fb540634	full-file semantic read	2026-08-13T23:16:53-06:00..23:20:00-06:00	owned
packages/server/src/entry/compose/effective-config.ts	16	728	2084028ed812f22d6233b76a4ef47b7af836a28e06edc4fdaff7861e15aad1d3	full-file semantic read	2026-08-13T23:16:53-06:00..23:20:00-06:00	owned
packages/server/src/entry/compose/emit-character-updated.ts	24	1591	2933100ffe6105288607b8d7c27ce389eb0e136e4418d08c1c1320a3e0edeea3	full-file semantic read	2026-08-13T23:16:53-06:00..23:20:00-06:00	owned
packages/server/src/entry/compose/emit-chat-changed.ts	39	1945	5557fb3109c4ab173cf04ff08b7a628c05aba3c8db2b7ab078fa78e810771f38	full-file semantic read	2026-08-13T23:16:53-06:00..23:20:00-06:00	owned
packages/server/src/entry/compose/event-bus.ts	40	1737	54548b3a061a70c4f87812c0d663734ed25a88e24203bf5b6e1f14936bc1f221	full-file semantic read	2026-08-13T23:16:53-06:00..23:20:00-06:00	owned
packages/server/src/entry/compose/imagery.ts	186	12511	489cfe63cbc196a621541a13b844fa1bbabf9e69d3848d068f1619710a8c0791	full-file semantic read	2026-08-13T23:16:53-06:00..23:20:00-06:00	owned
packages/server/src/entry/compose/index.ts	20	1401	f0c9df97f6355aa9de5ebd7e9103bbad5476fd66056a0e695a122daa5eb635e2	full-file semantic read	2026-08-13T23:16:53-06:00..23:20:00-06:00	owned
packages/server/src/entry/compose/materialize-background.ts	82	4477	774b8b76c76327102b314b6b0f37078350c16f7c97a3333edcaaf9803b92129a	full-file semantic read	2026-08-13T23:16:53-06:00..23:20:00-06:00	owned
packages/server/src/entry/compose/minter.ts	10	507	5ed1b48d5ea986235be9275d3814fd8ed16246228d394322fef3aa184e63a441	full-file semantic read	2026-08-13T23:16:53-06:00..23:20:00-06:00	owned
packages/server/src/entry/compose/plugin-chat-reads.ts	75	4038	d9c0db054d3fbd744ca5e687d84c148d56f6ae58c007fd13ea70c1aad51e6a21	full-file semantic read	2026-08-13T23:16:53-06:00..23:20:00-06:00	owned
packages/server/src/entry/compose/portability-runner.ts	233	12441	ab350a8655128a0a55203994f139a75c9efcdc1225080af5e4a0eb7ecb4335f7	full-file semantic read	2026-08-13T23:16:53-06:00..23:20:00-06:00	owned
packages/server/src/entry/compose/portability.ts	360	17601	4ed765bbca33b05edbbc5a02b2b6137b4b00c1faa8ab8e75842d1ae4f09ea51d	full-file semantic read	2026-08-13T23:16:53-06:00..23:20:00-06:00	owned
packages/server/src/entry/compose/refinery.ts	72	3612	1043c444239a5b5c2c46c1e9ba69188e574bfe1d0d8e0d27ef5610ba103fa771	full-file semantic read	2026-08-13T23:16:53-06:00..23:20:00-06:00	owned
packages/server/src/entry/compose/regex.ts	222	11404	ebb93f801b29e4806ed0d29d5f3cd161a223e9bb24e811b0ea3ef3e5f1e26ec5	full-file semantic read	2026-08-13T23:16:53-06:00..23:20:00-06:00	owned
packages/server/src/entry/compose/resolve-image-ref.ts	42	1911	143c946e9cf3b942b03cb4db499b212aaebdffc0616aa44ca8d2d10fb50a896b	full-file semantic read	2026-08-13T23:16:53-06:00..23:20:00-06:00	owned
packages/server/src/entry/compose/role-clients.ts	156	10232	39c09c91c544ac6f6092e050483b28798596ab7f342d71584efc414006cf2cdb	full-file semantic read	2026-08-13T23:16:53-06:00..23:20:00-06:00	owned
packages/server/src/entry/compose/rpg.ts	1703	115615	724865c470ae713480bbe754c8bfd813b06ce8f8269ccc5cc1dcc09d75518a91	full-file semantic read	2026-08-13T23:16:53-06:00..23:20:00-06:00	owned
packages/server/src/entry/compose/search-discovery.ts	325	17553	8152d12176b7268bd36697b3a3c80b63415627a5fa873a3bf943141e037c847d	full-file semantic read	2026-08-13T23:16:53-06:00..23:20:00-06:00	owned
packages/server/src/entry/compose/services.ts	910	46505	55b026ed37cf43c24c737ab9dd882b689831e582533044893897071e3b6ac6b6	full-file semantic read	2026-08-13T23:16:53-06:00..23:20:00-06:00	owned
packages/server/src/entry/compose/side-gen-params.ts	64	3451	3c4e2247b00309433d9b8508cb85b37c1900a512ab3993c45c20487ec1944061	full-file semantic read	2026-08-13T23:16:53-06:00..23:20:00-06:00	owned
packages/server/src/entry/compose/workload-contributions.ts	79	4418	c93acea53f150c9ca6c576f50113535be37b1e4c8d68fa29bffdabbba39c7792	full-file semantic read	2026-08-13T23:16:53-06:00..23:20:00-06:00	owned
packages/server/src/entry/compose/world-info.ts	107	5646	0ec9f6f03ee95d337aef08f35f3dd71d3d956370dc0d70e520839f31f8ad4dd3	full-file semantic read	2026-08-13T23:16:53-06:00..23:20:00-06:00	owned
tests/server/entry/compose/assets-character.int.test.ts	54	3310	c1d6feca187bf61bd869b60f020ce3141706f511c4d1b7521c6f68c0461dcf81	full-file semantic read	2026-08-13T23:16:53-06:00..23:20:00-06:00	owned
tests/server/entry/compose/chat.int.test.ts	176	10778	3ce2f85e2f1f07da226c446c66c5a3b1babd9251fd82f600d015443ccb6f2a19	full-file semantic read	2026-08-13T23:16:53-06:00..23:20:00-06:00	owned
tests/server/entry/compose/chat.test.ts	307	17469	de4c53ec9edc0c20003d742db70017a060019c56ac38017abf48f491505d3545	full-file semantic read	2026-08-13T23:16:53-06:00..23:20:00-06:00	owned
tests/server/entry/compose/databank.int.test.ts	81	5217	489e48ccd0c2a07fbacd9f8d68f42cd9049868523137f288e6b780e82943b2d7	full-file semantic read	2026-08-13T23:16:53-06:00..23:20:00-06:00	owned
tests/server/entry/compose/demo-chat-game.test.ts	200	11010	8a6e79a58ecd784e630cb41d99bd0aeef6f8702bb2b1926ab7872e7011fa9b41	full-file semantic read	2026-08-13T23:16:53-06:00..23:20:00-06:00	owned
tests/server/entry/compose/emit-character-updated.int.test.ts	64	3330	be66197ffe601070100585a00ad5466148dbc83659731806f3cbf1b7880d7435	full-file semantic read	2026-08-13T23:16:53-06:00..23:20:00-06:00	owned
tests/server/entry/compose/emit-chat-changed.int.test.ts	94	4808	3916416caaf94ad2d0c0dfaf43af88f215ac21738ef9de8ca32f88d5488c5a38	full-file semantic read	2026-08-13T23:16:53-06:00..23:20:00-06:00	owned
tests/server/entry/compose/event-bus.test.ts	48	1894	664bd4625fd7dd6295d3867bd3036a57e841070f4e2e1255d3cba633dfdd074c	full-file semantic read	2026-08-13T23:16:53-06:00..23:20:00-06:00	owned
tests/server/entry/compose/materialize-background.test.ts	97	4584	0bc0765e03fd7e1ed714838236db08880b58f2e41efe6635399c8a79e70e2eeb	full-file semantic read	2026-08-13T23:16:53-06:00..23:20:00-06:00	owned
tests/server/entry/compose/persona-multihuman.suite.int.test.ts	160	9595	2f60b0b135134f42278df17469e46063dffab3538605529872726dd9dbc84486	full-file semantic read	2026-08-13T23:16:53-06:00..23:20:00-06:00	owned
tests/server/entry/compose/plugin-chat-reads.int.test.ts	79	4151	dd0ef3861b1f96a58af9156d8249cb790e093d6bda04b23a58c2e9883b779098	full-file semantic read	2026-08-13T23:16:53-06:00..23:20:00-06:00	owned
tests/server/entry/compose/regex.int.test.ts	126	8113	bb4736c544318e08f6a580ecadcf58b3e7ab7ec1c9fe209600e1c3f83d23f6f7	full-file semantic read	2026-08-13T23:16:53-06:00..23:20:00-06:00	owned
tests/server/entry/compose/resolve-image-ref.test.ts	108	4477	f30edfe5c77c15f550f987b5f6fed201340b9f45a75b326f92c92f0f5283e802	full-file semantic read	2026-08-13T23:16:53-06:00..23:20:00-06:00	owned
tests/server/entry/compose/role-clients.test.ts	335	17860	7c47da70218c139ddd2354d81de48c645f2246d4b7aa240ba8183888aaf2551a	full-file semantic read	2026-08-13T23:16:53-06:00..23:20:00-06:00	owned
tests/server/entry/compose/rpg.int.test.ts	2824	186643	b6acf65b06405334205ce3dbeb99140e3a64025b028fd69c4ce74e99e237e117	full-file semantic read	2026-08-13T23:16:53-06:00..23:20:00-06:00	owned
tests/server/entry/compose/services.test.ts	851	39591	e8251379a8a33f14fc3b9ebd432f93b73ffbc20b0b0016db756860991a71733e	full-file semantic read	2026-08-13T23:16:53-06:00..23:20:00-06:00	owned
