kind	lines	bytes	sha256	basis	path
OWNED	34	5264	32e36c204210474f8182e0ef65c26b8c63c9e4e6ebd0a1fda89062e0585208cf	working-tree	docs/architecture/core/Spine-Config-and-Serialization.md
OWNED	140	19695	e20ae95bf587c6aebd7a00f0bb50b0392d4a2e60673cb067eb46560ada0052fe	working-tree	docs/architecture/core/Spine-Identity-and-Auth.md
OWNED	146	19718	c5c30942b2ea90b1985951addfa5ff61138131fcb46dcbf0651d706477a9b0a1	working-tree	docs/architecture/core/Spine-Testing.md
OWNED	135	14977	5d0492cebc9a6affd893f3415ca20cbe21fd96399f426d23fb9892bf43e18126	working-tree	docs/architecture/core/Spine-TypeScript-and-Patterns.md
OWNED	157	20122	6a99dd5e0fa9e3452e0269d560012e5f9b64335c11226d7e43236375c9ece0ca	working-tree	docs/architecture/core/Tier-1-DB.md
OWNED	79	11806	3f0c417b884bdb3acd0b8e9a20e02efc30204094e7ce5c11bcbedc98517f9b23	working-tree	docs/architecture/core/Tier-2-Foundation.md
OWNED	114	15087	1458781ce4f77dca3f10c0dea2c8c52f56b20a49d3198c700acbd7609e2d47c5	working-tree	docs/architecture/core/Tier-3-Infra.md
OWNED	150	23084	2dc9b3a804f485ee148889d61ce7c9660007a450bf1abbe046a33487790a5b0a	working-tree	docs/architecture/core/Tier-3b-Providers.md
OWNED	80	18563	e72592ffb91688e5da5ac3b3154ecae3353fa1827f44f94c16df715bf97ad572	working-tree	docs/architecture/core/Tier-4-Transport.md
OWNED	100	9583	e50c28ada41852cd7fd81da8276903e9454fd873b83d662f99d0851a0c1b6a84	working-tree	docs/architecture/core/Tier-5-Entry.md
SHARED	343	30441	8b50cc7e042e901a95afbc98681e2e8860f9ff83a3d93dfa490ed4fbf0e80140	working-tree	docs/architecture/core/AGENTS.md
SHARED	41	1997	1ccac63e31bb369567cd1aa09adf949c4e75023beb8b8846769cf12d8492724f	working-tree	docs/Mission.md
SHARED	257	18686	598fb10bebcd28a6755bdc2f7d1910116ee95e049a8e097dff6b7f8bb563ed58	working-tree	docs/architecture/core/Core-0-Architecture-and-Structure.md
SHARED	135	14977	5d0492cebc9a6affd893f3415ca20cbe21fd96399f426d23fb9892bf43e18126	working-tree	docs/architecture/core/Spine-TypeScript-and-Patterns.md
SHARED	146	19718	c5c30942b2ea90b1985951addfa5ff61138131fcb46dcbf0651d706477a9b0a1	working-tree	docs/architecture/core/Spine-Testing.md
SHARED	4099	223111	3fb787531f2e1456b31b3d78eb39f3c06061999b0f8776119894f7406084b572	working-tree	scripts/codemods/ast.ts
SHARED	51	3365	738833fde2717dfb3bd6cd1f8bc436a327ca2dc773787a93752480516ced062b	working-tree	docs/reviews/repository-audit-2026-08-13/README.md
SHARED	89	4542	04d081b5e7b7816ce1dab862a26eb403af450658c822449aea327d646c2a4ac3	working-tree	docs/reviews/repository-audit-2026-08-13/RUBRIC.md
SHARED	73	2015	2410c69138e3e9556a43dd602f237da0fed74616dd2c62d66dd382621343be16	working-tree	docs/reviews/repository-audit-2026-08-13/REPORT-TEMPLATE.md
