path	lines	bytes	sha256	semantic_read_finished_at	read_exit
scripts/probes/_kit/artifacts.ts	21	872	392f490b3f5b66002e3af32ae4ca93aed7435464fd917e561a2fd3c4aae6fcea	2026-08-14T00:40:44-06:00	0
scripts/probes/_kit/browser.ts	249	12060	264a137df92cc6848c5f870a85e9f99c096882d28c304d942aa767d6e8457cdb	2026-08-14T00:40:44-06:00	0
scripts/probes/_kit/ffmpeg.ts	29	1236	df899c05d34336cc79dbce8ed7303b9eb2742e7f7fad43862fa89cef7b08eac0	2026-08-14T00:40:44-06:00	0
scripts/probes/_kit/fixture.ts	224	11835	bbcc4053aa399310331f308e443190bc844f36fcf67415dadcab3b10a9889712	2026-08-14T00:40:44-06:00	0
scripts/probes/_kit/flags.ts	79	3308	304b342a96ce7a0943570bf4674594736397caf52c2164f96a2c46151021d6b7	2026-08-14T00:40:44-06:00	0
scripts/probes/_kit/result.ts	18	803	550d22576576191a31c0f1947567a5f87e37b2e9b6f7ebe87e45e075adcda2af	2026-08-14T00:40:44-06:00	0
scripts/probes/_kit/snap-stage.ts	588	30106	f55cd83420aae7f0eaf46d63607ca433e6c8fc6124995d2d77e705917294715f	2026-08-14T00:40:44-06:00	0
scripts/probes/design-audit-checks.ts	402	16149	4b90e9ae6311523db6f3049e4133227a53c0383a58a786fee8274ea265a9c592	2026-08-14T00:40:44-06:00	0
scripts/probes/design-audit.ts	601	22697	14bb707653f9987a3985a8c0e456e3ff484104868e89eb04cf1749e264c2ec4b	2026-08-14T00:40:44-06:00	0
scripts/probes/find-react-element-casts.ts	28	1011	63f7c175bf7eb36778757d9bd9f1a6ad641255769f65e319fa3bb89327699ce6	2026-08-14T00:40:44-06:00	0
scripts/probes/find-shitty-casts.ts	32	1185	d731ecf4224e53640934386cb6164909755bff59a5000fb5f6529fb7722fa8a9	2026-08-14T00:40:44-06:00	0
scripts/probes/guard-replay.ts	295	10782	555d53d8f0175455dce71504910a66250e1cddd02157c39bb730ece7016a354e	2026-08-14T00:40:44-06:00	0
scripts/probes/impersonate/README.md	39	2420	8d3bda1fa45ce9a7a36f19d716c5ce752efb95d013abd0a8ef4353d9fb459ea3	2026-08-14T00:40:44-06:00	0
scripts/probes/impersonate/RESULTS.md	114	7646	71766408c20c6dd96cec85f4c66d8ddcbb983972ea17a4bdbc282269b247f38a	2026-08-14T00:40:44-06:00	0
scripts/probes/impersonate/fixtures.ts	367	16574	cb9672148d9b3c10b1da725d4e879ee8eaec6d8d422d0b24d9da6b454cab12d7	2026-08-14T00:40:44-06:00	0
scripts/probes/impersonate/prompt.ts	83	4204	5e0370cc93308bebf911f3ac135c336a1b71b0e732e1e9a4fbd1130d75903bc7	2026-08-14T00:40:44-06:00	0
scripts/probes/impersonate/results.jsonl	84	104948	7fbd97e0e4fdf39fe19d425e012ccf2557d73a40e75ba54fb98ae22c43756d74	2026-08-14T00:40:44-06:00	0
scripts/probes/impersonate/run.ts	416	19727	3ecbf24857319a9654f04ecdea11d4ec833b74019732f61c6ec6a457b56b1bf0	2026-08-14T00:40:44-06:00	0
scripts/probes/impersonate/score.ts	168	6198	d312260320201d4279c3a5d8bff8ad2042977ba93e76c099981af46f2fa0bd64	2026-08-14T00:40:44-06:00	0
scripts/probes/motion-audit.ts	306	12066	96e8ee1d3b0e93710388d7a588e92bac95d3671caa4eaee6316e499033096424	2026-08-14T00:40:44-06:00	0
scripts/probes/perf-meter.ts	520	19968	6f4c23ea9988dc2b055e3200d04dd42f5e27901f49c2d9c3c31ee09798230514	2026-08-14T00:40:44-06:00	0
scripts/probes/probe-fire.ts	247	9823	c424b17db2fff073392ad92f08b45a572c71412ef94bbc0fdc0085bdb7c59ec2	2026-08-14T00:40:44-06:00	0
scripts/probes/record.ts	421	16407	b2b08ba2a89d6c36654790458a19c68caf5acb24577c296c78a7c9afd2efbefc	2026-08-14T00:40:44-06:00	0
scripts/probes/sdk-behavior-probe.ts	905	41228	e26d7b310c8d43573892964385f04bba71b9bab069152f858b6944aedc6c8e73	2026-08-14T00:40:44-06:00	0
scripts/probes/sdk-cache-probe.ts	480	23617	4db9e295f3d2ff30445c95d889b0e4c64f1627ecedc8527e359986f390195981	2026-08-14T00:40:44-06:00	0
scripts/probes/sdk-dynamic-content-probe.ts	580	31105	353b3474b27bad8db390c661ed0b821fe153798ba264fb0bce8496810fc1ae87	2026-08-14T00:40:44-06:00	0
scripts/probes/sdk-hook-wire-probe.ts	291	10769	bd3e883664f63901437e3fc135ef17ce865b86af11e85e98fd9b00cfbcda21df	2026-08-14T00:40:44-06:00	0
scripts/probes/sdk-injection-cache-probe.ts	1051	54232	e3f58caa3d67edb7aa743898793a71d5fea21bfcc7af67efd63bbc0b1fdfdd0b	2026-08-14T00:40:44-06:00	0
scripts/probes/sdk-session-probe.ts	381	19411	2f73d5c8dc4c3a1cf47003ca74c72bdfe667ec5329c03f517dd61c33abff8cd7	2026-08-14T00:40:44-06:00	0
scripts/probes/snap.ts	2418	127852	4129aa834f9a7c9c886149080c282a6f8a5c95aacc6c8def84a59d2e06ea6653	2026-08-14T00:40:44-06:00	0
scripts/probes/sse-tap.ts	136	6389	87f5beaf5fdc3d66f3d05f3cd827d26f7a9237d34d6a82468202de311b99c723	2026-08-14T00:40:44-06:00	0
scripts/probes/st-goldens/README.md	340	18599	15797bdd16e0aa175287c68e7dae200b5f6058e377095bb5e4f4e0730f0bc556	2026-08-14T00:40:44-06:00	0
scripts/probes/st-goldens/build-fixtures.ts	89	3763	a55a671913e1b0f9cb474353ffd35684595c9ec1f79a1552d240a51e19eff5b6	2026-08-14T00:40:44-06:00	0
scripts/probes/st-goldens/capture-orbweaver.ts	360	17306	fdbf86e29a2a561f6933ffe7e68e1631e1bc5ba8cd6be17a4a57f8add95b4551	2026-08-14T00:40:44-06:00	0
scripts/probes/st-goldens/compare-runner.ts	207	8973	c6a27cb342957e958463ce9e82305c90d9e5494601f3ead0e69c128f0be0abc3	2026-08-14T00:40:44-06:00	0
scripts/probes/st-goldens/generate-goldens.ts	614	27176	becdee8fc34da588c212d57a540adf21c50b3301ab496e822edea83ef75e0cea	2026-08-14T00:40:44-06:00	0
scripts/probes/st-goldens/rig-paths.ts	23	1652	177483aed6c736e438de7a382e3ff2d1630e6b319c0b709150c7d879672d9664	2026-08-14T00:40:44-06:00	0
scripts/probes/st-goldens/run-demo-complex.sh	101	3073	594ccc9bb820058870838f1a48709e71e788a26b4eef1a9e166f38f3b92e3a0a	2026-08-14T00:40:44-06:00	0
scripts/probes/st-goldens/run-demo-goldens.sh	67	2103	aa83590904d3cff80b2cd8f2bd817fbbd49e2fc424d4ce6e84af2acbbfac2c15	2026-08-14T00:40:44-06:00	0
scripts/probes/st-goldens/write-v2-png.cjs	68	2308	fcce181707c49fbeb0cdf8cf06bd94dcfc652bf9fc12339bc92027db42c7f6df	2026-08-14T00:40:44-06:00	0
scripts/probes/trace-render.ts	255	9638	76c9a99a02713ac17f19b591c7deedcd9214beb6e5e31b853d86ca81cfd599a3	2026-08-14T00:40:44-06:00	0
scripts/probes/trace-tail.ts	111	4674	f35f57df92dc4d7efc6c36114cc1d42e71dce4c246948904f7225ee6f6b3c567	2026-08-14T00:40:44-06:00	0
scripts/probes/transcript-census.ts	627	22431	66cdff1795a6c1b45107c5f1500e6cda7541371527b19eadd63b5429fb462874	2026-08-14T00:40:44-06:00	0
scripts/probes/useless-fragments.ts	50	1642	9fb1c7176a597cbe619259a0d875852f12818d88393cf127138c2614b6a1fcc7	2026-08-14T00:40:44-06:00	0
docs/architecture/core/AGENTS.md	343	30441	8b50cc7e042e901a95afbc98681e2e8860f9ff83a3d93dfa490ed4fbf0e80140	2026-08-14T00:40:44-06:00	0
docs/Mission.md	41	1997	1ccac63e31bb369567cd1aa09adf949c4e75023beb8b8846769cf12d8492724f	2026-08-14T00:40:44-06:00	0
docs/architecture/core/Core-0-Architecture-and-Structure.md	257	18686	598fb10bebcd28a6755bdc2f7d1910116ee95e049a8e097dff6b7f8bb563ed58	2026-08-14T00:40:44-06:00	0
docs/architecture/core/Spine-TypeScript-and-Patterns.md	135	14977	5d0492cebc9a6affd893f3415ca20cbe21fd96399f426d23fb9892bf43e18126	2026-08-14T00:40:44-06:00	0
docs/architecture/core/Spine-Testing.md	146	19718	c5c30942b2ea90b1985951addfa5ff61138131fcb46dcbf0651d706477a9b0a1	2026-08-14T00:40:44-06:00	0
scripts/codemods/ast.ts	4099	223111	3fb787531f2e1456b31b3d78eb39f3c06061999b0f8776119894f7406084b572	2026-08-14T00:40:44-06:00	0
docs/reviews/repository-audit-2026-08-13/README.md	51	3365	738833fde2717dfb3bd6cd1f8bc436a327ca2dc773787a93752480516ced062b	2026-08-14T00:40:44-06:00	0
docs/reviews/repository-audit-2026-08-13/RUBRIC.md	89	4542	04d081b5e7b7816ce1dab862a26eb403af450658c822449aea327d646c2a4ac3	2026-08-14T00:40:44-06:00	0
docs/reviews/repository-audit-2026-08-13/REPORT-TEMPLATE.md	73	2015	2410c69138e3e9556a43dd602f237da0fed74616dd2c62d66dd382621343be16	2026-08-14T00:40:44-06:00	0
