kind	path	current_lines	current_bytes	current_sha256	read_status
OWNED	scripts/check/GATE-AUTHORING.md	399	33180	2620129039e50109e63aa020734e3ac70a8cd2c0d3a461f1df45eca42c19e680	full
OWNED	scripts/check/ast-read.ts	28	1769	b6ef9b365f91de938661685b259f26c6d139e45d10a4b62b7fc8b1cac2f7a1cc	full
OWNED	scripts/check/baseui-read.ts	641	30447	163b1cf5503d9b1218da42f216c7f889c5030ed633786a95fde9edd347841244	full
OWNED	scripts/check/bus-coverage-lib.ts	102	5051	2264e39694f5fed81767d60a50805f3ae8fe43ca8491b3c6047121dbcaf461ee	full
OWNED	scripts/check/conformance.ts	169	6851	2beedcc0d1b96d0cfda0e691dc57adc22d0d2b546ad4a9860f457105a9452a4a	full
OWNED	scripts/check/contract.ts	164	9842	3d7bc59b3f2554c20495f4b5c199a38530d29b9df1de00dc827dd3e3f4e3e4e3	full
OWNED	scripts/check/gen-baseui-surface.ts	110	6314	98b0cb04b7b3d944383c9bb1e5f24f4b809fdac213ed3d029535bcc5b1c32e4f	full
OWNED	scripts/check/gen-density-baseline.ts	36	1647	34ca0b26d6ebbb5f4fc23607213b4d4ee39caeb03a0911be0670aa8a206394b7	full
OWNED	scripts/check/gen-fabrication-baseline.ts	30	1325	2524dbb8cbfb174fb0475b9c03107770101c1921eb7f18341b0d1cca87bf5a24	full
OWNED	scripts/check/gen-finding-overload-provenance-baseline.ts	38	1957	924846f4a8e0e8ff50a758b7e459f440f59fc835adf4e3472f684838c3d8dca1	full
OWNED	scripts/check/gen-model-prose-baseline.ts	37	2021	2a24a7bf07bc0fa1e689a6d8d1811935e910e5686af9a8940b893d059e6426ef	full
OWNED	scripts/check/gen-prose-baseline.ts	57	2524	ee20f974d3d74832d81869275cb305caaa6daf80762b8667b344e5e4750610bd	full
OWNED	scripts/check/gen-suppressions-baseline.ts	30	1312	e9901025259ca12ad93fd49e529a6180bf092d6041345f98f50ba69bdf8dc27b	full
OWNED	scripts/check/gen-test-baseline-manifest.ts	55	3475	73274cf476559ae1cdb2659795962fd4c95ad36db9662b866bf87043fe549090	full
OWNED	scripts/check/harness.ts	50	2149	528990e3980d44e0477f387c5e56086921fe3eae492812afed80d4361f112fed	full
OWNED	scripts/check/loader.ts	86	4157	c976abbd9d87e158d973888e93725fd8e60319b6d152dc48cf44bd6ddbacc6d6	full
OWNED	scripts/check/new-gate.ts	177	7991	243e5d5f1520c1b51d4665d00de8621b48e3744a1c5a8491b747ddaf6452625c	full
OWNED	scripts/check/pass.ts	614	28750	53cb54259d25f9c614e56b45ac49038e9cc93e229769ea3fb15f288b6d7df215	full
OWNED	scripts/check/render.ts	137	6167	efde049fd5cdc6d8a4148889b8b5bdafcaa1471e911ef3572b11effee9164870	full
OWNED	scripts/check/report.ts	99	5570	73d0f87c1609b122c7b1fbd6fe938f7e2182209b31602b982b210be77ac04853	full
OWNED	scripts/check/schema-read.ts	162	7295	6c4e2c3356e33956f8df6fe49a66ce36594f6da119bde18e76e0cd5eafa089d5	full
OWNED	scripts/check/scoped.ts	229	10063	b6142bb4f07d63e6a9088c2d9da74162b93ec0ba63d7913b9ec7d1a5a26ff12f	full
OWNED	scripts/check/show.ts	222	8626	e350e378adaf08c85ab7f6e225af6dfdeac2d157a6f4c7d6b184a5014ce08d37	full
OWNED	scripts/check/tenancy-read.ts	138	6452	0c5cb535dc38543560c3f8315ac418680a3c986fedb469a5a76a0adeb50ae1a8	full
OWNED	scripts/verify/ct-flaky-reporter.ts	185	7591	5ffb5ceb46f55ac07ce84bc64f49fcb3883d7ccc94f9a2dd26febd3b1a9e57d5	full
OWNED	scripts/verify/db-baseline-parity.ts	122	6216	e5986463081d550c38f796bf87cd6187d8a4c1bc6f6e93408fe8b33a4c270b58	full
OWNED	scripts/verify/orphan-export-ratchet.baseline.json	4	670	6a9e3071e5a012c2a347f2105cce2184f0c201e3e23edd24210dec03bd634e8b	full
OWNED	scripts/verify/orphan-export-ratchet.ts	259	16133	816a99e4411d78d586ed321d58856bb01f2c7d07143fd9a31acf6392ab6daed9	full
OWNED	scripts/verify/registry.ts	532	29865	6ec14a21ec1fadd967678dbd2908e6dd38ada4aa94c34f4c219f6e64e2526268	full
OWNED	scripts/verify/run.ts	619	26621	b68dd06ab1c22dc07f5b96b5aec3f43046660af1ea91fe8005d9fb6c1654ecd5	full
OWNED	scripts/verify/selection.ts	548	31332	68d9b98f849c56cc20b56141f32a87c5356d86b73390db0cd6900c66eea1dd02	full
OWNED	scripts/verify/tests-execution-membership.ts	234	12086	eba5d17abfdbe4ec932a31b0b12f202158750941c0757742391625f6ec81d087	full
OWNED	scripts/verify/tests-type-membership.ts	132	6310	cda7287af2d0edd671a0eb620047376a4ffef097fd5e658a5172be17e84cf65f	full
OWNED	tests/tooling/_support.ts	45	2249	f9124ea33cd62c2a981d68f4b313b72f2e5123e658cdc4d20adb9c6b9be017a2	full
OWNED	tests/tooling/ast-lens.test.ts	1259	72139	6baf5c6ea18d5027f933ac2b511816e3d48a8c5c3f95923900f164d27b02d2c2	full
OWNED	tests/tooling/baseui-surface-reader.int.test.ts	172	8959	01b29d4aae85f3631fc3039b8e9b511d087d484e6af0e23259fbb120237d6df5	full
OWNED	tests/tooling/chat-component-presence.test.ts	168	11061	ad6ddc2c07dfe8ef159c33b4175347cebb6f1299a8e21922f74e602dbe4360d6	full
OWNED	tests/tooling/check-gates.int.test.ts	1054	85811	18585e2254e82215a43fce8126f00f298a4cd756a5ce37329a19bf87c8cb4da5	full
OWNED	tests/tooling/codemod-kit.int.test.ts	310	13792	f9675f63e22891d0cc6b2091a5206f55f551cd006197cc9f142d6cc3c8898665	full
OWNED	tests/tooling/dependency-cruiser.int.test.ts	273	16421	0bcc045d9ed8fa7dffb98a4a9fa71c89a698af5cb926a909d783a2b0d47d8301	full
OWNED	tests/tooling/design-audit.test.ts	378	13568	7049b67986c640f2b4cd9d43f3b7ea455135f9f46269ea5a1a3e573f2cc795fb	full
OWNED	tests/tooling/diagnostic-legibility.residual.test.ts	19	1470	6d6bc3597068ea6318e1fd9ffdca6c38e57bbd84eb9d94fcffc3c5b9170cf419	full
OWNED	tests/tooling/gate-conformance.int.test.ts	27	1519	c7c97bcc9ef011c2eb86f35a6bdd557a9ea47c33cfe31c81d444951ab0f5d00e	full
OWNED	tests/tooling/gate-ignore-grammar.int.test.ts	259	14851	fc9716125ddf79cb5709e6fa3413161aec4d9f18c649db459c37348d3f1c93e5	full
OWNED	tests/tooling/migrate-macro-blocks.test.ts	81	4040	89a01193cee21835da902da6f57e834a7f1654062c2eaa46afbd3ade9c65e573	full
OWNED	tests/tooling/monotonic-tests.residual.test.ts	86	4411	719fd3913b8fb8f5929bc1795d7a6f9a305d9b94c5231465d971e08d96d28a22	full
OWNED	tests/tooling/no-test-fabrication.residual.test.ts	32	2026	a7acc3ba6fb127b54bcc2e743a2dba781900ba5ff64ccf280355bf0081df7a8e	full
OWNED	tests/tooling/schema-baseline-parity.int.test.ts	27	1785	4657265bb52f5f218b3dd927779eca77848bbc13f02a57345c5a39987e69f952	full
OWNED	tests/tooling/scoped-run.int.test.ts	141	7997	bc75d4a144910e641338857f65d6f3476c0001c0997b2d1b032a5dff2c85ae66	full
OWNED	tests/tooling/seed-demo.int.test.ts	84	4293	f132c4abc05303477575b244d597de458f89bf5da82a3b2d0b0ef4ee45331f9c	full
OWNED	tests/tooling/single-pass-render.int.test.ts	99	5379	5613e12cb4353e6c9c4ffe06dcecd2d234f150bfbabf55391881efd8e3f59df4	full
OWNED	tests/tooling/smoke.test.ts	13	518	13390530dfa83e8c8987103d26046c97e0a696937437a7bc2648e8fdbedab933	full
OWNED	tests/tooling/snap-fixture.test.ts	97	5450	81096494f91e5f53a4fc46bdaaf91999270b61374122d3d7024885d24205e9c9	full
OWNED	tests/tooling/snap-flags.test.ts	48	3323	12acb60a1067e036e0fe574c6aec391cbaa123b0c7d958640f3499c80646a1d1	full
OWNED	tests/tooling/snap-stage.test.ts	176	9938	807f3958be5e37257219907273cb5f9ec5610678b11dc0513a23816d3405e4ed	full
OWNED	tests/tooling/spawn-lock.int.test.ts	126	5112	2b0f310b911bfcca7b2132bbf40d69b80effbb9c322ac3dfdb369dd42b564b5e	full
OWNED	tests/tooling/stack-dispatch.int.test.ts	110	5967	852faa1434a6d67d003db12aa77387d5ee931a5d3348769b1f32b8864ae7223c	full
OWNED	tests/tooling/stack-mode.test.ts	431	25307	79b3ca2d24c4b0a71eba5c88556c11f5dd568b7677e9b08790470ee617c7fb32	full
OWNED	tests/tooling/suppressions.residual.test.ts	53	3061	7d99bdcef099ded8c8df732161cfd566691324196ef60f3614ea9db88795cc5d	full
OWNED	tests/tooling/tool-guard.int.test.ts	405	23917	72243fc8bccc2bbc9a90da16595bf8aed89a1478d4fa4517b910644945cae96a	full
OWNED	tests/tooling/trace-render.test.ts	129	4569	fb37756497b56649c5335e7406a40540dd8e0e50675f54dcddaea487c182fc4c	full
OWNED	tests/tooling/verify-run.int.test.ts	536	28589	debea115996066dafa236f9375525d598c2a136f5547ba62e6d32a844f94a869	full
OWNED	tests/tooling/vllm-gen-window-parity.int.test.ts	33	2100	50f2d67cf9a4c69e5bc7f76f81c5b5a2d3277346d2603b1eb9fbb4c5a443de7a	full
OWNED	tests/tooling/warning-code-coverage.residual.test.ts	38	2490	69604c6b6654760b82cd3ab975671c478a890c98f75cc450010f6a3b519f5649	full
