kind	lines	bytes	sha256	path
OWNED	2	76	529169de80ef1de33972bd2faa1e5a281bbea332c6875ee7830fe1ab6ea65c15	packages/ui/src/primitives/kbd/index.ts
OWNED	18	969	e5756b53f2b75f8c3762dafa0307f6024ffb9c6661041b1792f9fb9579cc0b1b	packages/ui/src/primitives/kbd/kbd.tsx
OWNED	14	1058	637b613894d78c0d67791d9ba398ee4e2ec0866006bff99984ce359eccee2730	packages/ui/src/primitives/kbd/variants.ts
OWNED	2	94	c6ba00d851fdd4af166c16369a9efd33fe006739ec8e4efc8be5e4f72eac2964	packages/ui/src/primitives/list-row/index.ts
OWNED	410	18768	324bf7cfb5bb1632eb667e17e39536a4e2985dd0920f0ef23e87e5f987284990	packages/ui/src/primitives/list-row/list-row.tsx
OWNED	189	13731	becc8508d9776eb4446a27d95655f8894ec296c2d348f166cc3c53e52be8716a	packages/ui/src/primitives/list-row/variants.ts
OWNED	2	121	7aec7ef58f41f18532b6d075b05b5193fd5a6650520bdf59e0c94b1f3bbe52e1	packages/ui/src/primitives/log-viewer/index.ts
OWNED	200	9018	ce3e05887a4664be562eaaa26f26bc7c248a607cda10a5144ea643b3813f284e	packages/ui/src/primitives/log-viewer/log-viewer.tsx
OWNED	26	1335	103e6082b2c642c9ef637fefc73967b7c80f675332ee5f4d545df673979b3f04	packages/ui/src/primitives/log-viewer/variants.ts
OWNED	2	135	eb5afafb6541c0b6ed05ee745f0ff52605fbc82bf494dc7e448b19aa4a23037b	packages/ui/src/primitives/macro-textarea/index.ts
OWNED	65	2923	89f861e01a897b5d1fe0211172d24a7fc85eaed1a1776f000956ae8d96ab6574	packages/ui/src/primitives/macro-textarea/macro-textarea-logic.ts
OWNED	345	15414	3f2c5d3b7b24afb42a8b50418ae00600b46d3674ec12bb7c7ebae16e94c7744c	packages/ui/src/primitives/macro-textarea/macro-textarea.tsx
OWNED	32	2067	c8a027c94223120d1a8b0bd6b68acff60eaaede6c1173fc5577e14be02abfff1	packages/ui/src/primitives/macro-textarea/variants.ts
OWNED	7	160	6bec76f203f5d9ba65e878a5953a2ce0478bcd3e1e6b16db9bf9533ecd3b919d	packages/ui/src/primitives/media-grid/index.ts
OWNED	368	14002	392f84352706f202e3412ade11dffcd0df110a4492c6d4b09fc9859d5c1e845d	packages/ui/src/primitives/media-grid/media-grid.tsx
OWNED	23	1316	616532f66c4f9401ce8ba293c6c0870be06708250bbf3d30cc741644e3071ef3	packages/ui/src/primitives/media-grid/variants.ts
OWNED	9	489	db91533a1f85e58b54eed85323cd9a3a509b3c4eced171c7c341ca3c5e2f2e89	packages/ui/src/primitives/menu/handle.ts
OWNED	34	666	eba5197dc7b3bd85e950a50735fc5e30fa5d8014f42f18b9f242f54b4c9e9b8e	packages/ui/src/primitives/menu/index.ts
OWNED	239	10768	880581c25d1cc5aeefb60459f44c45c10557be1d317daa695733405658002c3f	packages/ui/src/primitives/menu/menu.tsx
OWNED	66	5619	23db7a9de14c2d24f84f257a47049c3dcb5bc034f215b2943896b0df63270450	packages/ui/src/primitives/menu/variants.ts
OWNED	2	129	954b911b40552c084b119681da53279c3ab78fcf9af048911c6d354b70af0dd6	packages/ui/src/primitives/message-list/index.ts
OWNED	380	16910	180de006ddf330e78f4b7a9bcf0919aac2b6c68a9a294a5d7529290f748f3f34	packages/ui/src/primitives/message-list/message-list.tsx
OWNED	14	978	902f6201d236f4475e11f1be5afee180d1a94f4bbb95cb4ce8d0f35dc2a1cd86	packages/ui/src/primitives/message-list/pin-spacer.ts
OWNED	2	110	9162538a8193b942dd24dd99896c92750709b5c34dc188bc17b963dd41ace6e6	packages/ui/src/primitives/number-field/index.ts
OWNED	142	8236	e476d3924e7baed545ed8c9fe0d1ddfd5cc115f354f2204f52dc98a8d9194fd3	packages/ui/src/primitives/number-field/number-field.tsx
OWNED	56	3252	c795314af6f2d82503514a54d2ffc9caaf382a670641302a9010ecf93fa84eb9	packages/ui/src/primitives/number-field/variants.ts
OWNED	2	127	c410bdea9e7ac2d965ad912595102d529490e06d12c0e0c412c4f50420f6edac	packages/ui/src/primitives/option-strip/index.ts
OWNED	99	5182	15faed77c892e339679020fdb481584ef9bab2c5a2eb978f8dd125a4183fe5b0	packages/ui/src/primitives/option-strip/option-strip.tsx
OWNED	30	1321	d2c8fc48dbb037c23d9c99a111cb5229fd5e4c8277094afc8a2e2bb29aae9da0	packages/ui/src/primitives/option-strip/variants.ts
OWNED	7	378	b88c6a7c6d105abadfbbacd6bde5827059346fab322e1a264ad513a7cdfde31f	packages/ui/src/primitives/popover/handle.ts
OWNED	19	420	e32b9d3f769003c362b4217c2c12815386cedf8ee4d8db8061b84ec2a0dc0e36	packages/ui/src/primitives/popover/index.ts
OWNED	112	4680	56669cbc66fd24cc5413fc790e9d645e4782deaab4c5b5694f0bb7ea8a5d1953	packages/ui/src/primitives/popover/popover.tsx
OWNED	20	1138	d7d80703c49df300629bf4a813ba701b9ff4f2143c037092d9425fef6f975191	packages/ui/src/primitives/popover/variants.ts
OWNED	2	96	9d6335959e94eabe3850a417ea9c24b2d4b00c7bfbce38776283e1357b994ac1	packages/ui/src/primitives/progress/index.ts
OWNED	55	2877	7f6cf794462b86ca7a38a45b38e95988c375d3365db33a8f3d077adac1bc0982	packages/ui/src/primitives/progress/progress.tsx
OWNED	22	1260	49ce763937f3cc5077cfc5a1254bf5dafafcd7bfb4dd052b1f232c64d7f171ba	packages/ui/src/primitives/progress/variants.ts
OWNED	2	143	abc6bd9e2d6adfb17f09daa6698ba39ce23b76284a9210262bd6bfe7c97fe792	packages/ui/src/primitives/radio-group/index.ts
OWNED	41	1858	0707adf1cd58909cf3cd2b88a14347cd23b7bd14abdb91127ee08a6badb651d9	packages/ui/src/primitives/radio-group/radio-group.tsx
OWNED	15	905	8743a67fbf8bb58cdada761e8e5293383bdb0d37305d912443b0a6f38707d52c	packages/ui/src/primitives/radio-group/variants.ts
OWNED	2	106	2e732d3d84b8060cf9725e1f73e116ff62f6d6574976f53c85b49fb30fb77cb5	packages/ui/src/primitives/reveal-gate/index.ts
OWNED	103	3793	bee64694c96c1eb2e50969a20e80dc1188ab382f6fbbe05459603b4bd993acbb	packages/ui/src/primitives/reveal-gate/reveal-gate.tsx
OWNED	20	1442	5b92f3fc80800917260836e9debc138629d3dced79d7b0f4389c70f0c0efcb53	packages/ui/src/primitives/reveal-gate/variants.ts
OWNED	35	1850	4a942bbe37ec8ccd9cc3c479b34b3ecf840c8713b14a98651413ca75f79293f0	tests/ui/primitives/kbd/kbd.ct.tsx
OWNED	488	27416	fc43fefeded54b4e3e9285640323424a7227b842edfe120961635adbf7cd54ee	tests/ui/primitives/list-row/list-row.ct.tsx
OWNED	316	13755	cfd7ec57b350c6a74717b944eea3cf5aa07e2d237882c6cc4d7724ffd5ae21a6	tests/ui/primitives/log-viewer/log-viewer.ct.tsx
OWNED	113	5658	476082bf83487d6798d9d9620a7e7deb0c559c7685c7edfee8d3c0dd3f25694f	tests/ui/primitives/macro-textarea/macro-textarea-logic.test.ts
OWNED	225	11742	53ed259b094fa18cab825e041fe91918d285c684622fae3750c4d1ccdb615ac1	tests/ui/primitives/macro-textarea/macro-textarea.ct.tsx
OWNED	124	5409	090952585e4f52e64748072bb57ce748993b25eada19445b518fd48fb3663685	tests/ui/primitives/macro-textarea/macro-textarea.fixtures.tsx
OWNED	130	7330	54316b8fb057b439aa20d20c0ce92a144d3ac7d75bacc9cef4316b7a1c5838b6	tests/ui/primitives/media-grid/media-grid.ct.tsx
OWNED	170	5926	7f36e94a7ed7985e89711fa313aadde1c3feb35bf993ca4182a9221435f57ba5	tests/ui/primitives/media-grid/media-grid.fixtures.tsx
OWNED	76	2872	c8262c8eab4e064d2ca150619a938ea26d34830a8bd8798492bf2230f566a29b	tests/ui/primitives/menu/menu-handle.fixtures.tsx
OWNED	430	18017	191fc5b642302fc710f5175f5287026d176285ae73226907db700c8c11d28906	tests/ui/primitives/menu/menu.ct.tsx
OWNED	427	25394	5a98b06a6d6f32baa51141f9bbe198b91f276380bbf2d3ff1985a1c37d1c31f0	tests/ui/primitives/message-list/message-list.ct.tsx
OWNED	409	16854	b4c3e0e6d11db5f43a1b98c964290fcdbf0df2b34460cca33e299ba3c48d60e1	tests/ui/primitives/message-list/message-list.fixtures.tsx
OWNED	24	1116	cf89c09b1b4882d5aa127e827188810566f153c520539e108f71d35483b0c416	tests/ui/primitives/message-list/pin-spacer.test.ts
OWNED	314	16772	f5e8d480f138b3965c7e5f45827a0f34210c64e19a826f4ad715c95258a1cc8e	tests/ui/primitives/number-field/number-field.ct.tsx
OWNED	60	3735	764cd43ec3c13add9c75775d998d79e96ca428eca1d3eec3dddcb539aef2f83c	tests/ui/primitives/option-strip/option-strip.ct.tsx
OWNED	35	1373	923e2e97018a7937da7b9a983fd3696fb1a8fa0267e099b7601514052d10a60c	tests/ui/primitives/popover/popover-handle.fixtures.tsx
OWNED	212	8664	0aa457732f614ee80706028744229203af91027bf21c7a32902b32cf4631ff95	tests/ui/primitives/popover/popover.ct.tsx
OWNED	74	4361	234fb66fe20a567931d7e2f6681bd43b0a64cd141e324625ffc86ec80b53cf1a	tests/ui/primitives/progress/progress.ct.tsx
OWNED	122	5428	624e1bb8f24f8532c2ca428c63005589d66949c3a0b1a5adecde2e46b1cd236c	tests/ui/primitives/radio-group/radio-group.ct.tsx
OWNED	141	6156	527c1a0d40ca5cc5bcbd9e146f39e4b369b9463eea3705e5e4346437de77165f	tests/ui/primitives/reveal-gate/reveal-gate.ct.tsx
OWNED	25	844	10099f634b1ddb7297124f3d8cdc295a5ee279b639d217cc9e993c9f661789bb	tests/ui/primitives/reveal-gate/reveal-gate.fixtures.tsx
