path	lines	bytes	sha256
packages/client/src/features/databank/anchors/databank-library-anchor.tsx	21	923	f1e87c1b129a7228fdecd399fdfcdfb4cbfa0d41bd8c9660b9b8f9c02d09d9b0
packages/client/src/features/databank/components/add-document-body.tsx	300	14709	20f8a42b4a9e1757885e9470f11c361ca2528abbfe579822d5d7fdcc0ea04988
packages/client/src/features/databank/components/databank-context-body.tsx	197	10505	02fc1b84cd1254889301c0b3ef25c04506dba83b4e519f8b33f4263108b67b83
packages/client/src/features/databank/components/databank-library-row.tsx	142	8028	27bf622543155023b3755949ffe671c5126f17dc3e217636d3d879edf783f5c2
packages/client/src/features/databank/components/databank-list-header.tsx	95	4880	78d8a2270ad189920dd94cd93d044dc5add0d5127773e9c2f07bba54714be93b
packages/client/src/features/databank/components/databank-rename-dialog.tsx	64	2372	07f7f5e989b9be2f2e77893f17d872ca1b850cae691f4b913741cf8e10d04302
packages/client/src/features/databank/components/home-documents-tile-body.tsx	197	11169	83e1cafe30565139f1942bc8fe75ac4b5aebff3218f3093fc62fa09eefa9c7ae
packages/client/src/features/databank/hooks/use-databank-mutations.ts	114	6834	073659cf8e2260fd7473bac55a062f0cf24bf1c24dac391db6b358dc3316abab
packages/client/src/features/databank/hooks/use-scrape-form.ts	10	668	6a9b3ac693e21870c3722b0f2d0f0dac33233a3baf7ff02f50f619fde4d4a53b
packages/client/src/features/databank/index.ts	17	1353	e93cec7e01469a40cf96dae43b85c9c44702c563999d6c09cc78d80e3624f1db
packages/client/src/features/databank/lib/add-document-modal.tsx	23	1371	ed8b2e5236e68633d36e8fd42679be7fc5af8e61450e45fb4a356e4daea15659
packages/client/src/features/databank/lib/databank-copy.ts	24	1875	0f8c644dfcbcd8b952911ba36a286bed98d666e3cd6c866d9d9c10d26d69842b
packages/client/src/features/databank/lib/databank-model.ts	262	15930	e4487c2839e6e382fb4699c83d90a81cd8653b5b28bfd984c3aa3a1385f38839
packages/client/src/features/databank/lib/databank-section.tsx	71	4806	0e2f36214a5f93ce5873dbec0d7723a111e27699e47822d3ba8303d062223c40
packages/client/src/features/databank/lib/databank-selection-title.ts	13	689	5fe6aabd329066e3fc3a4957d0b5c6ef4af88a76efbfc60435d1110d24a8fe9f
packages/client/src/features/databank/lib/home-documents-tile.tsx	44	2754	d9e0a24934b355bd1ce8fa8ec4365c2eb22a65e918fb549ca714374f744e0c39
packages/client/src/features/databank/lib/scrape-form-model.ts	35	1670	d664798ba24b16252d10e33175ee380f71a25657fb70a16fc4f322e8da814322
packages/client/src/features/databank/surfaces/databank-detail-surface.tsx	213	10369	4d3447990dc74fef36e26863c5706c28362551aefa454d279a1deefa0c3f0d2e
packages/client/src/features/databank/surfaces/databank-library-surface.tsx	313	15389	68bfaac6bcc041b03bedbb5e0eef37dece90f8ee583e5187715eeadbb02abd19
packages/client/src/features/discovery/anchors/corpus-list-anchor.tsx	19	765	c7a516a183543713435df9cabefe1d8d814692e08de2f2f8259ae6d272565ee1
packages/client/src/features/discovery/components/character-avatar.tsx	27	1228	29f3d2134d920abea94d5100993238c0461601c4fb742ca29657a09d29f1cfc6
packages/client/src/features/discovery/components/corpus-archetypes-tab.tsx	148	5171	9d17afacd20ae30aa777576a7c15216cf6f2ffcd18cf7da2c6250d4259ddf217
packages/client/src/features/discovery/components/corpus-browse-view.tsx	152	6615	f43c4e7251b9fe72835d4cfc7ca971a558c81409909f31718b9681105dd11f86
packages/client/src/features/discovery/components/corpus-compare-tab.tsx	211	6951	7f59b271d33a40831c55b8221f5a7d1c435bb0b669104284c16d064ba918d46f
packages/client/src/features/discovery/components/corpus-content.tsx	30	1621	ca3aa07184286940d98458a0d50a3652efd5b4615798e06d8df60c8adcac4e5e
packages/client/src/features/discovery/components/corpus-context-header.tsx	36	1779	34ae0cf4bb9c7136c7bd2338674338000f0b6a750e46f39019cc1acde59798a3
packages/client/src/features/discovery/components/corpus-controls.tsx	82	2591	ac70c61029ca273cdc066f2d179eb1444a3db62488dbd3a29e83e8b71205d7ea
packages/client/src/features/discovery/components/corpus-distill-empty-state.tsx	37	1548	d9e3840920c57d1ddec22aff1f59af88fe8cf643efb6bb8b6d985215fdca5bae
packages/client/src/features/discovery/components/corpus-home-charts.tsx	193	6606	000e9936fdb9b0fdb19f171c818f08a60a7e2475870b1efb6e72aa442ffcee56
packages/client/src/features/discovery/components/corpus-list-header.tsx	22	1307	58cf695fb9816eb9ea44ae7845a5b0c3bfa0411e52e57b3b5544914416f1b93f
packages/client/src/features/discovery/components/corpus-map-tab.tsx	57	2647	5e76203c13e805a92c201c74109e58a2432aba7eeceb2524a143fa599aa5dcf9
packages/client/src/features/discovery/components/corpus-run-job-empty-state.tsx	44	2061	77207ca658db603de0158a7a9c34aed06f77a31bf34b9638c89f92ddf20e82bf
packages/client/src/features/discovery/components/corpus-search-results.tsx	314	11459	69e8639db28ee3d5c897782bd3dc5c1f8934a58304a68984d8bdec59fe728809
packages/client/src/features/discovery/components/corpus-similarity-tab.tsx	209	6835	14efc38f37891ada87498fc734eb9b3f9a0b2285ca01d0c679881d3b678c48ea
packages/client/src/features/discovery/components/corpus-visuals-tab.tsx	193	7947	fcc79d828155143fd447a0dae0c43aef11ccc6bd60316dc72d261513845a4bbb
packages/client/src/features/discovery/index.ts	21	1621	595f6627de825f6a2816ef2f7e2f01ad1175c7b59110d9ba611457451981b753
packages/client/src/features/discovery/lib/character-facet.ts	6	420	1ee27ccbfe1c2504f9353f254297980aeeb98fe86f8223f87ee83506eec364bb
packages/client/src/features/discovery/lib/corpus-charts.ts	70	3405	397419b918003091556e49eb5daf4d50a519efd590938f8852e00ffd6f4a8c85
packages/client/src/features/discovery/lib/corpus-search-targets.ts	52	3284	d02cbc514572e58674a0774aa22c40527e5a2ad8dbcfd64b725e930f9ede023e
packages/client/src/features/discovery/lib/corpus-section.tsx	62	3659	9f79ed31bc5a0275dc353ad5eeba4f1127125414b740abd8246ecb90f80a5556
packages/client/src/features/discovery/lib/corpus-selection-title.ts	14	829	2a6456083d1f5f06164459b0a80e5579908af5dd7e06e8631f04f42a89cde9c2
packages/client/src/features/discovery/surfaces/corpus-dossier-surface.tsx	328	12883	30f8fe92860514af0aaca72e3924dc0d2d592564c3899fdbe44300c7dfeecee9
packages/client/src/features/discovery/surfaces/corpus-home-surface.tsx	283	11161	dfac5dd9c5452a496949b47aee3c5a15339e1f542e0e04717234171c9a5cd501
packages/client/src/features/discovery/surfaces/corpus-list-surface.tsx	111	4906	99ec158abe97db7a7c7f3c9b6088c88c550a28e3687dca871e6f69607154ecfb
packages/client/src/features/workloads/components/bundle-workload-tracker.tsx	39	1932	42161f612cedcb50a7019dc8968851c6aa5be3fd5e30b018b7c7b9358c6b5ffa
packages/client/src/features/workloads/components/create-schedule-dialog.tsx	158	6836	a36c36d73270b13d6062ff8a24e9883a2a11938ff2b54200b5c422ac97e3b79f
packages/client/src/features/workloads/components/export-library-section.tsx	56	2258	fd749c24b227ab355995d02332922b9633a42216044fe1e8d7c19b1d88ff6169
packages/client/src/features/workloads/components/import-library-section.tsx	87	3898	242f2263d14b21fe64800b32d9de7dcdbb6c44855d170efe6f30c69da9f6e6ba
packages/client/src/features/workloads/components/import-report-summary.tsx	43	1884	b36a733a8c87257916237274db7c837d8b8495588a00e89ea159419ac588a3cb
packages/client/src/features/workloads/components/maintenance-kind-note.tsx	14	705	bd25e13bf716e4a447a0e4f74046500b40628eb3403d78413ad71c87d8e6f697
packages/client/src/features/workloads/components/run-workload-dialog.tsx	204	8641	d9393418cf322d0b72dd3e18ff0d26153fd29048d750b0538ebe41bf517540d8
packages/client/src/features/workloads/components/schedules-section.tsx	188	8812	acc9907a90f7138aa9c3b651e0f2cd050e3a1d625798d3978d9c3abfafde7e0e
packages/client/src/features/workloads/components/workload-kind-fields.tsx	64	2806	04555bbd56d0e4c8b2e875d64b4fb44f3b7b2445aba607ca90faad09a9b775da
packages/client/src/features/workloads/components/workload-row.tsx	229	9910	bbf3e00734bf64718a9fc9c36cab22e0093c71c2eb087304caba509daf8da1e5
packages/client/src/features/workloads/components/workloads-jobs-section.tsx	193	8200	573a40ee7e945d4fa1dc56645086b07459df21f7731ba6a08c65ce64185af785
packages/client/src/features/workloads/components/workloads-tuning-section.tsx	133	6400	16b78b2253092461b18295d8d7cc618c98a1c96c5a25ffd1f434f2d231b0d881
packages/client/src/features/workloads/hooks/use-create-schedule-form.ts	14	1008	d1cc2698ebdbf0f90be067e8a70153a67856a4c6c56303778a9c07dd7fde5ec0
packages/client/src/features/workloads/hooks/use-library-import.ts	122	4920	d88f26db7947f4a2ded8a86ec059c568a1bf6eea0dbf5aec0cf1fbe16b4efff3
packages/client/src/features/workloads/hooks/use-run-workload-form.ts	19	995	f73db379d4e8318a91e0c0957c9b3339dbdef9bf30c8208546bb2497e119ca15
packages/client/src/features/workloads/hooks/use-workload-mutations.ts	56	3094	6cac18f89ecb6b8283f7bce99285be296acb0a8cda5568bbc174f3e79aac3dd3
packages/client/src/features/workloads/hooks/use-workload-stream.ts	40	1976	3ac3613cd5684ec8073b138dd6d3cbd6667434123763fe1cd6941833a9029eee
packages/client/src/features/workloads/hooks/use-workload-subscription.ts	58	3479	447281c2ef581d1e51c68746b768f709faf1b0e835e999b49c48f6a77211671a
packages/client/src/features/workloads/hooks/use-workloads-tuning-form.ts	16	998	268be42960fb387d617c6bfb2607f1f54de20b7d14b5cec79e06cd6184587df1
packages/client/src/features/workloads/index.ts	10	753	01a1ac87021671fd3cc43dab3bad5418a15eec60529deb86ef0c21b8e92bc659
packages/client/src/features/workloads/lib/backup-nav.ts	3	271	949162116d6627cefa8a6aef1867476e5154df3c57bb2d167cd813d0f02fb71f
packages/client/src/features/workloads/lib/backup-pane.tsx	30	1283	ccee0e9bfe7ea6493f332418e40c3f869f5a33a7d6a0135bc8cae87efe243584
packages/client/src/features/workloads/lib/portability-model.ts	119	4389	acea1cfe4135b68b559583bf70dd1f987e6def556fade434c9ed22a184c20a36
packages/client/src/features/workloads/lib/workloads-failure-copy.ts	52	2184	7d8a223d4ec101911fedeb0eb7b3b46158abec112beacc7a8288526cbb1a6de8
packages/client/src/features/workloads/lib/workloads-jobs-nav.ts	27	1691	d9925a2edd72370ea6c7cbe89d0d6f931553019bc46620d805813cb56f357f7d
packages/client/src/features/workloads/lib/workloads-jobs-section.tsx	17	883	1c019b05228d00c44334ba03d957c16132ea17b44b4f2357e70e2a3851db13d0
packages/client/src/features/workloads/lib/workloads-model.ts	294	13324	a8f4e697576b8468cd1843056b422b4a5876eafbccac474c9082f6f342462241
packages/client/src/features/workloads/lib/workloads-pane.tsx	31	2107	6c27262d5f28b7cb6609ffa6ee3224f67ab7c75215ed7b46d3b32bf253902a4a
packages/client/src/features/workloads/lib/workloads-result-copy.ts	181	9950	6e33a2425ea84579eafed723fffe63414756fb6f538dd12ddabc29743869a6a1
packages/client/src/features/workloads/lib/workloads-run-model.ts	43	2189	03f6109c74f6a8fc2c575e1b07d43f380913fd6b9ee367ce47c081252e3e32f6
packages/client/src/features/workloads/lib/workloads-schedule-model.ts	88	3656	f0d32d93e7b6183dc33efa16c44fb70870948b756f3b9dda64c0caec3a415d08
packages/client/src/features/workloads/lib/workloads-schedules-nav.ts	18	848	9eba869a36f91084fb9f6fff6966761970226b3b6bee6ea510b844bcc32fc4a0
packages/client/src/features/workloads/lib/workloads-schedules-section.tsx	16	835	545fad6dad57ca2951e393adbc1db36e6272cb7f83ea8c35768c7d298abf0563
packages/client/src/features/workloads/lib/workloads-tuning-model.ts	52	2790	61958265ccc82cabe347f26217113aa4ffcf3075e505579fae6067c08a3b2cc9
packages/client/src/features/workloads/lib/workloads-tuning-nav.ts	11	587	46af9a3f9c7460bb33ef59e7722a35681195c194e026f653b2abb2541612c932
packages/client/src/features/workloads/lib/workloads-tuning-section.tsx	20	1168	26dba96f5b79d89e5d09d0e8aabee555723455966f5befb89ec786ae4c03da8e
packages/client/src/features/workloads/surfaces/backup-settings-surface.tsx	40	2133	642c9d24154586fc13b321d7980bfa5bc6586cf7a0da7ae51c13faf150694fc7
packages/client/src/features/world-info/components/attachment-rows.tsx	109	4266	031c06998b081c906bd3505365b8fea28a29cf2996d1c740cdadd3424d7f151f
packages/client/src/features/world-info/components/book-attachments.tsx	121	5133	be17b20715359e62994884a68fe94aefbe209d77ada77b4bac807220122f9146
packages/client/src/features/world-info/components/book-details-dialog.tsx	85	3343	ce815cb05147b6de8225d1774083f58a7a576454ccd5306147b2cdcbf96a8688
packages/client/src/features/world-info/components/entry-editor.tsx	231	10769	508d31fec860e8b74d4832ec8a831f9558cf33812f19f34bcb4e79f153231b71
packages/client/src/features/world-info/components/world-info-collection-rows.tsx	185	7861	bc94f66673ba5d76d05328f3f03a159ec8d1dfd512b8cf5e295e449fda1c6466
packages/client/src/features/world-info/components/world-info-context-body.tsx	23	1315	e38adf521e590a94fe4cb2699ceb1eea8f726a3fff6778375a499f5b355e7b75
packages/client/src/features/world-info/components/world-info-settings-section.tsx	103	5435	99e59c51e1d4208ee9fa49736ddbe9a8198f2681408c3e5c5e29a471233772b3
packages/client/src/features/world-info/hooks/use-world-info-collection.ts	60	2923	e84fd39fa7338490bb2962b78ee510556719162f6405dabfc20133e20a3f12bc
packages/client/src/features/world-info/hooks/use-world-info-mutations.ts	159	9739	c81506e6a1e6d1d277ac79243a1a2781e2be2e90a8e5871dfb607bb43dbe2f55
packages/client/src/features/world-info/hooks/use-world-info-settings-form.ts	16	967	7e0c852a06d33efc447ef8b5725b7b6710bd502752eefe57dc1bca642fd7fcde
packages/client/src/features/world-info/index.ts	8	663	b76434d6921591799584ac0eed91b06d0a18e211221d545f4f7408a944f7c1a9
packages/client/src/features/world-info/lib/entry-editor-model.ts	104	4625	1c084c28044f14e74e1b58a1c37f35249f681532be69daaa063d587bc99f4220
packages/client/src/features/world-info/lib/world-info-collection.tsx	39	2579	403f2d027651e632438c99c7cb7831ab653131183c26c494cf1b486b8a240de7
packages/client/src/features/world-info/lib/world-info-model.ts	25	1592	341d25d06073de3bec339fb90d7813302dcf9396a945f411045d07750f1daec3
packages/client/src/features/world-info/lib/world-info-settings-model.ts	10	645	ff1139001d861098cf57f74d6b52c9df0cf9f93c6de9c016c835da79896380b0
packages/client/src/features/world-info/lib/world-info-settings-nav.ts	11	568	21b360c3b99e778069198b861799e9d67d2597f7c3835f7b48d545ac8eb602ee
packages/client/src/features/world-info/lib/world-info-settings-section.tsx	20	1201	986cb007ffb7ce805ef998aed4fe679e24ddc8d3ebc1351ba2e48b8f1ec2904a
packages/client/src/features/world-info/surfaces/world-info-member-surface.tsx	185	8466	3a6b116dd1686577626ed2a732eb312a3ce39f18a52588cc3b29e7c85b4d2991
tests/client/features/databank/_ct-stories.tsx	201	9982	2177d6373ea2e51abd01a4d416c97f861425dc0c0c9847bce4a6c92f48a4304f
tests/client/features/databank/components/databank-context-body.ct.tsx	40	2411	acf0ac00d90604bf1081ed87ff46f6369edcaabf6aeb2a3f9dac8c7fbd7953a0
tests/client/features/databank/components/databank-list-header.ct.tsx	63	3860	2122bc2ea3091a28433c84db79c42f63bad23eae97bd68fe3137b9493e4328c6
tests/client/features/databank/fixtures.ts	127	6214	7d00dff3c995a6869bcbdcc591a5c74a7702e908e51a051f6267233ceaa12bf8
tests/client/features/databank/lib/databank-model.test.ts	250	14104	239f6122d4a680a1061fc4f84572607bd7612250eae141e90af3994b0952cabb
tests/client/features/databank/lib/home-documents-tile.ct.tsx	174	9873	6805f16f518c786845927fea2031d9e21c66a1424e017aa7248acfd03c22e452
tests/client/features/databank/surfaces/databank-detail-surface.ct.tsx	97	6087	fb95f1d68824e1cd8768d1419fdf1689d0cf488cbe7ab96e02fdae64c9a593fc
tests/client/features/databank/surfaces/databank-library-surface.ct.tsx	300	18768	c3f46fcec43c4c518f50b64fd67d0a61e30083fe8a123d5d37d4e8803fe5aeba
tests/client/features/discovery/_ct-stories.tsx	82	2683	a193c9fecc51a721607137b8524db80b33033365a5d3b15c17c9d08f3374c9a1
tests/client/features/discovery/components/corpus-compare-tab.ct.tsx	116	5445	0bc93e70f0ce2c8562972ae5a922fa9498d6ea2c396cb8b92825e9f682114362
tests/client/features/discovery/components/corpus-content.ct.tsx	123	6457	69f38a522051801839f5b586e078f9abefe360fd89833306aa5ae0d7f6b0fcfc
tests/client/features/discovery/components/corpus-context-header.ct.tsx	16	1022	11b90298928a499e44067a190e9dfdad735f6799c43438bd306a8d09522a0f0a
tests/client/features/discovery/components/corpus-list-header.ct.tsx	24	1398	17ef4b21f023af06bf0ead828754f0ca866f9805fc1c86c07f0041df917fe976
tests/client/features/discovery/lib/corpus-charts.test.ts	49	2706	8bf5628c4465b571c291606d44335096b243f0121044481ffaaf4d793cfc8be0
tests/client/features/discovery/surfaces/corpus-dossier-surface.ct.tsx	143	7022	338f02bb3c45bb2493b3f226dfe2061c88090c38ecbe221486affee1df37fb87
tests/client/features/discovery/surfaces/corpus-list-surface.ct.tsx	170	7482	2ff888ee7917f8a61b5346b11f345e109287655a6794cbe751edcddae6cf5fe5
tests/client/features/workloads/_ct-stories.tsx	101	4729	9aba20f4bac45949a061c018501d5186f689f60f84d2c695d1e02e3c6d1a8c19
tests/client/features/workloads/components/import-library-section.ct.tsx	107	5297	6d4462d49da443aa353bb4fc19596f5525047023ca3279b031ac70c268c6ddb3
tests/client/features/workloads/components/schedules-section.ct.tsx	264	12396	cbda6dea158bc4ecc9b9fc9d9afe4ae96abaccc0a3e6b4f176c246672bf6b86a
tests/client/features/workloads/components/workloads-jobs-section.ct.tsx	659	32114	2da61c1c8dd9f5b35d622fb9ca37eda22479ea868449067321971d30d58a89ba
tests/client/features/workloads/components/workloads-tuning-section.ct.tsx	60	3064	a88d16aba6a895f31960a926e160333d26374fc1501238d6d9fef9bf4d7ecfa3
tests/client/features/workloads/lib/portability-model.test.ts	97	4126	f6ba3b0b85968342df64da0b4e19da387a68e06165b0f5e0202371285f9f451c
tests/client/features/workloads/lib/workloads-model.test.ts	124	7241	94370f06644a16aaa3f6e83041d03dbfe219b59e6abef38befa462bee88aa66f
tests/client/features/workloads/lib/workloads-pane.ct.tsx	328	17969	49be3bff970b26ee6ed7a3e5a6d1421a20a6203cb6a33ece62956899228c0d78
tests/client/features/workloads/lib/workloads-result-copy.test.ts	86	5219	53944ab9df2a1f0fe4c7b6c9376aa867935987b4a2fb898e1451cc1a7f382ed6
tests/client/features/workloads/lib/workloads-run-model.test.ts	51	2990	5426700a7f910895830e3a64a660add8d88c072cd733b68b9feb9ddb5f113dfc
tests/client/features/workloads/lib/workloads-schedule-model.test.ts	95	3917	916a50928811f1d9d0f96febe917c8289b16ecd063d61bb48d6558eeedafaef5
tests/client/features/workloads/surfaces/backup-settings-surface.ct.tsx	99	4848	f5979cb35a8205d0fce73f6c91e07d212099498da5b3a025d0034cd082f3ce2a
tests/client/features/world-info/_ct-stories.tsx	164	7695	1e8f66431be5d072d75506b303d1fb2ee5786dc62e33294c39ebc9ba2700a52d
tests/client/features/world-info/components/entry-editor.ct.tsx	142	7467	5e7414f1a813912616311c153570225d4474c4602633aab29f1d5d7a789d6ffb
tests/client/features/world-info/components/world-info-collection-rows.ct.tsx	84	4077	68bd17321ddd747c617836602c8c43b40d16020108d18576c0fe7d4871ca1dab
tests/client/features/world-info/components/world-info-context-body.ct.tsx	43	1888	7ec6a103b9d8c2cdade2ffea3a07b6df6a9295b317ecc8a019b73aaa654e124d
tests/client/features/world-info/components/world-info-settings-section.ct.tsx	63	3141	3a352a743d641b7b586fa35a64fbc34ef623fd9d080c7fa009bb0397431f072f
tests/client/features/world-info/surfaces/world-info-member-surface.ct.tsx	107	5071	0df1bebe621e0de514979804479a1ab71576021ef5072230570488ebafc35fa6
