# Current working-tree receipt; columns: lines	bytes	sha256	path
949	42068	e3e22cc82ffe5b0d2c5662fbbc5950a26d414a2f05e0b0cb0b006a7f379d0971	docs/vendor/base-ui/components/accordion.md
1959	85432	d6443a767b07bacf553340fc8f199aef3161f08f12709663bc74ff119d776c38	docs/vendor/base-ui/components/alert-dialog.md
6409	298343	b7f3c2745b7ef2ad35438be6c96bc0993db9b009be764dde0d2da5f44bdc45f4	docs/vendor/base-ui/components/autocomplete.md
249	11659	4843f408ba65889f1085b18348400472d5c27fbc491506bb29076d0809a1d22b	docs/vendor/base-ui/components/avatar.md
332	11558	a330174924c1c354e7093a323bba536a453f59f02d15c047187783cedb36bd46	docs/vendor/base-ui/components/button.md
908	27362	e65f420e96f1ef9c02df3925bf0865a6f90c8eabd6677290165906e37195af78	docs/vendor/base-ui/components/checkbox-group.md
429	22953	9ccd915abaf8916cbf26e55e88b0782e5eb290322cd0a3d01b5533aef3fbf4dc	docs/vendor/base-ui/components/checkbox.md
405	18546	29c20ffb1eb1a3477eb6bd1fd00903bfea151e4d0f637b538163727769e30c7c	docs/vendor/base-ui/components/collapsible.md
7800	340747	759e3f7e32809dbfff8ff922b3e866145687c289e2d125bfac385cd90e75b853	docs/vendor/base-ui/components/combobox.md
2055	139002	fe7869fe6776fd4e2e4663139b7bc5bced33764e66fe0736b72deb70787793b4	docs/vendor/base-ui/components/context-menu.md
4235	171135	cd3f2f1d3d6adcd6be24602e1eecd26e18a2bffd1b72577e5983c6064f663ced	docs/vendor/base-ui/components/dialog.md
5874	241333	06e18a642563ba92e71fe756dbadfc3fc8789c9458a37bba6b7b359f3ae8fbcd	docs/vendor/base-ui/components/drawer.md
629	37088	592fd96a5b4a4175823e90ae6a8d4c0960d47b4516d6b411e8908ea8fcae5688	docs/vendor/base-ui/components/field.md
275	9895	efde9b47807a06f216c17c045651034aeffb52166378f75d5d93d1d5cc1596fc	docs/vendor/base-ui/components/fieldset.md
1047	31909	fd2efd788d005d5213095c84eda251174e28301e87bcce2477c27bfb6088dd72	docs/vendor/base-ui/components/form.md
220	8437	d8c987f1f235eca97efc665d002b5ba2e1a6dd645eff427902aa2694bdc5985e	docs/vendor/base-ui/components/input.md
5377	244841	119837757a89a71d8e0ed68ce021591f32cd1484fb02a73e8ca8170fa2b65d62	docs/vendor/base-ui/components/menu.md
673	34166	61d6e837a6a615e5c378a8a31bc281e6d383e7761d12649ec1c50a680f4ec2a5	docs/vendor/base-ui/components/menubar.md
278	15829	dd3473eb78de94beb1f477b178c6cda8704fdc4bb80b3b460b3a84493827fdcb	docs/vendor/base-ui/components/meter.md
