kind	lines	bytes	sha256	state	path
OWNED	297	15126	67b669a69e2f07303b8b5ba140b56f006b3f54b268e55b7ac6ef8f6ec6dce320	clean	packages/client/src/lib/agent-bridge.ts
OWNED	110	7930	83da1cc4ba354b4321cc20f27ae3e61926e16910d36b896724d02266e4c5639b	clean	packages/client/src/lib/agent-tools.README.md
OWNED	20	902	8ae5b3214094f5e5fda8e3490ff9c20c7a591d02cf5214a82e4ef05fa5c6c04b	clean	packages/client/src/lib/background-kind-items.ts
OWNED	126	5478	6a5b2e370b9f9269c7c9dd9d3f251fc746a71a340506c2446b6adc5566b2c394	clean	packages/client/src/lib/bus-devlog.ts
OWNED	27	1762	8f5ee6c8088a2d34a43ddd36a855435a802496ab23b1057cb997754e031e056e	clean	packages/client/src/lib/chat-title.ts
OWNED	22	1031	5edbd12fd6f76af2f950c9a48dbc7d375d6bf76a967b545a5e91aa17aeefb7cb	clean	packages/client/src/lib/client-error-report.ts
OWNED	171	13129	e1aa23cf19966ac9184b804eea5ac42592169ea8b945b057373b716495ac500d	clean	packages/client/src/lib/collection-contracts.ts
OWNED	185	11917	f39dbd155f2a77fd4df87fe9008b0efeb32b861567c5416590b63230d29419cb	clean	packages/client/src/lib/contribution-contracts.ts
OWNED	42	2565	7de654a20d27a96bb3ed010e05b911a5161fcf63737856bf34a602b451bbb1d9	clean	packages/client/src/lib/create-registry-context.tsx
OWNED	7	647	f7908473a3856c144815a889e551e974435cbffc931126e0c8d69f69a9ba4082	clean	packages/client/src/lib/dev-flag.ts
OWNED	40	1838	8ea9ed49f54b6c27844c2934f5906663391a3124654add79d80a2334fb94d87f	clean	packages/client/src/lib/dev-tools.tsx
OWNED	78	3354	cadf5c5b03f4c338cece5504e120cf5ba039637d015c15fb84537dc6f7261117	clean	packages/client/src/lib/download-json.ts
OWNED	43	1459	8aa74f7672826eaa3bdc664a2ad9c385a6aae2f0790474fb683bfe3bacd34b8e	clean	packages/client/src/lib/error-boundary.tsx
OWNED	118	5698	f8f899a21f7b4f35924d316b6ee1e0cf52fd21b0087245fdb114d543ab82adb8	clean	packages/client/src/lib/index.ts
OWNED	129	9514	ae6a0359833827d9e6e51ce6270b5162ac3bbf60f35b20581068defa4044be1e	clean	packages/client/src/lib/injection-copy.ts
OWNED	12	704	8eb0c57caf279052a45b3ca5a77cb96da0ad408b8f08573486399a078f8328e3	clean	packages/client/src/lib/log-clock.ts
OWNED	158	7575	fa568b171e911f70f461bb0c0e58d85e0a733422f5176708163cfc66a7f5bf57	clean	packages/client/src/lib/long-task-tracer.ts
OWNED	27	1765	5b514c021a0eed9211b4c5713662b8c38b60cfa5c6fae5caa5075d27684f2826	clean	packages/client/src/lib/message-bubble-class.ts
OWNED	132	7491	bb76fb52dca9d3cd8e063d6c9b4c27cacf011f7b693bba4a1409495f61dc6e77	clean	packages/client/src/lib/message-render.ts
OWNED	19	812	5f87cc6afccd14831aeb0b3e0a6dc5b3e3e4c0b3ae99fca496af7bc9fa02fbda	clean	packages/client/src/lib/message-role-labels.ts
OWNED	413	18823	13e0e714dbb41394bbb010a89d6240eff109bc7dc523b9eaebfd0619a470bb54	clean	packages/client/src/lib/motion-flaggers.ts
OWNED	310	14734	1764d59a8451b74bbd87147ed7cbb9909310aa65f1b506986c94872c2ce66cb4	clean	packages/client/src/lib/motion-stats.ts
OWNED	81	4071	ab1f8437b6ed4ab7608d212318d9d8239ec914a3ff6882cdead067a8f03a4f6e	clean	packages/client/src/lib/notify.ts
OWNED	36	1538	d92f1e3f0c56cefa9fde4b05d4eda300731e06e1c250aef9c5f100888f779b75	clean	packages/client/src/lib/perf-marks.ts
OWNED	19	675	7dd83f3c64fc976d7b46361094ef5c45d3736e1c96747b2b61106eedc12a6242	clean	packages/client/src/lib/probe-mode.ts
OWNED	217	15065	26b64c49c9abb67a6d9ec3409e248cefe22dd367ac1f9cc22a318340ad8c77b0	clean	packages/client/src/lib/prompt-macros.ts
OWNED	107	7470	5e9bfd17932704d900f316efd1c67af08151af3c274499aa8af9f9220630021e	clean	packages/client/src/lib/regex-placement-labels.ts
OWNED	334	21788	2ebe83983c9ce96c6ebcc4647249546ecba4eeb6cbe7906343dc2a90d03e2cc1	clean	packages/client/src/lib/registry-contracts.ts
OWNED	76	2758	a4217fa9fa88b73b25fd3a8ca55ab62c820e6497d1633fc7af4f71d0404c6f9a	clean	packages/client/src/lib/registry.ts
OWNED	34	1267	790566d90b308edccf6e215af39a2656b659cbc8300e2552d18a156e94eb6893	clean	packages/client/src/lib/render-profiler.tsx
OWNED	62	2030	24b824aa954644cf3092231043ef3c2ab620efaa43a9d4435c7899ab853eee88	clean	packages/client/src/lib/render-stats.ts
OWNED	83	5177	2b1e1b36a3433577720586c34d76337422ce773dd2b7d982249ebabbf6dafff8	clean	packages/client/src/lib/render-trust.ts
OWNED	65	3039	f7413fc5f9003ded58c611a0e5b92334a46b5e836c1655b7067daf01cef6ee42	clean	packages/client/src/lib/row-qualifiers.ts
OWNED	45	2554	593f6c5a3df0eb537584fabd40ac52919fb9aa4a71d219a9568982ed4e3a01fc	clean	packages/client/src/lib/tag-filter-state.ts
OWNED	46	2920	90c22de8f075216a89d492da58b14e33a5764a8b7da12689bd31af7babe402d6	clean	packages/client/src/lib/tag-sort.ts
OWNED	212	12277	edd7e70c02fa5b55dfff88be23bc081845eaec6a611c6baa5cb7d596f8c21b8f	clean	packages/client/src/lib/test-ids.ts
OWNED	25	1562	10cb91ee75f5f6c1318e8b765756d23e21320307c00fc66754ca10682ff75488	clean	packages/client/src/lib/theme-appearance-items.ts
OWNED	32	1715	662fdc63b64a4d59872db8c69310fc3f9056153a944491cd7cad5b9086a55e6d	clean	packages/client/src/lib/theme-override-form.ts
OWNED	23	1396	e36b9a8b40d8cbedbc776c022d99df2a8fc915527d857c05ecfc7f07b758ae9d	clean	packages/client/src/lib/time.ts
OWNED	50	2343	dbfc58791981738f5459b242203ba6b405951850d25659afb7bf846bb8cd689a	clean	packages/client/src/lib/toast-notify.ts
OWNED	107	4298	36d2d88d75e00e836e42185f7a90fdf76233ec8848ec52c06e730b999f811278	clean	packages/client/src/lib/trpc-devlog.ts
OWNED	21	1214	9529349ed2a8efbee1b43e99ee2a1c89f171deb93530a150ac1f8e3a2326f583	clean	packages/client/src/lib/use-debounced-value.ts
OWNED	57	3403	c09ca8cc5134d47228bc68639d2fce4b54ce2df7c9e160b53b1a34a00a71892d	clean	packages/client/src/lib/use-focus-on-mount.ts
OWNED	48	2447	635adc8f4b5e8c9ac2f878d4650856435fca561549162d7e736e39f4b130a368	clean	packages/client/src/lib/view-transition.ts
OWNED	66	3767	897a9ac6e20a1709b3a43e0fa83b32fadca4d595de818003f3031865b8d9d19d	clean	packages/client/src/lib/weave-glyph.tsx
OWNED	22	1603	ee71da55976ac3b5337e84ac39b378b03873a43ef9eac824f967a17ad94a4ec5	clean	packages/client/src/lib/zod-jitless.ts
OWNED	238	11930	ee4fb96293d4f291d7c0ee89eaf9ddf8bb0dee7906ea9435e655893c47cf6724	clean	tests/client/lib/_ct-stories.tsx
OWNED	35	2228	4f4daa3c2aadbf58fa1148f58204a03e5be39cb5250f2b1aae83d705a8f15695	clean	tests/client/lib/agent-bridge.ct.tsx
OWNED	38	2133	38300296a1cefbe1e9be619de8d082d4334da89d3f45b7b35220cbf3c3f641fa	clean	tests/client/lib/chat-title.test.ts
OWNED	37	1849	75d6bbcebea68c6c3be3ad42814f977be906be4fa74cf51ce5736373b6650243	clean	tests/client/lib/client-error-report.test.ts
OWNED	22	996	398c360168be9e4049efe3652bc69969a461620df09b4ff4fa5a026ec6ccf405	clean	tests/client/lib/log-clock.test.ts
OWNED	146	7113	9f5891e29c19b122740d3aecb16293cdb91a2a346eda65368525e26c56bcdd3f	clean	tests/client/lib/message-render.test.ts
OWNED	64	2956	f8d5dc3007e2a94eece004694f8ba9415ce4ff3b587a3438dc3defa8c6d02773	clean	tests/client/lib/motion-flaggers.ct.tsx
OWNED	95	4880	a45dcaffe934d1c5e8899104b4e2ee447988f4bc28059b899bf28e7439344b6d	clean	tests/client/lib/motion-stats.ct.tsx
OWNED	45	2760	ad24d98a935e5722997497e7e6fab9fc8aa457f96e872ef51edb86eca98a71f4	clean	tests/client/lib/notify.ct.tsx
OWNED	74	4010	1a3d3cefb55aca3c1e29989527270f1d16fd3bf571b23925da32a4aa024ff1f3	clean	tests/client/lib/prompt-macros.test.ts
OWNED	69	3798	6b70e4eadb083917a7ed6bb6d676f9bf74d3d62acbe138fc45f3f62234945c1e	clean	tests/client/lib/regex-placement-labels.test.ts
OWNED	183	8191	5d2a989e90368b11b68f14a4789dc038e9c75a9e077d27c3d123f45b00509bcc	clean	tests/client/lib/registry-contracts.test.ts
OWNED	28	1288	8e7f5d74536e2cf693448d525fac6352f8da502a09d58779ee52f85a78de8252	clean	tests/client/lib/registry.test-d.ts
OWNED	79	2861	4ab2815fc98d6224fd23cc0a40867e5a42a93f17c38e9ec309ae72d7cbf4d704	clean	tests/client/lib/registry.test.ts
OWNED	187	7363	0aa7b6c46a0e99060c2c1b94529ba49e2f3af65903216e34733b42d5984cb131	clean	tests/client/lib/render-trust.test.ts
OWNED	80	3697	0bbe3764a3500fb58c795c516840946dcc8a1159042aa196932f55b601d2939e	clean	tests/client/lib/row-qualifiers.test.ts
OWNED	37	1696	5fe428c3210265294badb89f51cc0663a242202dc16717156939b32c8df6d75c	clean	tests/client/lib/tag-filter-state.test.ts
OWNED	43	2143	35215489650798d7e81e8090350c54431134239366674805da6a9ab78678b100	clean	tests/client/lib/tag-sort.test.ts
OWNED	119	4853	ef0692335c8bcb0cead480d51c0bec44b3ee756a3d6ef0098f7d7393852c001f	clean	tests/client/lib/trpc-devlog.test.ts
OWNED	44	2336	e4964f213a350b5ebd294e4bb1b63baffa598531a1a03c5310859cda212f1864	clean	tests/client/lib/weave-glyph.ct.tsx
SHARED	343	30441	8b50cc7e042e901a95afbc98681e2e8860f9ff83a3d93dfa490ed4fbf0e80140	clean	docs/architecture/core/AGENTS.md
SHARED	41	1997	1ccac63e31bb369567cd1aa09adf949c4e75023beb8b8846769cf12d8492724f	clean	docs/Mission.md
SHARED	257	18686	598fb10bebcd28a6755bdc2f7d1910116ee95e049a8e097dff6b7f8bb563ed58	clean	docs/architecture/core/Core-0-Architecture-and-Structure.md
SHARED	135	14977	5d0492cebc9a6affd893f3415ca20cbe21fd96399f426d23fb9892bf43e18126	clean	docs/architecture/core/Spine-TypeScript-and-Patterns.md
SHARED	146	19718	c5c30942b2ea90b1985951addfa5ff61138131fcb46dcbf0651d706477a9b0a1	clean	docs/architecture/core/Spine-Testing.md
SHARED	4099	223111	3fb787531f2e1456b31b3d78eb39f3c06061999b0f8776119894f7406084b572	clean	scripts/codemods/ast.ts
SHARED	51	3365	738833fde2717dfb3bd6cd1f8bc436a327ca2dc773787a93752480516ced062b	clean	docs/reviews/repository-audit-2026-08-13/README.md
SHARED	89	4542	04d081b5e7b7816ce1dab862a26eb403af450658c822449aea327d646c2a4ac3	clean	docs/reviews/repository-audit-2026-08-13/RUBRIC.md
SHARED	73	2015	2410c69138e3e9556a43dd602f237da0fed74616dd2c62d66dd382621343be16	clean	docs/reviews/repository-audit-2026-08-13/REPORT-TEMPLATE.md
