path	lines	bytes	sha256	assignment_sha256	basis
docs/architecture/history/Pain-Ledger.md	108	9225	14aa6a90101f06b4ec04121bce8dc93245dec89fa5dd8dbdf11fff417873a148	14aa6a90101f06b4ec04121bce8dc93245dec89fa5dd8dbdf11fff417873a148	working-tree full read; matches assignment
docs/architecture/history/Shared-Drawer-Dissolution-Map.md	149	18932	9655af8bd9bb0fce39528b3943eeb1393cf72c8a3ce30dbd0f6dfa1196954035	9655af8bd9bb0fce39528b3943eeb1393cf72c8a3ce30dbd0f6dfa1196954035	working-tree full read; matches assignment
docs/architecture/history/UI-Lib-TanStack-Form.md	562	65591	b30ce43954b1ab99815f9ca49cf1ceee6809db7f1c4151621abb35dd21342e28	b30ce43954b1ab99815f9ca49cf1ceee6809db7f1c4151621abb35dd21342e28	working-tree full read; matches assignment
docs/architecture/history/UI-Lib-TanStack-Query.md	690	68007	60dc85f7fce450b59920525deaaf19473d445d2ffbb622b2e0630fdf6f532d1d	60dc85f7fce450b59920525deaaf19473d445d2ffbb622b2e0630fdf6f532d1d	working-tree full read; matches assignment
docs/architecture/history/UI-Lib-TanStack-Router.md	303	25741	dd3dcd4f0bf64d18b046a92a2a08c5782021eea91ba9aaf8937b191623d21e16	dd3dcd4f0bf64d18b046a92a2a08c5782021eea91ba9aaf8937b191623d21e16	working-tree full read; matches assignment
docs/architecture/history/UI-Lib-TanStack-Virtual.md	169	26730	2e298f8968d727cdb7f2ec407e5b8e3dcb3dd71b523653eea34185d8ed4f60e1	2e298f8968d727cdb7f2ec407e5b8e3dcb3dd71b523653eea34185d8ed4f60e1	working-tree full read; matches assignment
docs/architecture/history/UI-Lib-Zustand.md	172	28454	ad788969b4e1c22a0081a5d3aed82c6cdfd1245ebf87cefd888d85d020c11978	ad788969b4e1c22a0081a5d3aed82c6cdfd1245ebf87cefd888d85d020c11978	working-tree full read; matches assignment
docs/architecture/history/neo-orb-parity-audit.md	194	49353	3011dbdbdb80fa4237b25998ae6507ac2025a439b6be9b6c73f38288c1e84600	3011dbdbdb80fa4237b25998ae6507ac2025a439b6be9b6c73f38288c1e84600	working-tree full read; matches assignment
docs/architecture/history/neo-test-steal-list.md	165	12428	9ea09c295979181a014fd0e1076022450fce3ff1c986d7bfcff5e5c4d70a7f99	9ea09c295979181a014fd0e1076022450fce3ff1c986d7bfcff5e5c4d70a7f99	working-tree full read; matches assignment
docs/architecture/history/planning-council-record.md	162	11679	ef2350c7b8c2fd59e3501fd4f0fb0f89e60371c71783c9bd336881ef11ab5db8	ef2350c7b8c2fd59e3501fd4f0fb0f89e60371c71783c9bd336881ef11ab5db8	working-tree full read; matches assignment
docs/architecture/history/preset-form-mapper-elimination.md	46	2728	c49368de45cf60da653c37dc5b7f693d2dae3a6f864be4c8dd7c81010a416090	c49368de45cf60da653c37dc5b7f693d2dae3a6f864be4c8dd7c81010a416090	working-tree full read; matches assignment
docs/architecture/history/prompt-manager.md	512	31859	d2721896bc99ff81e21dc1ba776010d7304347ed5de55594dd247f262d97e1d8	d2721896bc99ff81e21dc1ba776010d7304347ed5de55594dd247f262d97e1d8	working-tree full read; matches assignment
docs/architecture/history/rpg-console-commit-mini-spec.md	113	9269	84f337de8d469677846ee5fbde25be825e339a973c8b3da3352c49b5e060904c	84f337de8d469677846ee5fbde25be825e339a973c8b3da3352c49b5e060904c	working-tree full read; matches assignment
docs/architecture/history/search-deferred-verbs.md	136	10920	6d0264d54a09571ad3690d26a9166c21edc20179ad3226251838446eb6ab6df9	6d0264d54a09571ad3690d26a9166c21edc20179ad3226251838446eb6ab6df9	working-tree full read; matches assignment
docs/architecture/history/shell-chrome-unification.md	207	16413	40359d5ccdeacefaf3abfaadb1b75d8f7bbcf95eabc9469dedc1c07b7ff14e00	40359d5ccdeacefaf3abfaadb1b75d8f7bbcf95eabc9469dedc1c07b7ff14e00	working-tree full read; matches assignment
docs/architecture/history/spine-identity-config-archaeology-record.md	44	2874	6e3d6098baaa88fe171bd9a95aa616adbfcedf21966b14ec016d4b629c55b7aa	6e3d6098baaa88fe171bd9a95aa616adbfcedf21966b14ec016d4b629c55b7aa	working-tree full read; matches assignment
docs/architecture/history/spine-testing-archaeology-record.md	39	2685	ea313461745dab7c12cc02487583bc353d709e3f73d07659c2ebcb30bde6d701	ea313461745dab7c12cc02487583bc353d709e3f73d07659c2ebcb30bde6d701	working-tree full read; matches assignment
docs/architecture/history/spine-typescript-archaeology-record.md	34	2139	29c01bcbbf385293719f650bb168166d8b2d916c662c2ff9ecbbbc82b0d8e306	29c01bcbbf385293719f650bb168166d8b2d916c662c2ff9ecbbbc82b0d8e306	working-tree full read; matches assignment
docs/architecture/history/st-feature-map-archaeology-record.md	37	5027	de3ba8ef88ab4b8fb6e368274ee9cc9d81b3134ee508568b80e81e180806d06d	de3ba8ef88ab4b8fb6e368274ee9cc9d81b3134ee508568b80e81e180806d06d	working-tree full read; matches assignment
docs/architecture/history/stats-discovery-seam.md	87	6143	0cd36e7f955d50995c50dd049570dc8e5b965ac56c7c06c731351896e4c5a055	0cd36e7f955d50995c50dd049570dc8e5b965ac56c7c06c731351896e4c5a055	working-tree full read; matches assignment
docs/architecture/history/tag-pending-review.md	48	2931	8d060c07579e66bae87cc20b1413dc98e040893293105343f9b794d0bcbc5c8e	8d060c07579e66bae87cc20b1413dc98e040893293105343f9b794d0bcbc5c8e	working-tree full read; matches assignment
docs/architecture/history/test-quality-review.md	211	16399	30f766e3b9123f9beb0c78d8085d88c1a7d0e4e0895a902df72b5461053db46e	30f766e3b9123f9beb0c78d8085d88c1a7d0e4e0895a902df72b5461053db46e	working-tree full read; matches assignment
docs/architecture/history/test-support-dry-punchlist.md	180	14464	ad7997a6816f06a111556cf034abfc2168d14bc4868987c09c93fcb2c14d5e3d	ad7997a6816f06a111556cf034abfc2168d14bc4868987c09c93fcb2c14d5e3d	working-tree full read; matches assignment
docs/architecture/history/themes-design.md	366	22540	ac59a5d71ff928a0279a2771ccc3268b5f9882acd4813166bb94d49659f58d8e	ac59a5d71ff928a0279a2771ccc3268b5f9882acd4813166bb94d49659f58d8e	working-tree full read; matches assignment
docs/architecture/history/tier-1-2-archaeology-record.md	40	2165	ab75dfd5bf3b51ea80576ce1569ab8af412d958434944b5f638a01d655cafff5	ab75dfd5bf3b51ea80576ce1569ab8af412d958434944b5f638a01d655cafff5	working-tree full read; matches assignment
docs/architecture/history/tier-3-archaeology-record.md	48	3414	6ec13c1fdc1210c246f581fbd09ffc66e15b85b121c336d47c8a6bbe8512209c	6ec13c1fdc1210c246f581fbd09ffc66e15b85b121c336d47c8a6bbe8512209c	working-tree full read; matches assignment
docs/architecture/history/tier-4-5-archaeology-record.md	52	3116	86f11c686a6cc37108525b162e473372cde5b81bef8bf7606d4e3d843f03ff33	86f11c686a6cc37108525b162e473372cde5b81bef8bf7606d4e3d843f03ff33	working-tree full read; matches assignment
docs/architecture/history/ui-architecture-archaeology-record.md	32	1743	fb9a4a36860ac30f52c697a664cf5ade0498e366a4245d8f8f6eb8b9d40a615d	fb9a4a36860ac30f52c697a664cf5ade0498e366a4245d8f8f6eb8b9d40a615d	working-tree full read; matches assignment
docs/architecture/history/ui-gates-lessons-archaeology-record.md	145	10658	647c2bf16e2fd5770c2d625879ff06f5ba3b878d62fba9197b150edc0e35d30c	647c2bf16e2fd5770c2d625879ff06f5ba3b878d62fba9197b150edc0e35d30c	working-tree full read; matches assignment
docs/architecture/history/ui-package-design-archaeology-record.md	206	16460	3c80e6121cab8191f3c2e6eb692c016d0bfe3e00079e4537a21a813ac142a269	3c80e6121cab8191f3c2e6eb692c016d0bfe3e00079e4537a21a813ac142a269	working-tree full read; matches assignment
docs/architecture/history/ui-polish-punchlist.md	552	39967	7cde0ff954da244a7c7642ab6cf4bc441f5b5d44de51607866fa1ea2692042bd	7cde0ff954da244a7c7642ab6cf4bc441f5b5d44de51607866fa1ea2692042bd	working-tree full read; matches assignment
docs/architecture/history/ui-primitives-archaeology-record.md	37	3526	a0ccd9616bbda7b93bb2da9eee0fa016c3a8d2e7d98e12f53e9df6c6754703fb	a0ccd9616bbda7b93bb2da9eee0fa016c3a8d2e7d98e12f53e9df6c6754703fb	working-tree full read; matches assignment
docs/architecture/history/ui-theming-archaeology-record.md	80	5360	b5c017c6c2b2a4c4939df9ef12e7f2d7173ec5fd89644157021074cd7b01a8c8	b5c017c6c2b2a4c4939df9ef12e7f2d7173ec5fd89644157021074cd7b01a8c8	working-tree full read; matches assignment
docs/architecture/history/ux-flow-revamp.md	561	47125	e79aa4c839ccd7d71994c54787f6d98aca6ee67f0225251c1fa7cb5a04c3b500	e79aa4c839ccd7d71994c54787f6d98aca6ee67f0225251c1fa7cb5a04c3b500	working-tree full read; matches assignment
docs/architecture/history/workloads-deferred-designs.md	113	8085	efc9fb0b34535082d4fde783ffb649cb28d85bd033c93f6bae13d01694026fbd	efc9fb0b34535082d4fde783ffb649cb28d85bd033c93f6bae13d01694026fbd	working-tree full read; matches assignment
