path	lines	bytes	sha256	read_method	completed_at_utc
packages/server/src/entry/app.ts	321	15858	7d298abec0c1efe51c554c582d8ee986f8007636d84fb44480f9d80ac8ffb5dd	full-read	2026-08-14T05:25:44Z
packages/server/src/entry/auth/.gitkeep	0	0	e3b0c44298fc1c149afbf4c8996fb92427ae41e4649b934ca495991b7852b855	full-read	2026-08-14T05:25:44Z
packages/server/src/entry/auth/index.ts	2	181	95b3daefc09dbc61d3fe3331c61cc83c2ec46cb9ea7c456e0fe78bb5643cc901	full-read	2026-08-14T05:25:44Z
packages/server/src/entry/auth/seam.ts	336	18690	7eb959b153cc3e175ca900773bb649472dc9bbd33fc4c929f1a101dafe90389d	full-read	2026-08-14T05:25:44Z
packages/server/src/entry/http/auth-meta.ts	80	4891	6b4981147d78b68120aeb6981356aa15ddf83596a24212c3b501f7e3d2245771	full-read	2026-08-14T05:25:44Z
packages/server/src/entry/http/auth-routes.ts	655	36180	4fbecde908008574fdd1a95efc0204a06ccbd262cb1caa17a0c3de568339049f	full-read	2026-08-14T05:25:44Z
packages/server/src/entry/http/blob.ts	142	6141	28fff925fe3403ba123f345e32ca98b7a2969a485e5c1990fb095a1010038e55	full-read	2026-08-14T05:25:44Z
packages/server/src/entry/http/card-frame.ts	252	12071	e3a963a10d03120d5fee067bef6dffc57ab1150e6bc875fbc0686c6ae16850b1	full-read	2026-08-14T05:25:44Z
packages/server/src/entry/http/export.ts	175	8661	11fde5e6a641b2094772417861664e047c0d33ac591c308c2e80468757091cb4	full-read	2026-08-14T05:25:44Z
packages/server/src/entry/http/healthz.ts	30	1392	d8a39c0e2abb941ce5ab9d6a1cfeb551bf73d782cffd0727f2b09303e8a84c1f	full-read	2026-08-14T05:25:44Z
packages/server/src/entry/http/import-chat.ts	159	7884	db2b3242f5d52b9ef54624b70decebde88c37a1a0520420aca52ae49763bdd2b	full-read	2026-08-14T05:25:44Z
packages/server/src/entry/http/import-tree.ts	326	15623	3e20f0ce925d3ce61ccf8e9222b22979a2413c754191d154627e83f0d7105906	full-read	2026-08-14T05:25:44Z
packages/server/src/entry/http/import.ts	104	4198	5126ac08dc6162d8793b3d45bd92c239d17d43a7890de50473c7513d1545a4da	full-read	2026-08-14T05:25:44Z
packages/server/src/entry/http/index.ts	42	1686	1f2d1aee61b2f869239267c10477a38d9ae3654c19be95f34b460a172c46ac5a	full-read	2026-08-14T05:25:44Z
packages/server/src/entry/http/join.ts	25	958	050027b98d86669a33a74b3c8f819bb2cdb36b95fb0dfee02f1add10bc59b57f	full-read	2026-08-14T05:25:44Z
packages/server/src/entry/http/security-headers.ts	115	6691	9935888dea036f7699409ab7f4a84a38a30e45cb2024bc98524a5e09a7a25134	full-read	2026-08-14T05:25:44Z
packages/server/src/entry/http/spa.ts	93	4920	de6ded6d77bbbe6f8a59ffa2eb35f7a88b01eac3aa521d94e367d39fa1311b0c	full-read	2026-08-14T05:25:44Z
packages/server/src/entry/http/upload.ts	181	8498	bb5c2f319047d9cce0298e8f26eec27615b6419d792767691762231fc77e49e1	full-read	2026-08-14T05:25:44Z
packages/server/src/entry/import/build-import-context.ts	131	6349	a0b3b822fe04fc03c0f5497d50a4262cf6d81d091bec9417afb1012af03a16cf	full-read	2026-08-14T05:25:44Z
packages/server/src/entry/import/import-report.ts	204	12325	1aa7d8930f6415461d379b1250cfd3d09996e148e6e373b296a77854eba3f812	full-read	2026-08-14T05:25:44Z
packages/server/src/entry/import/index.ts	38	1350	83a9b475257f72e8d8e086ca96ebd7b14a529201c6eaccd4e9b0cec83fbf4f2a	full-read	2026-08-14T05:25:44Z
packages/server/src/entry/import/run-bundle-import.ts	233	9213	3e78e9ad0b818669c282b56fb0108df286c8b9abd07d096420e4099704a72bd6	full-read	2026-08-14T05:25:44Z
packages/server/src/entry/import/run-profile-dir-import.ts	709	36500	5e13dc9b43a70e0b1aec26ff527ec17e44a6bca54f55e75aa6d78e8b7fcaca33	full-read	2026-08-14T05:25:44Z
packages/server/src/entry/import/run-profile-import.ts	97	4114	54b09eb6c7618eb5229fb8a7f37171385279987319a0390e59800903993f59a4	full-read	2026-08-14T05:25:44Z
packages/server/src/entry/import/sniff-tree-layout.ts	129	6395	8252f8e70402d077b9621ba7efcc6b8bab65fa69e910f0f64434d118b4a8cda0	full-read	2026-08-14T05:25:44Z
packages/server/src/entry/index.ts	26	986	e66abe2cd8a4a1a80342668e4712b8af8aae2e3529c0e1e657a8d38243a06748	full-read	2026-08-14T05:25:44Z
packages/server/src/entry/lifecycle.ts	555	27526	c58662c7496b2a8246226f36a2222b4f782c59126ea2d104d4df202b40c94480	full-read	2026-08-14T05:25:44Z
packages/server/src/entry/rate-limit-gate.ts	107	5741	f2a34d3aab03921492c56ecbc6185f4f8cec308f823ce063333cfa6cf34dd71c	full-read	2026-08-14T05:25:44Z
tests/server/entry/app.test.ts	375	19226	52ca8ad8ce4b05fc448f43ea8e430cc4049864cdda763f57ec00341760c44a27	full-read	2026-08-14T05:25:44Z
tests/server/entry/auth/seam.test.ts	507	22963	e7c9b7da92a3af8e12dbc1c848c697868e247f3a6cd27eab7a8f83f0ebc25fe2	full-read	2026-08-14T05:25:44Z
tests/server/entry/debug-gate.suite.test.ts	297	15479	a903e5e7ae8d005780da03bb7b09f6626cb0f8492af841329c8ce08369ccf7fe	full-read	2026-08-14T05:25:44Z
tests/server/entry/http/auth-meta.test.ts	257	11084	8bf01b134e28bf5b83f19c65a6b60808da5c8e9270a2650a83cd1b383de4a81f	full-read	2026-08-14T05:25:44Z
tests/server/entry/http/auth-routes.int.test.ts	246	11197	e7ecb934fd31f37f1fa04e2cc4cbeb72a04860691f5e6b9dd3bce974e9914f83	full-read	2026-08-14T05:25:44Z
tests/server/entry/http/auth-routes.test.ts	806	38133	a07e8025de9554bdb83277570b40131c1d762f4edc4e7214c84e4f937bd29e87	full-read	2026-08-14T05:25:44Z
tests/server/entry/http/blob.test.ts	183	8442	b80576d7253133697cda7a59b6d75b74835422f2cd4c91bfe78a2ce0dcbce35e	full-read	2026-08-14T05:25:44Z
tests/server/entry/http/card-frame.test.ts	243	11598	4217c7819c286a4b32785899d3c2e047623c740e350c6c44ffeb3e5add124ccd	full-read	2026-08-14T05:25:44Z
tests/server/entry/http/export.test.ts	173	7473	a9fc2eab303f0ba60cec1dcf5a916c7b4a7b3ae83d8e331315e4a7069c52eef9	full-read	2026-08-14T05:25:44Z
tests/server/entry/http/healthz.test.ts	85	3211	956f8b44818d63ccd489eaafc250fc5848a34e5db2526e12000c10d0e0f85af3	full-read	2026-08-14T05:25:44Z
tests/server/entry/http/import-chat.test.ts	270	13127	0dcbab9d16eaf6d3003cb3417767aa98143dd20a60c63f4d980f9abc11dca0a6	full-read	2026-08-14T05:25:44Z
tests/server/entry/http/import-tree.test.ts	270	11650	cde58c168c261721a58549b29963e177118974e62f1c6de887fe2ab4afa127ea	full-read	2026-08-14T05:25:44Z
tests/server/entry/http/join.test.ts	74	2879	a16c93f1c00ee1d042459c5c1917b6f58cc9c3ecc50af59adddcd90714d926b0	full-read	2026-08-14T05:25:44Z
tests/server/entry/http/portability-routes.suite.int.test.ts	198	10479	a79d2ec595103608d661c2e77e9b5f59fd3e6c04ac3f2c1365ba7e0e10f6ce95	full-read	2026-08-14T05:25:44Z
tests/server/entry/http/security-headers.int.test.ts	87	3721	cabbcbe0e5c01eab52d66113c611fb86c27e050b08ea37cfadcb59bf8327ed27	full-read	2026-08-14T05:25:44Z
tests/server/entry/http/security-headers.test.ts	180	9773	1ae2ef3225cd5bdb0bb94277e6aa8ff81f8a0549d5d4952bef70fad2af6ad49a	full-read	2026-08-14T05:25:44Z
tests/server/entry/http/spa.test.ts	149	7423	12149506384fbd702f7dec0ccad7de92858644d82a7a1c8c82ef72b64c6fb54c	full-read	2026-08-14T05:25:44Z
tests/server/entry/http/upload.test.ts	328	14100	7d8d7fb162537a82db636e613cfa60d0efb0cf65540e02ff227835bda1abfda6	full-read	2026-08-14T05:25:44Z
tests/server/entry/import/bundle-round-trip.suite.int.test.ts	1014	50210	77632a5b1bff61255226be2629a6d15d6c5642ed95650b4842b7c799c72cce0b	full-read	2026-08-14T05:25:44Z
tests/server/entry/import/residual-data-round-trip.suite.int.test.ts	140	7127	cb0921d7d43b2cb0d1b15911a41aa59e31f8f64dd211068e55a5ece24d4408a1	full-read	2026-08-14T05:25:44Z
tests/server/entry/import/run-bundle-import.test.ts	205	8892	bc7fbdb9cd8a4763030f15f8cbb3548862e38c9ec36334ca7b4d74ae596282bd	full-read	2026-08-14T05:25:44Z
tests/server/entry/import/run-profile-dir-import.test.ts	784	37327	4e07f024cd604829d1bceb1549edd674274bc90ca46c8873e2ca19147511f0a0	full-read	2026-08-14T05:25:44Z
tests/server/entry/import/run-profile-import.test.ts	219	8518	bbba49c752dc34a44a5fa722d35ffa03dcdb657ee4e0a838c0363ade90f39767	full-read	2026-08-14T05:25:44Z
tests/server/entry/import/sniff-tree-layout.test.ts	82	4852	53aad4941edd32405d012d52980cb6bb7a6b72afa8218056ee1a8519335c0522	full-read	2026-08-14T05:25:44Z
tests/server/entry/import/st-chat-fidelity.suite.int.test.ts	413	22211	7ed4d92b5bdfb78f820c324f5da2e42ba162a9b238e96815fc237cfe98728c67	full-read	2026-08-14T05:25:44Z
tests/server/entry/lifecycle.int.test.ts	91	4053	a596b6ccc6a26b0f9b277218383fb8a4742e8087d30da647e25c603aabf2b113	full-read	2026-08-14T05:25:44Z
tests/server/entry/lifecycle.test.ts	92	4144	ce2ccf0013b61d823c88d84f821a445d43ecb08a53ece0deb92e232a8d09119e	full-read	2026-08-14T05:25:44Z
tests/server/entry/rate-limiter-inversion.suite.int.test.ts	247	13795	ed773260e80ced676e8bd81bd5d4e614f697f08f29a59e58e2bedbbc9c888ec9	full-read	2026-08-14T05:25:44Z
tests/server/entry/session-cookie-parity.suite.test.ts	290	14897	eac183e53360270788409e06e6cef0a68860e3cd0e302faa3869055f8dd5e444	full-read	2026-08-14T05:25:44Z
