kind	lines	bytes	sha256	path	read_at
OWNED	271	10014	690da645cb073b41aebb4f28155e45692d2415e60e3c929cd4727a395c43b411	packages/client/src/features/chat/anchors/character-gallery-dialog.tsx	2026-08-13T23:34:00-06:00
OWNED	23	1082	147973883cad4410f5fdfefea2e24f2e83c69a61d896e70f3dade79c1f2dd59d	packages/client/src/features/chat/anchors/chat-list-anchor.tsx	2026-08-13T23:34:00-06:00
OWNED	133	5573	3a347c10e7095dbc872d2755e0498f2a815461ab1532bad793778a31ce0382e0	packages/client/src/features/chat/anchors/join-invite-dialog.tsx	2026-08-13T23:34:00-06:00
OWNED	22	1077	b9c2dce5fbb6a5782fe1cd62f8743041cf3260fe93fd2f3dc1a1894e618ecdbc	packages/client/src/features/chat/anchors/message-thread-anchor.tsx	2026-08-13T23:34:00-06:00
OWNED	35	2051	56412146be03011b98caa032f1f7434e53df70e358e46d081cf6814660baba29	packages/client/src/features/chat/hooks/attachment-url-context.tsx	2026-08-13T23:34:00-06:00
OWNED	36	2157	a6bce01d9d5cb4727635d39b9bdfc558eda28a51defa8426d4489460b5282219	packages/client/src/features/chat/hooks/attachment-url-provider.tsx	2026-08-13T23:34:00-06:00
OWNED	25	1555	c02c26fb75e8a1f1b1490cab0589dc1c5a1a2409742b937410d8471bf7c52c4e	packages/client/src/features/chat/hooks/choice-send-context.tsx	2026-08-13T23:34:00-06:00
OWNED	29	1984	2dc6a0bf76c8ba47f066a676591878e14f727946d52114da90ba6a56e3629c67	packages/client/src/features/chat/hooks/use-character-gallery.ts	2026-08-13T23:34:00-06:00
OWNED	35	1811	d4005e100f5b249e9c45194bde5f59c7dbbe05ad5060c29c33ac1af2fb8c4ca2	packages/client/src/features/chat/hooks/use-chat-behavior-prefs.ts	2026-08-13T23:34:00-06:00
OWNED	46	2182	ed4ae7453c7620104d064c9241c431cffc0ce733c151f418543c534d92f1a95e	packages/client/src/features/chat/hooks/use-chat-context-state.ts	2026-08-13T23:34:00-06:00
OWNED	68	4337	d7a22a1ba608c0a27bf5fa97007e1499c8d36601cac794b9f361c8adb7786f86	packages/client/src/features/chat/hooks/use-chat-document-mutations.ts	2026-08-13T23:34:00-06:00
OWNED	56	3208	b8a411b8d3c69118baf687cb79809bcf93ff77d18b5185b5448b2c344a47fdca	packages/client/src/features/chat/hooks/use-chat-list-collection.ts	2026-08-13T23:34:00-06:00
OWNED	46	2988	8834751d4622065392cd33f3bef359fbb5e501b3adc44ef531f6034e93b1b66c	packages/client/src/features/chat/hooks/use-chat-portrait-map.ts	2026-08-13T23:34:00-06:00
OWNED	60	2514	8a07518e2e78617a9424f9243d9ee1a228672c6e706ea6abe42628c18ef5e057	packages/client/src/features/chat/hooks/use-chat-row-mutations.ts	2026-08-13T23:34:00-06:00
OWNED	22	1469	fb3aadc9d3b42a102c0846da949895828a4e4b779e3f386340a1d687079c7769	packages/client/src/features/chat/hooks/use-chat-style.ts	2026-08-13T23:34:00-06:00
OWNED	55	2069	3344e0788e170700daabfded8e86c0ced115189fe4ec48eb37592d3a0b7a0b54	packages/client/src/features/chat/hooks/use-composer-attachments.ts	2026-08-13T23:34:00-06:00
OWNED	22	1165	de99708e4ae2ef60153434fe702aa4eb295fbfe08d771fca1fa688d683de01d7	packages/client/src/features/chat/hooks/use-composer-focus.ts	2026-08-13T23:34:00-06:00
OWNED	74	2992	d449301eb0299d0f6af7f8402c9b5a8b6ccd0356b0563d9ea0c5597ba8ac84ba	packages/client/src/features/chat/hooks/use-composer-utilities.ts	2026-08-13T23:34:00-06:00
OWNED	168	9127	3e69bee1a25341f8d7bd538cefa83851a004df9ae889cfca1ebfa867fd2bb4c3	packages/client/src/features/chat/hooks/use-context-panel-mutations.ts	2026-08-13T23:34:00-06:00
OWNED	50	2388	d216b2665b237af51505c6b722e1398fcd7f2fb1ca05cbf32ea41e69f21181f8	packages/client/src/features/chat/hooks/use-continue-turn.ts	2026-08-13T23:34:00-06:00
OWNED	16	998	b6dacd4deb252d1a8d3ad1305aac0af2f9bda6747a72c66d4f945bbcfe2377c7	packages/client/src/features/chat/hooks/use-databank-settings-form.ts	2026-08-13T23:34:00-06:00
OWNED	47	2684	a98f2d8222524290c2a4eb82c13828468fa888da4d824d6f609a6ece557aa5a3	packages/client/src/features/chat/hooks/use-enter-motion.ts	2026-08-13T23:34:00-06:00
OWNED	61	2752	786fbcc6dc7ba03fd1f4e05fd96ba07a1d735960ad3b0aa619ed1a6f715802d8	packages/client/src/features/chat/hooks/use-generate-image.ts	2026-08-13T23:34:00-06:00
OWNED	46	2796	6951765f42b435beda31f25a688b73081c383e03e98cb1aa6a2e6da5eeb674a6	packages/client/src/features/chat/hooks/use-ghost-stream.ts	2026-08-13T23:34:00-06:00
OWNED	446	26928	9d7c900e7337c31de63ca7b61f96e4b3f9ec0e7b90d1951e2fa33f21353f9881	packages/client/src/features/chat/hooks/use-guided-actions.ts	2026-08-13T23:34:00-06:00
OWNED	16	1008	8ac0dc39a328bdf1fa5dbacdf1ba4583a30cc2f4e8d59074eec3490e5d7912b9	packages/client/src/features/chat/hooks/use-imagery-templates-form.ts	2026-08-13T23:34:00-06:00
OWNED	20	1190	81703b852b60249767a2d753bf882c3dea2d81cda018a8b144f94a618a909128	packages/client/src/features/chat/hooks/use-invite-form.ts	2026-08-13T23:34:00-06:00
OWNED	45	2943	4edfa86f5beb6843c2c942e030563eef94835559c2c9a9dc6fa8f0acc286f2ba	packages/client/src/features/chat/hooks/use-invite-mutations.ts	2026-08-13T23:34:00-06:00
OWNED	98	4160	4aec31ee4990b8499afabcb181bc260c6316274d67c1d57d8a7fcd4c229fd908	packages/client/src/features/chat/hooks/use-jump-to-latest.ts	2026-08-13T23:34:00-06:00
OWNED	83	4860	0aceb5f9fd0d07b4ace47457e1a0771de1dbd83df02f6a948e3f2ce942a228e0	packages/client/src/features/chat/hooks/use-membership-mutations.ts	2026-08-13T23:34:00-06:00
OWNED	63	3815	dd41a94dbf831d19cf0f145892f9e171f9ae7dc60086e16514f091f94eaa7c64	packages/client/src/features/chat/hooks/use-message-appearance.ts	2026-08-13T23:34:00-06:00
OWNED	115	5588	6e82a38f70f7aa23983ce729b1c4bef223f5039d278ce6f58ce9758c6564b913	packages/client/src/features/chat/hooks/use-message-items.ts	2026-08-13T23:34:00-06:00
OWNED	77	4421	19661c9ea4007fc36a9b428fbf065902f05ff5c47c13b03c8e13e4f77c41ce25	packages/client/src/features/chat/hooks/use-roster-mutations.ts	2026-08-13T23:34:00-06:00
OWNED	51	3291	c1a77cd11dc132b1619581538a4315f4a59bddacfc691c0ad01401da5f1bda44	packages/client/src/features/chat/hooks/use-send-availability.ts	2026-08-13T23:34:00-06:00
OWNED	139	5984	21671aa967e575335e6821729abce7366122bea73fd55d9f5bbfa2d492775bfd	packages/client/src/features/chat/hooks/use-send-message.ts	2026-08-13T23:34:00-06:00
OWNED	86	4575	51378174334f56f888a09e2f531e38cf8a0fa248b145acb9fec5ebea0d5e9531	packages/client/src/features/chat/hooks/use-slash-commands.tsx	2026-08-13T23:34:00-06:00
OWNED	54	2576	2a2195b4b421e0af1359bdc6cfe693bf0314dd0c98e6e9fca05c7f9426e5d0c5	packages/client/src/features/chat/hooks/use-stop-turn.ts	2026-08-13T23:34:00-06:00
OWNED	55	2903	200feb0c67933318be5affa8ec69b50a654b5ad33f29899a8f52499879dd5a51	packages/client/src/features/chat/hooks/use-swipe-keyboard-nav.ts	2026-08-13T23:34:00-06:00
OWNED	47	2783	99d1cf1c51f913132bb9b809efbb6bfd2ec05c71203b222718c441727045119a	packages/client/src/features/chat/hooks/use-variant-history.ts	2026-08-13T23:34:00-06:00
OWNED	56	3687	4a4e10d88460586c3fe670d5d609bacf10f848c53f075734caf690801f3bd1ee	packages/client/src/features/chat/index.ts	2026-08-13T23:34:00-06:00
OWNED	49	2200	788e10b21c0088f0483f673436304dd1b6838600dd4327da6950c3f526624819	packages/client/src/features/chat/surfaces/chat-landing-surface.tsx	2026-08-13T23:34:00-06:00
OWNED	350	18214	373bbb0255cc32bfaa4f036e5b3ceefc8d2e10a3f389a656328c6629549ec002	packages/client/src/features/chat/surfaces/chat-list-surface.tsx	2026-08-13T23:34:00-06:00
OWNED	220	12424	64e5f2a2b889348d9b59c4b03ff3d0e5ef93bb149bb7bbd5f824aa10ac24f7da	packages/client/src/features/chat/surfaces/chat-room-surface.tsx	2026-08-13T23:34:00-06:00
OWNED	184	7993	5eb897bdebc724049a6399b65a85905775aa2e76cdfe47d47714edf6f0af75c1	packages/client/src/features/chat/surfaces/command-palette-surface.tsx	2026-08-13T23:34:00-06:00
OWNED	442	25944	2133dbf9025a4fdcbb55bd13617d2389172f79616c62a1925a165cf2bae85885	packages/client/src/features/chat/surfaces/message-list-surface.tsx	2026-08-13T23:34:00-06:00
OWNED	93	4079	72431a9b3a91084ef46475c488bea24c62cca5983740b2661e854aa589baf051	packages/client/src/features/chat/surfaces/new-chat-picker-surface.tsx	2026-08-13T23:34:00-06:00
OWNED	2427	112430	968f071e9e8fe33ea090e762cadf7b73f43a7a0f9b97672d0940f2d52c7f8dd2	tests/client/features/chat/_ct-stories.tsx	2026-08-13T23:34:00-06:00
OWNED	55	3112	33e7f2a323e74176ef0edefb11d87d29334856d33872e587402a607a715063a5	tests/client/features/chat/_edge-fade-stories.tsx	2026-08-13T23:34:00-06:00
OWNED	107	5239	c1f6ef101209da887defc99373b2a91bf14958d1e80e5fe96ba05de97359e8c6	tests/client/features/chat/_jump-to-latest-stories.tsx	2026-08-13T23:34:00-06:00
OWNED	99	4548	76875553131cea2cbe4f0ed729201ac94e24a3d7f248a217fa17b1167582b32f	tests/client/features/chat/anchors/character-gallery-dialog.ct.tsx	2026-08-13T23:34:00-06:00
OWNED	76	3719	6b0b460e0f7176a40b07a43e6afd3d8c8726e0573a77efcb6099547a98d0f222	tests/client/features/chat/anchors/join-invite-dialog.ct.tsx	2026-08-13T23:34:00-06:00
OWNED	158	6865	e725346b7f8d564757896cd987eb56b301973f34ecae6b7f901bf11067f4e5f3	tests/client/features/chat/fixtures.ts	2026-08-13T23:34:00-06:00
OWNED	75	3592	0c615d628bf746ad327dada9adba498586fe89dfc8e34061d506639205381063	tests/client/features/chat/hooks/_slash-command-stories.tsx	2026-08-13T23:34:00-06:00
OWNED	24	1274	9842ea270bceb6a42fa465d9dddcfd68ef0cd8624dcb2dc46f46a9e65f9d2372	tests/client/features/chat/hooks/use-message-items.test.ts	2026-08-13T23:34:00-06:00
OWNED	246	13682	458ad229a368a2280b6d0644d3bbde86595362f95b3986f92adb669a6121eb30	tests/client/features/chat/hooks/use-slash-commands.ct.tsx	2026-08-13T23:34:00-06:00
OWNED	38	2202	1fe881ccc04abe4e93b19f7c8d2daf6a581bfcdbde05402a92adb28453ed9461	tests/client/features/chat/surfaces/chat-landing-surface.ct.tsx	2026-08-13T23:34:00-06:00
OWNED	747	45520	eabbcf38f7fbe27d51cf4b8c06e0814d03daab5605b2e86960a851c7b9432af3	tests/client/features/chat/surfaces/chat-list-surface.ct.tsx	2026-08-13T23:34:00-06:00
OWNED	768	42321	5c66b09449cec9930081b0f351f756f6efa9610f6f1b34a69a6a24e1d92d5e74	tests/client/features/chat/surfaces/chat-room-surface.ct.tsx	2026-08-13T23:34:00-06:00
OWNED	87	4680	ecbfb6bc44e104fd0b8c82029ecbbc933158925c1d772305f7df4201224dba76	tests/client/features/chat/surfaces/command-palette-surface.ct.tsx	2026-08-13T23:34:00-06:00
OWNED	623	33832	76665a9b33f916662cdb26a2bb89f5a4f4ae94dbd953358ee2fe59fc1081e5b5	tests/client/features/chat/surfaces/message-list-surface.ct.tsx	2026-08-13T23:34:00-06:00
OWNED	51	2494	9e549c6df6396e29ad3acee0d10a1045e8bbe95ebc914b7369a3005be162c90a	tests/client/features/chat/surfaces/new-chat-picker-surface.ct.tsx	2026-08-13T23:34:00-06:00
