kind	path	expected_lines	actual_lines	expected_bytes	actual_bytes	expected_sha256	actual_sha256	status	hash_drift
OWNED	packages/db/drizzle.config.ts	19	19	1022	1022	7f44e8188a0be15268e7aa2d7e9ceac41209bf8977cee764e578f5c57c5a6b87	7f44e8188a0be15268e7aa2d7e9ceac41209bf8977cee764e578f5c57c5a6b87	full-read	no
OWNED	packages/db/package.json	26	26	488	488	0e4954e4ac5c06abfc6844468b7b2433b86d8333867c9fa52bbef31693d7b4eb	0e4954e4ac5c06abfc6844468b7b2433b86d8333867c9fa52bbef31693d7b4eb	full-read	no
OWNED	packages/db/src/client/index.ts	449	449	24285	24285	786ebf25d437f5489ee7b45f9bc6910f8fbba7477a124ca318d1e26bcd5b0633	786ebf25d437f5489ee7b45f9bc6910f8fbba7477a124ca318d1e26bcd5b0633	full-read	no
OWNED	packages/db/src/custom-types/index.ts	42	42	2321	2321	7281c71d97d9ff137aa8316c8f92760ef7ed90e50551913d78c41c98941e8a89	7281c71d97d9ff137aa8316c8f92760ef7ed90e50551913d78c41c98941e8a89	full-read	no
OWNED	packages/db/src/index.ts	34	34	1853	1853	8cb85e4f4181361bf9a4766859174ab469b7cdd1b4786daf7040649dd7bcda99	8cb85e4f4181361bf9a4766859174ab469b7cdd1b4786daf7040649dd7bcda99	full-read	no
OWNED	packages/db/src/kit/batch.ts	59	59	4309	4309	ba76571a01bdeefce4b3cc7c7a55737bb23ad542602037671a3330c048e6de48	ba76571a01bdeefce4b3cc7c7a55737bb23ad542602037671a3330c048e6de48	full-read	no
OWNED	packages/db/src/kit/db-errors.ts	84	84	3580	3580	c9ec7dbe85d46d15ef29cd870437b0e80ac4fa47e53b9130320f5c305d3b00ee	c9ec7dbe85d46d15ef29cd870437b0e80ac4fa47e53b9130320f5c305d3b00ee	full-read	no
OWNED	packages/db/src/kit/fetch-owned.ts	36	36	1821	1821	dec88666d95a68b0d9b381f35a3802891adee68592b49a7ffa6c06884aa3fc03	dec88666d95a68b0d9b381f35a3802891adee68592b49a7ffa6c06884aa3fc03	full-read	no
OWNED	packages/db/src/kit/index.ts	12	12	792	792	0031d555678ff77e51ac2310f7e1b2715e43aa4a9c197135dec05a6f7ca42bbf	0031d555678ff77e51ac2310f7e1b2715e43aa4a9c197135dec05a6f7ca42bbf	full-read	no
OWNED	packages/db/src/kit/insert-chunk.ts	26	26	1345	1345	46f67d48edfc7c560d689d0097fa6060e024ea6620d4aa334542dd4bf13f28a1	46f67d48edfc7c560d689d0097fa6060e024ea6620d4aa334542dd4bf13f28a1	full-read	no
OWNED	packages/db/src/kit/parsers.ts	34	34	2027	2027	bfb82347925e270f3066404263e610ab88261132d2aba2a967b706c88ec14a38	bfb82347925e270f3066404263e610ab88261132d2aba2a967b706c88ec14a38	full-read	no
OWNED	packages/db/src/migrations/0000_baseline.sql	1362	1362	67486	67486	4646e58f67cde7beefc9f7808acef749f59925391ca1aaaa5ad0153c2e8b981d	4646e58f67cde7beefc9f7808acef749f59925391ca1aaaa5ad0153c2e8b981d	full-read	no
OWNED	packages/db/src/migrations/meta/0000_snapshot.json	8843	8843	253633	253633	5f49b0dd9ee779e7a1b2c8d5cc50d053b0c4815cf5b3f5a7bbdb250269e2b8ad	5f49b0dd9ee779e7a1b2c8d5cc50d053b0c4815cf5b3f5a7bbdb250269e2b8ad	full-read	no
OWNED	packages/db/src/migrations/meta/_journal.json	13	13	199	199	b9d60cf4395cecf0a3a036e25cc7456b0b97c5fd59a04fde269831b316b97b2a	b9d60cf4395cecf0a3a036e25cc7456b0b97c5fd59a04fde269831b316b97b2a	full-read	no
OWNED	packages/db/src/schema/assets.ts	49	49	2974	2974	042b2585d6357dc35560a115bb5fa9e2047413f91df3c9d82471a9178d4c5432	042b2585d6357dc35560a115bb5fa9e2047413f91df3c9d82471a9178d4c5432	full-read	no
OWNED	packages/db/src/schema/audit.ts	41	41	2271	2271	06590c8dc935c5fcc65cbb0697831eeaaedf55048b0fe2f1d0b3945d81d0bbd4	06590c8dc935c5fcc65cbb0697831eeaaedf55048b0fe2f1d0b3945d81d0bbd4	full-read	no
OWNED	packages/db/src/schema/automation.ts	211	211	14442	14442	30be45ac4c164f402cb4058c0cf566a0f8c7ee7921153a7a4ff5ed663a2e453f	30be45ac4c164f402cb4058c0cf566a0f8c7ee7921153a7a4ff5ed663a2e453f	full-read	no
OWNED	packages/db/src/schema/character.ts	193	193	13013	13013	5305641e57eec851ce843160e7a286285488256be77f86939d7ef91192aec5ae	5305641e57eec851ce843160e7a286285488256be77f86939d7ef91192aec5ae	full-read	no
OWNED	packages/db/src/schema/chat.ts	746	746	55754	55754	2d3cf054a2e212dbd4a5d779c20cf86fa89ff70912f74e722709bf4e4113a000	2d3cf054a2e212dbd4a5d779c20cf86fa89ff70912f74e722709bf4e4113a000	full-read	no
OWNED	packages/db/src/schema/credentials.ts	71	71	4397	4397	e9daaab447d7e3ab0381908d06557221cffedcd9431eb239bf925bca19998282	e9daaab447d7e3ab0381908d06557221cffedcd9431eb239bf925bca19998282	full-read	no
OWNED	packages/db/src/schema/databank.ts	137	137	7059	7059	61bc7ebcc1ccbb0dd833652151176a1c513181396654e99f6317b32aea4afe0b	61bc7ebcc1ccbb0dd833652151176a1c513181396654e99f6317b32aea4afe0b	full-read	no
OWNED	packages/db/src/schema/discovery.ts	330	330	22730	22730	b49f6448a8427d3a6b47b7c625762ab422364e417dbaacc6c94e8dc6e08cfb77	b49f6448a8427d3a6b47b7c625762ab422364e417dbaacc6c94e8dc6e08cfb77	full-read	no
OWNED	packages/db/src/schema/embeddings.ts	344	344	23711	23711	3cc518b712fd5cc44a15a11c8c11257b63d09f770de5d3d47fad3e6be2d43e65	3cc518b712fd5cc44a15a11c8c11257b63d09f770de5d3d47fad3e6be2d43e65	full-read	no
OWNED	packages/db/src/schema/gallery.ts	41	41	2459	2459	167be5c1f89897d45d7d72cb9e3aa42a1a69048748932fda7f4e11517bcc86cd	167be5c1f89897d45d7d72cb9e3aa42a1a69048748932fda7f4e11517bcc86cd	full-read	no
OWNED	packages/db/src/schema/imagery.ts	78	78	5230	5230	c058d8798b7095050bd1efaf1d63c443e1af7e852cccc51649da58104c297d5b	c058d8798b7095050bd1efaf1d63c443e1af7e852cccc51649da58104c297d5b	full-read	no
OWNED	packages/db/src/schema/index.ts	38	38	1639	1639	1a12f38c98732f2fbe6eeeebdfa9eeda382ac1a87290453b5fb4884e677e410b	1a12f38c98732f2fbe6eeeebdfa9eeda382ac1a87290453b5fb4884e677e410b	full-read	no
OWNED	packages/db/src/schema/notifications.ts	74	74	4732	4732	b62df26a11930799328f8d9c4810e53640c3fe81f44d4e04555e1cb13a999f30	b62df26a11930799328f8d9c4810e53640c3fe81f44d4e04555e1cb13a999f30	full-read	no
OWNED	packages/db/src/schema/persona.ts	52	52	3151	3151	d708e89bcc892a8969615baa221aad5d700d59d059917f4f2ab39f9e56665942	d708e89bcc892a8969615baa221aad5d700d59d059917f4f2ab39f9e56665942	full-read	no
OWNED	packages/db/src/schema/plugin.ts	98	98	5825	5825	eed723cc32446662ebb9a5ae43b7283a846204ffa399cc09baf1f48b35650286	eed723cc32446662ebb9a5ae43b7283a846204ffa399cc09baf1f48b35650286	full-read	no
OWNED	packages/db/src/schema/preset.ts	71	71	4787	4787	7324d1d81e423d5eb0fd57aefbfbfb9c943de63dec4c02c699775cd6dd7e2cd7	7324d1d81e423d5eb0fd57aefbfbfb9c943de63dec4c02c699775cd6dd7e2cd7	full-read	no
OWNED	packages/db/src/schema/rate-limit.ts	26	26	2005	2005	954ed45f2268230e65aa93ef84cd4e6d70401e81eae354416edc26822bf8ed50	954ed45f2268230e65aa93ef84cd4e6d70401e81eae354416edc26822bf8ed50	full-read	no
OWNED	packages/db/src/schema/refinery.ts	180	180	12289	12289	e27e1e640973dd36140577c16ccc7a696b0a9c446b1578d3459a191fae4fafd8	e27e1e640973dd36140577c16ccc7a696b0a9c446b1578d3459a191fae4fafd8	full-read	no
OWNED	packages/db/src/schema/regex.ts	158	158	10041	10041	98b09391622d773be4da61ac0f6dd72e049db00f946acf2cba24370b96f52d99	98b09391622d773be4da61ac0f6dd72e049db00f946acf2cba24370b96f52d99	full-read	no
OWNED	packages/db/src/schema/relations.ts	22	22	1822	1822	00f00d51612e640230edc69302f22cae0dad92773b010727990e6a12beabc703	00f00d51612e640230edc69302f22cae0dad92773b010727990e6a12beabc703	full-read	no
OWNED	packages/db/src/schema/rpg.ts	370	370	25300	25300	89a293d33a2189fccaaa4aa439a043b0b2a4b09d161a86f4c531255c06fb98bd	89a293d33a2189fccaaa4aa439a043b0b2a4b09d161a86f4c531255c06fb98bd	full-read	no
OWNED	packages/db/src/schema/sdk-session.ts	69	69	5237	5237	0ed33c49ebeb8af738163c0fbf472d42d83263c15616b7354adb94c835e79a52	0ed33c49ebeb8af738163c0fbf472d42d83263c15616b7354adb94c835e79a52	full-read	no
OWNED	packages/db/src/schema/sessions.ts	72	72	4116	4116	51d09bac97b648761e97ca04a42a8c5750fdc0f955b393df00ab5f58e6527a76	51d09bac97b648761e97ca04a42a8c5750fdc0f955b393df00ab5f58e6527a76	full-read	no
OWNED	packages/db/src/schema/settings.ts	82	82	5277	5277	fe9bce51da89fc0ab597a21be8d76dd3dfb8993bef388549b55864094df5cac9	fe9bce51da89fc0ab597a21be8d76dd3dfb8993bef388549b55864094df5cac9	full-read	no
OWNED	packages/db/src/schema/stats.ts	204	204	12451	12451	dc9cac7f4c7fcb51c3d09d44f5bfabff716ba62a5b12fdb3b0dbfb3e3c945f4a	dc9cac7f4c7fcb51c3d09d44f5bfabff716ba62a5b12fdb3b0dbfb3e3c945f4a	full-read	no
OWNED	packages/db/src/schema/tag.ts	241	241	14737	14737	4e3a2a9af82da624ef274ac36c388539b6313bc6beafefb5a02844efb086d321	4e3a2a9af82da624ef274ac36c388539b6313bc6beafefb5a02844efb086d321	full-read	no
OWNED	packages/db/src/schema/users.ts	87	87	6646	6646	cfbaea6a7ef5cbe789cd8c1c6b17b2f3fa1b43ba257491754c5b3bbaa4ffbdc2	cfbaea6a7ef5cbe789cd8c1c6b17b2f3fa1b43ba257491754c5b3bbaa4ffbdc2	full-read	no
OWNED	packages/db/src/schema/workloads.ts	216	216	16547	16547	b63f594af8d0935bf4e822768efa3ca0cf19ab6e0244372b24fd14aed34e17b4	b63f594af8d0935bf4e822768efa3ca0cf19ab6e0244372b24fd14aed34e17b4	full-read	no
OWNED	packages/db/src/schema/world-info.ts	210	210	13304	13304	2423e99df9ed2c28ee3333b7bbf71d1b7aaa8db3b6c9f60e38e8ce7a8bc0951a	2423e99df9ed2c28ee3333b7bbf71d1b7aaa8db3b6c9f60e38e8ce7a8bc0951a	full-read	no
OWNED	packages/db/tsconfig.json	13	13	734	734	6e08b7d06e7a98f2ac2cc5a2940b78bf5299520f22b38ae208c6c73fcfea4a76	6e08b7d06e7a98f2ac2cc5a2940b78bf5299520f22b38ae208c6c73fcfea4a76	full-read	no
OWNED	tests/db/client.int.test.ts	326	326	15871	15871	5da0e77e5f762e23ec88bdb4c69934f33482e024b2ee922b044a0ba85a959c01	5da0e77e5f762e23ec88bdb4c69934f33482e024b2ee922b044a0ba85a959c01	full-read	no
OWNED	tests/db/kit/db-errors.int.test.ts	37	37	1649	1649	e9cb503d66e27a85ad04e69be40999e944a6db419bbe5a6b6d8b95f9657d461f	e9cb503d66e27a85ad04e69be40999e944a6db419bbe5a6b6d8b95f9657d461f	full-read	no
OWNED	tests/db/schema/_support.ts	24	24	1359	1359	4f0d7261a75bb6a2bbb519027f66970387ab993a14805b25ea1aaf90cbe32a81	4f0d7261a75bb6a2bbb519027f66970387ab993a14805b25ea1aaf90cbe32a81	full-read	no
OWNED	tests/db/schema/assets.int.test.ts	117	117	3867	3867	0b4d8e13f82e712f17fe67cb8a5d9072813666506cd3616feb4149475c47f82a	0b4d8e13f82e712f17fe67cb8a5d9072813666506cd3616feb4149475c47f82a	full-read	no
OWNED	tests/db/schema/audit.int.test.ts	75	75	3169	3169	c53c84b6696e50be8d2b9979da55608ce22c0c1c6bb5afcaee1908a5272923dc	c53c84b6696e50be8d2b9979da55608ce22c0c1c6bb5afcaee1908a5272923dc	full-read	no
OWNED	tests/db/schema/automation.int.test.ts	222	222	9968	9968	e7741b51852fd68812eefbd49dc9dc2c5ef557a48491f41eb0d9174ecbcaf66d	e7741b51852fd68812eefbd49dc9dc2c5ef557a48491f41eb0d9174ecbcaf66d	full-read	no
OWNED	tests/db/schema/character.int.test.ts	273	273	11370	11370	761156c80a9b362cb07f3ddd59effc661baa1a0725d0d004e6b2ae0b050835b7	761156c80a9b362cb07f3ddd59effc661baa1a0725d0d004e6b2ae0b050835b7	full-read	no
OWNED	tests/db/schema/chat.int.test.ts	809	809	35030	35030	b20e81e8465da19ad7856a8ecb5b04b9471cb0c411659722cb826645b26b7388	b20e81e8465da19ad7856a8ecb5b04b9471cb0c411659722cb826645b26b7388	full-read	no
OWNED	tests/db/schema/credentials.int.test.ts	155	155	5377	5377	dfe4dde7573acc5051eeea9f0dd6ddec0dfc3832e09462dd54fb9c4a47d175d3	dfe4dde7573acc5051eeea9f0dd6ddec0dfc3832e09462dd54fb9c4a47d175d3	full-read	no
OWNED	tests/db/schema/databank.int.test.ts	189	189	7705	7705	1bdbabffbbd5bc2c282cc9943552d598f3401d0da6cbd94dc002347ad7b80d47	1bdbabffbbd5bc2c282cc9943552d598f3401d0da6cbd94dc002347ad7b80d47	full-read	no
OWNED	tests/db/schema/discovery.int.test.ts	574	574	22713	22713	98231e63976eddf3105c7b7751e0e8c62e6692cf360e25e6b80844edf0f01829	98231e63976eddf3105c7b7751e0e8c62e6692cf360e25e6b80844edf0f01829	full-read	no
OWNED	tests/db/schema/embeddings.int.test.ts	558	558	21416	21416	565fc411a891e366e03d257d53ccd1e7821edbb08452225543e71d7a6e459c2b	565fc411a891e366e03d257d53ccd1e7821edbb08452225543e71d7a6e459c2b	full-read	no
OWNED	tests/db/schema/gallery.int.test.ts	123	123	5507	5507	f75c12c582fe3e42cfb7d59765dd7b75f09c1c57736427a728c4da98411d51d4	f75c12c582fe3e42cfb7d59765dd7b75f09c1c57736427a728c4da98411d51d4	full-read	no
OWNED	tests/db/schema/notifications.int.test.ts	208	208	7940	7940	b34bbb6e71b53ad1f42aaa5a149835f53c22f05692c5bebfe42f468c8291f41d	b34bbb6e71b53ad1f42aaa5a149835f53c22f05692c5bebfe42f468c8291f41d	full-read	no
OWNED	tests/db/schema/persona.int.test.ts	82	82	2947	2947	4904d6aa60cf35bc573c6084914de72899721261b4bb07bb13a90101c088e5fa	4904d6aa60cf35bc573c6084914de72899721261b4bb07bb13a90101c088e5fa	full-read	no
OWNED	tests/db/schema/preset.int.test.ts	104	104	3922	3922	ffa59769236e2f69749686a58edd1f90896eeb3eeee92281281bd7c6d24fbdfe	ffa59769236e2f69749686a58edd1f90896eeb3eeee92281281bd7c6d24fbdfe	full-read	no
OWNED	tests/db/schema/rate-limit.int.test.ts	104	104	4329	4329	1cc104de677b4d2fc5339c3a0f708d9f75a9d03f1f5a0e85427aaa7b4db1adfe	1cc104de677b4d2fc5339c3a0f708d9f75a9d03f1f5a0e85427aaa7b4db1adfe	full-read	no
OWNED	tests/db/schema/refinery.int.test.ts	413	413	17772	17772	cad238c42126a62c3a6226602d1a1b9571ce5a06c4e77313dc7ab45d64dbfc7f	cad238c42126a62c3a6226602d1a1b9571ce5a06c4e77313dc7ab45d64dbfc7f	full-read	no
OWNED	tests/db/schema/rpg.int.test.ts	215	215	12429	12429	49e33ece53308f5789971031898f0268587c8c4039b21e01e0f278e6650495c3	49e33ece53308f5789971031898f0268587c8c4039b21e01e0f278e6650495c3	full-read	no
OWNED	tests/db/schema/sdk-session.int.test.ts	178	178	6222	6222	25d23bfb54f8430f27c4a4bfb8fa85a4a0a3193d2bec4b944a7248eeda284586	25d23bfb54f8430f27c4a4bfb8fa85a4a0a3193d2bec4b944a7248eeda284586	full-read	no
OWNED	tests/db/schema/sessions.int.test.ts	135	135	4350	4350	d627da6edae5f173780ea36d348792c8fc26679774184e16509cf35da84a97bc	d627da6edae5f173780ea36d348792c8fc26679774184e16509cf35da84a97bc	full-read	no
OWNED	tests/db/schema/settings.int.test.ts	184	184	7598	7598	5a755aff17e9265b9e0fbec72c44eb982245e0a9c3efd4b948112f12654b029b	5a755aff17e9265b9e0fbec72c44eb982245e0a9c3efd4b948112f12654b029b	full-read	no
OWNED	tests/db/schema/stats.int.test.ts	338	338	14270	14270	4dd18df610950a02b661d1ea2187c2f2132489268ba6fd4cad6c74bf9debdcf5	4dd18df610950a02b661d1ea2187c2f2132489268ba6fd4cad6c74bf9debdcf5	full-read	no
OWNED	tests/db/schema/tag.int.test.ts	414	414	19103	19103	b74d23dc35782f68fe473264e9a75ef27d843f28fd25ab5f7b13b344acbb6735	b74d23dc35782f68fe473264e9a75ef27d843f28fd25ab5f7b13b344acbb6735	full-read	no
OWNED	tests/db/schema/users.int.test.ts	165	165	6721	6721	688e594958593b595f29980cf3e6248b140c5a8293bf7f0fd4ed27000cf18f77	688e594958593b595f29980cf3e6248b140c5a8293bf7f0fd4ed27000cf18f77	full-read	no
OWNED	tests/db/schema/workloads.int.test.ts	437	437	19491	19491	23349e545e48f86b7231810ece3dd7fd9e8695ee16e8f56add320befe1c2fea3	23349e545e48f86b7231810ece3dd7fd9e8695ee16e8f56add320befe1c2fea3	full-read	no
OWNED	tests/db/schema/world-info.int.test.ts	263	263	13386	13386	ced15432a98201a5b9ec817ae0f583246154dfe2b639c5451fc1eee2188ef9d2	ced15432a98201a5b9ec817ae0f583246154dfe2b639c5451fc1eee2188ef9d2	full-read	no
SHARED	docs/architecture/core/AGENTS.md	343	343	30441	30441	8b50cc7e042e901a95afbc98681e2e8860f9ff83a3d93dfa490ed4fbf0e80140	8b50cc7e042e901a95afbc98681e2e8860f9ff83a3d93dfa490ed4fbf0e80140	full-read	no
SHARED	docs/Mission.md	41	41	1997	1997	1ccac63e31bb369567cd1aa09adf949c4e75023beb8b8846769cf12d8492724f	1ccac63e31bb369567cd1aa09adf949c4e75023beb8b8846769cf12d8492724f	full-read	no
SHARED	docs/architecture/core/Core-0-Architecture-and-Structure.md	257	257	18686	18686	598fb10bebcd28a6755bdc2f7d1910116ee95e049a8e097dff6b7f8bb563ed58	598fb10bebcd28a6755bdc2f7d1910116ee95e049a8e097dff6b7f8bb563ed58	full-read	no
SHARED	docs/architecture/core/Spine-TypeScript-and-Patterns.md	135	135	14977	14977	5d0492cebc9a6affd893f3415ca20cbe21fd96399f426d23fb9892bf43e18126	5d0492cebc9a6affd893f3415ca20cbe21fd96399f426d23fb9892bf43e18126	full-read	no
SHARED	docs/architecture/core/Spine-Testing.md	146	146	19718	19718	c5c30942b2ea90b1985951addfa5ff61138131fcb46dcbf0651d706477a9b0a1	c5c30942b2ea90b1985951addfa5ff61138131fcb46dcbf0651d706477a9b0a1	full-read	no
SHARED	scripts/codemods/ast.ts	4099	4099	223111	223111	3fb787531f2e1456b31b3d78eb39f3c06061999b0f8776119894f7406084b572	3fb787531f2e1456b31b3d78eb39f3c06061999b0f8776119894f7406084b572	full-read	no
SHARED	docs/reviews/repository-audit-2026-08-13/README.md	48	51	2763	3365	31554441235ff1e44794aafbff1d6fa582de6945a12562b61228aa0e96d2669e	738833fde2717dfb3bd6cd1f8bc436a327ca2dc773787a93752480516ced062b	full-read	yes
SHARED	docs/reviews/repository-audit-2026-08-13/RUBRIC.md	89	89	4439	4542	20afbcfd4f2758a0f3d31faa76b436f64c7bdf8704c7e8eb729969bb2e4ea218	04d081b5e7b7816ce1dab862a26eb403af450658c822449aea327d646c2a4ac3	full-read	yes
SHARED	docs/reviews/repository-audit-2026-08-13/REPORT-TEMPLATE.md	73	73	2015	2015	2410c69138e3e9556a43dd602f237da0fed74616dd2c62d66dd382621343be16	2410c69138e3e9556a43dd602f237da0fed74616dd2c62d66dd382621343be16	full-read	no
